/*******************************************************************************
 * Size: 36 px
 * Bpp: 4
 * Opts: --font extras/ttf/InterDisplay-Medium.ttf --range 0x20-0x7F --size 36 --bpp 4 --format lvgl --no-compress -o /home/hk/Desktop/esp32/carcluster/main/fonts/lv_font_inter_36.c
 ******************************************************************************/

#ifdef LV_LVGL_H_INCLUDE_SIMPLE
#include "lvgl.h"
#else
#include "lvgl.h"
#endif

#ifndef LV_FONT_INTER_36
#define LV_FONT_INTER_36 1
#endif

#if LV_FONT_INTER_36

/*-----------------
 *    BITMAPS
 *----------------*/

/*Store the image of the glyphs*/
static LV_ATTRIBUTE_LARGE_CONST const uint8_t glyph_bitmap[] = {
    /* U+0020 " " */

    /* U+0021 "!" */
    0xe, 0xff, 0xf2, 0xd, 0xff, 0xf1, 0xd, 0xff,
    0xf1, 0xd, 0xff, 0xf1, 0xd, 0xff, 0xf0, 0xc,
    0xff, 0xf0, 0xc, 0xff, 0xf0, 0xc, 0xff, 0xf0,
    0xc, 0xff, 0xf0, 0xb, 0xff, 0xf0, 0xb, 0xff,
    0xf0, 0xb, 0xff, 0xf0, 0xb, 0xff, 0xe0, 0xa,
    0xff, 0xe0, 0xa, 0xff, 0xe0, 0xa, 0xff, 0xd0,
    0xa, 0xff, 0xd0, 0x9, 0xff, 0xd0, 0x9, 0xff,
    0xc0, 0x0, 0x0, 0x0, 0x0, 0x0, 0x0, 0x4,
    0xcd, 0x70, 0x1f, 0xff, 0xf4, 0x4f, 0xff, 0xf8,
    0x2f, 0xff, 0xf5, 0x5, 0xee, 0x80,

    /* U+0022 "\"" */
    0x1f, 0xff, 0x60, 0x1f, 0xff, 0x60, 0xff, 0xf6,
    0x0, 0xff, 0xf6, 0xf, 0xff, 0x50, 0xf, 0xff,
    0x50, 0xff, 0xf4, 0x0, 0xff, 0xf4, 0xe, 0xff,
    0x40, 0xe, 0xff, 0x40, 0xdf, 0xf3, 0x0, 0xdf,
    0xf3, 0xc, 0xff, 0x20, 0xd, 0xff, 0x20, 0xcf,
    0xf1, 0x0, 0xcf, 0xf1, 0xb, 0xff, 0x10, 0xb,
    0xff, 0x10, 0x23, 0x30, 0x0, 0x23, 0x30,

    /* U+0023 "#" */
    0x0, 0x0, 0x0, 0x1f, 0xfe, 0x0, 0x0, 0x0,
    0xef, 0xf1, 0x0, 0x0, 0x0, 0x0, 0x4f, 0xfb,
    0x0, 0x0, 0x1, 0xff, 0xf0, 0x0, 0x0, 0x0,
    0x0, 0x6f, 0xf9, 0x0, 0x0, 0x3, 0xff, 0xc0,
    0x0, 0x0, 0x0, 0x0, 0x9f, 0xf6, 0x0, 0x0,
    0x6, 0xff, 0x90, 0x0, 0x0, 0x0, 0x0, 0xcf,
    0xf3, 0x0, 0x0, 0x8, 0xff, 0x70, 0x0, 0x0,
    0x0, 0x0, 0xef, 0xf1, 0x0, 0x0, 0xb, 0xff,
    0x40, 0x0, 0x0, 0x0, 0x1, 0xff, 0xe0, 0x0,
    0x0, 0xe, 0xff, 0x20, 0x0, 0x0, 0xff, 0xff,
    0xff, 0xff, 0xff, 0xff, 0xff, 0xff, 0xff, 0xfc,
    0x3, 0xff, 0xff, 0xff, 0xff, 0xff, 0xff, 0xff,
    0xff, 0xff, 0xf9, 0x5, 0xff, 0xff, 0xff, 0xff,
    0xff, 0xff, 0xff, 0xff, 0xff, 0xf7, 0x0, 0x0,
    0xc, 0xff, 0x30, 0x0, 0x0, 0x8f, 0xf7, 0x0,
    0x0, 0x0, 0x0, 0xe, 0xff, 0x10, 0x0, 0x0,
    0xbf, 0xf4, 0x0, 0x0, 0x0, 0x0, 0x1f, 0xfe,
    0x0, 0x0, 0x0, 0xef, 0xf2, 0x0, 0x0, 0x0,
    0x0, 0x4f, 0xfc, 0x0, 0x0, 0x0, 0xff, 0xf0,
    0x0, 0x0, 0x0, 0x0, 0x6f, 0xf9, 0x0, 0x0,
    0x3, 0xff, 0xc0, 0x0, 0x0, 0x0, 0x0, 0x9f,
    0xf6, 0x0, 0x0, 0x6, 0xff, 0xa0, 0x0, 0x0,
    0x8f, 0xff, 0xff, 0xff, 0xff, 0xff, 0xff, 0xff,
    0xff, 0xff, 0x40, 0xbf, 0xff, 0xff, 0xff, 0xff,
    0xff, 0xff, 0xff, 0xff, 0xff, 0x10, 0xef, 0xff,
    0xff, 0xff, 0xff, 0xff, 0xff, 0xff, 0xff, 0xfe,
    0x0, 0x0, 0x3, 0xff, 0xc0, 0x0, 0x0, 0xf,
    0xff, 0x0, 0x0, 0x0, 0x0, 0x6, 0xff, 0x90,
    0x0, 0x0, 0x3f, 0xfc, 0x0, 0x0, 0x0, 0x0,
    0x9, 0xff, 0x70, 0x0, 0x0, 0x5f, 0xfa, 0x0,
    0x0, 0x0, 0x0, 0xb, 0xff, 0x40, 0x0, 0x0,
    0x8f, 0xf7, 0x0, 0x0, 0x0, 0x0, 0xe, 0xff,
    0x10, 0x0, 0x0, 0xbf, 0xf5, 0x0, 0x0, 0x0,
    0x0, 0x1f, 0xff, 0x0, 0x0, 0x0, 0xdf, 0xf2,
    0x0, 0x0, 0x0, 0x0, 0x3f, 0xfc, 0x0, 0x0,
    0x0, 0xff, 0xf0, 0x0, 0x0, 0x0,

    /* U+0024 "$" */
    0x0, 0x0, 0x0, 0x0, 0x3f, 0xfc, 0x0, 0x0,
    0x0, 0x0, 0x0, 0x0, 0x0, 0x0, 0x3, 0xff,
    0xc0, 0x0, 0x0, 0x0, 0x0, 0x0, 0x0, 0x0,
    0x0, 0x3f, 0xfc, 0x0, 0x0, 0x0, 0x0, 0x0,
    0x0, 0x0, 0x1, 0x59, 0xff, 0xe6, 0x20, 0x0,
    0x0, 0x0, 0x0, 0x0, 0x3b, 0xff, 0xff, 0xff,
    0xff, 0xd5, 0x0, 0x0, 0x0, 0x0, 0x8f, 0xff,
    0xff, 0xff, 0xff, 0xff, 0xfb, 0x0, 0x0, 0x0,
    0x9f, 0xff, 0xff, 0xff, 0xff, 0xff, 0xff, 0xfc,
    0x0, 0x0, 0x4f, 0xff, 0xfc, 0x33, 0xff, 0xc2,
    0xaf, 0xff, 0xf7, 0x0, 0xb, 0xff, 0xf9, 0x0,
    0x3f, 0xfc, 0x0, 0x7f, 0xff, 0xe0, 0x0, 0xff,
    0xff, 0x0, 0x3, 0xff, 0xc0, 0x0, 0xcf, 0xff,
    0x40, 0x1f, 0xff, 0xc0, 0x0, 0x3f, 0xfc, 0x0,
    0x7, 0xff, 0xf6, 0x1, 0xff, 0xfe, 0x0, 0x3,
    0xff, 0xc0, 0x0, 0x28, 0x88, 0x40, 0xf, 0xff,
    0xf6, 0x0, 0x3f, 0xfc, 0x0, 0x0, 0x0, 0x0,
    0x0, 0xaf, 0xff, 0xf9, 0x23, 0xff, 0xc0, 0x0,
    0x0, 0x0, 0x0, 0x2, 0xff, 0xff, 0xff, 0xdf,
    0xfc, 0x0, 0x0, 0x0, 0x0, 0x0, 0x4, 0xef,
    0xff, 0xff, 0xff, 0xfc, 0x72, 0x0, 0x0, 0x0,
    0x0, 0x1, 0xaf, 0xff, 0xff, 0xff, 0xff, 0xfc,
    0x40, 0x0, 0x0, 0x0, 0x0, 0x17, 0xcf, 0xff,
    0xff, 0xff, 0xff, 0xb0, 0x0, 0x0, 0x0, 0x0,
    0x0, 0x3f, 0xff, 0xff, 0xff, 0xff, 0xc0, 0x0,
    0x0, 0x0, 0x0, 0x3, 0xff, 0xc1, 0x6d, 0xff,
    0xff, 0x70, 0x0, 0x0, 0x0, 0x0, 0x3f, 0xfc,
    0x0, 0xa, 0xff, 0xfe, 0x5, 0x88, 0x81, 0x0,
    0x3, 0xff, 0xc0, 0x0, 0xe, 0xff, 0xf2, 0x9f,
    0xff, 0x40, 0x0, 0x3f, 0xfc, 0x0, 0x0, 0xbf,
    0xff, 0x37, 0xff, 0xf8, 0x0, 0x3, 0xff, 0xc0,
    0x0, 0xb, 0xff, 0xf2, 0x3f, 0xff, 0xe1, 0x0,
    0x3f, 0xfc, 0x0, 0x1, 0xff, 0xff, 0x0, 0xdf,
    0xff, 0xb0, 0x3, 0xff, 0xc0, 0x1, 0xcf, 0xff,
    0xb0, 0x4, 0xff, 0xff, 0xe7, 0x5f, 0xfc, 0x37,
    0xef, 0xff, 0xf3, 0x0, 0x8, 0xff, 0xff, 0xff,
    0xff, 0xff, 0xff, 0xff, 0xf6, 0x0, 0x0, 0x6,
    0xff, 0xff, 0xff, 0xff, 0xff, 0xff, 0xf5, 0x0,
    0x0, 0x0, 0x1, 0x9e, 0xff, 0xff, 0xff, 0xfe,
    0x81, 0x0, 0x0, 0x0, 0x0, 0x0, 0x2, 0x7f,
    0xfe, 0x52, 0x0, 0x0, 0x0, 0x0, 0x0, 0x0,
    0x0, 0x3, 0xff, 0xc0, 0x0, 0x0, 0x0, 0x0,
    0x0, 0x0, 0x0, 0x0, 0x3f, 0xfc, 0x0, 0x0,
    0x0, 0x0, 0x0, 0x0, 0x0, 0x0, 0x3, 0xff,
    0xc0, 0x0, 0x0, 0x0, 0x0,

    /* U+0025 "%" */
    0x0, 0x7, 0xdf, 0xec, 0x70, 0x0, 0x0, 0x0,
    0x0, 0x0, 0x4f, 0xfe, 0x10, 0x0, 0x2, 0xdf,
    0xff, 0xff, 0xfc, 0x10, 0x0, 0x0, 0x0, 0x1,
    0xef, 0xf5, 0x0, 0x0, 0xd, 0xff, 0xfa, 0xbf,
    0xff, 0xb0, 0x0, 0x0, 0x0, 0xa, 0xff, 0xa0,
    0x0, 0x0, 0x5f, 0xfe, 0x10, 0x2, 0xff, 0xf3,
    0x0, 0x0, 0x0, 0x6f, 0xfe, 0x10, 0x0, 0x0,
    0x9f, 0xf7, 0x0, 0x0, 0x9f, 0xf7, 0x0, 0x0,
    0x1, 0xff, 0xf4, 0x0, 0x0, 0x0, 0xaf, 0xf5,
    0x0, 0x0, 0x7f, 0xf9, 0x0, 0x0, 0xc, 0xff,
    0x90, 0x0, 0x0, 0x0, 0xaf, 0xf6, 0x0, 0x0,
    0x8f, 0xf8, 0x0, 0x0, 0x7f, 0xfd, 0x0, 0x0,
    0x0, 0x0, 0x8f, 0xfa, 0x0, 0x0, 0xcf, 0xf6,
    0x0, 0x2, 0xff, 0xf3, 0x0, 0x0, 0x0, 0x0,
    0x2f, 0xff, 0x71, 0x18, 0xff, 0xf1, 0x0, 0xd,
    0xff, 0x70, 0x0, 0x0, 0x0, 0x0, 0x8, 0xff,
    0xff, 0xff, 0xff, 0x70, 0x0, 0x8f, 0xfc, 0x0,
    0x0, 0x0, 0x0, 0x0, 0x0, 0x8f, 0xff, 0xff,
    0xf7, 0x0, 0x3, 0xff, 0xf2, 0x0, 0x0, 0x0,
    0x0, 0x0, 0x0, 0x1, 0x68, 0x86, 0x10, 0x0,
    0xd, 0xff, 0x60, 0x0, 0x0, 0x0, 0x0, 0x0,
    0x0, 0x0, 0x0, 0x0, 0x0, 0x0, 0x9f, 0xfb,
    0x0, 0x0, 0x0, 0x0, 0x0, 0x0, 0x0, 0x0,
    0x0, 0x0, 0x0, 0x4, 0xff, 0xe1, 0x0, 0x29,
    0xdf, 0xea, 0x20, 0x0, 0x0, 0x0, 0x0, 0x0,
    0x0, 0x1e, 0xff, 0x50, 0x4, 0xef, 0xff, 0xff,
    0xf5, 0x0, 0x0, 0x0, 0x0, 0x0, 0x0, 0xaf,
    0xfa, 0x0, 0x1e, 0xff, 0xda, 0xdf, 0xff, 0x20,
    0x0, 0x0, 0x0, 0x0, 0x6, 0xff, 0xe1, 0x0,
    0x8f, 0xfb, 0x0, 0xa, 0xff, 0xa0, 0x0, 0x0,
    0x0, 0x0, 0x1f, 0xff, 0x40, 0x0, 0xdf, 0xf3,
    0x0, 0x1, 0xff, 0xf0, 0x0, 0x0, 0x0, 0x0,
    0xcf, 0xf9, 0x0, 0x0, 0xff, 0xf0, 0x0, 0x0,
    0xef, 0xf2, 0x0, 0x0, 0x0, 0x7, 0xff, 0xd0,
    0x0, 0x1, 0xff, 0xf0, 0x0, 0x0, 0xdf, 0xf3,
    0x0, 0x0, 0x0, 0x2f, 0xff, 0x30, 0x0, 0x0,
    0xff, 0xf0, 0x0, 0x0, 0xef, 0xf2, 0x0, 0x0,
    0x0, 0xdf, 0xf7, 0x0, 0x0, 0x0, 0xef, 0xf3,
    0x0, 0x1, 0xff, 0xf0, 0x0, 0x0, 0x8, 0xff,
    0xc0, 0x0, 0x0, 0x0, 0x8f, 0xfb, 0x0, 0xa,
    0xff, 0xa0, 0x0, 0x0, 0x3f, 0xff, 0x20, 0x0,
    0x0, 0x0, 0x1e, 0xff, 0xea, 0xdf, 0xff, 0x20,
    0x0, 0x0, 0xdf, 0xf6, 0x0, 0x0, 0x0, 0x0,
    0x4, 0xff, 0xff, 0xff, 0xf5, 0x0, 0x0, 0x9,
    0xff, 0xb0, 0x0, 0x0, 0x0, 0x0, 0x0, 0x29,
    0xdf, 0xea, 0x30, 0x0,

    /* U+0026 "&" */
    0x0, 0x0, 0x3, 0xad, 0xff, 0xd8, 0x20, 0x0,
    0x0, 0x0, 0x0, 0x0, 0x0, 0x9f, 0xff, 0xff,
    0xff, 0xf7, 0x0, 0x0, 0x0, 0x0, 0x0, 0x9,
    0xff, 0xff, 0xff, 0xff, 0xff, 0x60, 0x0, 0x0,
    0x0, 0x0, 0x2f, 0xff, 0xf8, 0x33, 0x9f, 0xff,
    0xe0, 0x0, 0x0, 0x0, 0x0, 0x8f, 0xff, 0x60,
    0x0, 0x8, 0xff, 0xf4, 0x0, 0x0, 0x0, 0x0,
    0xaf, 0xff, 0x0, 0x0, 0x2, 0xff, 0xf6, 0x0,
    0x0, 0x0, 0x0, 0x9f, 0xfe, 0x0, 0x0, 0x2,
    0xff, 0xf4, 0x0, 0x0, 0x0, 0x0, 0x7f, 0xff,
    0x20, 0x0, 0x9, 0xff, 0xf0, 0x0, 0x0, 0x0,
    0x0, 0x1f, 0xff, 0xa0, 0x0, 0x7f, 0xff, 0x80,
    0x0, 0x0, 0x0, 0x0, 0x8, 0xff, 0xf5, 0xa,
    0xff, 0xfc, 0x0, 0x0, 0x0, 0x0, 0x0, 0x0,
    0xdf, 0xff, 0xdf, 0xff, 0xb0, 0x0, 0x0, 0x0,
    0x0, 0x0, 0x0, 0x2f, 0xff, 0xff, 0xf8, 0x0,
    0x0, 0x0, 0x0, 0x0, 0x0, 0x0, 0x6f, 0xff,
    0xff, 0x60, 0x0, 0x0, 0x0, 0x0, 0x0, 0x0,
    0xa, 0xff, 0xff, 0xff, 0xe1, 0x0, 0x0, 0x0,
    0x0, 0x0, 0x0, 0xcf, 0xff, 0xfa, 0xff, 0xfc,
    0x0, 0x0, 0x7d, 0xdc, 0x0, 0xa, 0xff, 0xfd,
    0x20, 0xaf, 0xff, 0xb0, 0x0, 0x9f, 0xfc, 0x0,
    0x4f, 0xff, 0xd1, 0x0, 0xc, 0xff, 0xf9, 0x0,
    0xdf, 0xfa, 0x0, 0xaf, 0xff, 0x40, 0x0, 0x1,
    0xdf, 0xff, 0x73, 0xff, 0xf7, 0x0, 0xcf, 0xff,
    0x0, 0x0, 0x0, 0x1e, 0xff, 0xfd, 0xff, 0xf2,
    0x0, 0xcf, 0xff, 0x0, 0x0, 0x0, 0x3, 0xff,
    0xff, 0xff, 0xb0, 0x0, 0xaf, 0xff, 0x70, 0x0,
    0x0, 0x0, 0x4f, 0xff, 0xff, 0x20, 0x0, 0x5f,
    0xff, 0xf4, 0x0, 0x0, 0x0, 0x6f, 0xff, 0xfe,
    0x10, 0x0, 0xc, 0xff, 0xff, 0xa5, 0x33, 0x7c,
    0xff, 0xff, 0xff, 0xb0, 0x0, 0x1, 0xdf, 0xff,
    0xff, 0xff, 0xff, 0xff, 0xfd, 0xff, 0xf7, 0x0,
    0x0, 0x1a, 0xff, 0xff, 0xff, 0xff, 0xfd, 0x41,
    0xef, 0xff, 0x40, 0x0, 0x0, 0x38, 0xce, 0xfe,
    0xd9, 0x40, 0x0, 0x3f, 0xff, 0xe2,

    /* U+0027 "'" */
    0x1f, 0xff, 0x60, 0xff, 0xf6, 0xf, 0xff, 0x50,
    0xff, 0xf4, 0xe, 0xff, 0x40, 0xdf, 0xf3, 0xc,
    0xff, 0x20, 0xcf, 0xf1, 0xb, 0xff, 0x10, 0x23,
    0x30,

    /* U+0028 "(" */
    0x0, 0x0, 0x6b, 0xbb, 0x10, 0x0, 0x1e, 0xff,
    0xb0, 0x0, 0x8, 0xff, 0xf4, 0x0, 0x0, 0xef,
    0xfe, 0x0, 0x0, 0x4f, 0xff, 0x80, 0x0, 0xa,
    0xff, 0xf2, 0x0, 0x0, 0xef, 0xfe, 0x0, 0x0,
    0x3f, 0xff, 0x90, 0x0, 0x7, 0xff, 0xf5, 0x0,
    0x0, 0xaf, 0xff, 0x20, 0x0, 0xe, 0xff, 0xe0,
    0x0, 0x1, 0xff, 0xfb, 0x0, 0x0, 0x3f, 0xff,
    0x90, 0x0, 0x5, 0xff, 0xf7, 0x0, 0x0, 0x6f,
    0xff, 0x50, 0x0, 0x7, 0xff, 0xf4, 0x0, 0x0,
    0x8f, 0xff, 0x30, 0x0, 0x8, 0xff, 0xf3, 0x0,
    0x0, 0x8f, 0xff, 0x40, 0x0, 0x7, 0xff, 0xf5,
    0x0, 0x0, 0x6f, 0xff, 0x60, 0x0, 0x4, 0xff,
    0xf8, 0x0, 0x0, 0x2f, 0xff, 0xb0, 0x0, 0x0,
    0xff, 0xfe, 0x0, 0x0, 0xc, 0xff, 0xf1, 0x0,
    0x0, 0x8f, 0xff, 0x50, 0x0, 0x3, 0xff, 0xfa,
    0x0, 0x0, 0xe, 0xff, 0xf0, 0x0, 0x0, 0x8f,
    0xff, 0x50, 0x0, 0x2, 0xff, 0xfb, 0x0, 0x0,
    0xa, 0xff, 0xf2, 0x0, 0x0, 0x2f, 0xff, 0x90,
    0x0, 0x0, 0xaf, 0xff, 0x10,

    /* U+0029 ")" */
    0xa, 0xbb, 0x80, 0x0, 0x0, 0x8f, 0xff, 0x20,
    0x0, 0x2, 0xff, 0xfa, 0x0, 0x0, 0xb, 0xff,
    0xf1, 0x0, 0x0, 0x6f, 0xff, 0x60, 0x0, 0x1,
    0xff, 0xfc, 0x0, 0x0, 0xc, 0xff, 0xf1, 0x0,
    0x0, 0x7f, 0xff, 0x50, 0x0, 0x3, 0xff, 0xf9,
    0x0, 0x0, 0xf, 0xff, 0xd0, 0x0, 0x0, 0xcf,
    0xff, 0x0, 0x0, 0x9, 0xff, 0xf3, 0x0, 0x0,
    0x7f, 0xff, 0x50, 0x0, 0x5, 0xff, 0xf7, 0x0,
    0x0, 0x3f, 0xff, 0x90, 0x0, 0x2, 0xff, 0xfa,
    0x0, 0x0, 0x1f, 0xff, 0xa0, 0x0, 0x1, 0xff,
    0xfb, 0x0, 0x0, 0x1f, 0xff, 0xa0, 0x0, 0x3,
    0xff, 0xfa, 0x0, 0x0, 0x4f, 0xff, 0x80, 0x0,
    0x5, 0xff, 0xf7, 0x0, 0x0, 0x9f, 0xff, 0x40,
    0x0, 0xc, 0xff, 0xf2, 0x0, 0x0, 0xff, 0xfe,
    0x0, 0x0, 0x3f, 0xff, 0xa0, 0x0, 0x8, 0xff,
    0xf5, 0x0, 0x0, 0xdf, 0xff, 0x10, 0x0, 0x3f,
    0xff, 0xa0, 0x0, 0x9, 0xff, 0xf4, 0x0, 0x0,
    0xff, 0xfd, 0x0, 0x0, 0x6f, 0xff, 0x50, 0x0,
    0xd, 0xff, 0xc0, 0x0, 0x0,

    /* U+002A "*" */
    0x0, 0x0, 0x0, 0x8f, 0xf3, 0x0, 0x0, 0x0,
    0x0, 0x0, 0x7, 0xff, 0x20, 0x0, 0x0, 0x0,
    0x40, 0x0, 0x6f, 0xf1, 0x0, 0x4, 0x0, 0x7f,
    0xa1, 0x6, 0xff, 0x0, 0x3d, 0xf2, 0xe, 0xff,
    0xe5, 0x5f, 0xf0, 0x8f, 0xff, 0xa0, 0x4c, 0xff,
    0xfd, 0xff, 0xef, 0xff, 0xa2, 0x0, 0x5, 0xdf,
    0xff, 0xff, 0xfa, 0x20, 0x0, 0x0, 0x1, 0xdf,
    0xff, 0xf9, 0x0, 0x0, 0x0, 0x18, 0xff, 0xff,
    0xff, 0xfd, 0x50, 0x0, 0x8f, 0xff, 0xfb, 0xff,
    0xaf, 0xff, 0xd5, 0xd, 0xff, 0xb2, 0x5f, 0xf0,
    0x5e, 0xff, 0x80, 0x4e, 0x60, 0x6, 0xff, 0x10,
    0x9, 0xe0, 0x0, 0x10, 0x0, 0x7f, 0xf1, 0x0,
    0x1, 0x0, 0x0, 0x0, 0x7, 0xff, 0x20, 0x0,
    0x0, 0x0, 0x0, 0x0, 0x6c, 0xc2, 0x0, 0x0,
    0x0,

    /* U+002B "+" */
    0x0, 0x0, 0x0, 0x3, 0xff, 0xf2, 0x0, 0x0,
    0x0, 0x0, 0x0, 0x0, 0x0, 0x3f, 0xff, 0x20,
    0x0, 0x0, 0x0, 0x0, 0x0, 0x0, 0x3, 0xff,
    0xf2, 0x0, 0x0, 0x0, 0x0, 0x0, 0x0, 0x0,
    0x3f, 0xff, 0x20, 0x0, 0x0, 0x0, 0x0, 0x0,
    0x0, 0x3, 0xff, 0xf2, 0x0, 0x0, 0x0, 0x0,
    0x0, 0x0, 0x0, 0x3f, 0xff, 0x20, 0x0, 0x0,
    0x0, 0x0, 0x0, 0x0, 0x3, 0xff, 0xf2, 0x0,
    0x0, 0x0, 0x2, 0xff, 0xff, 0xff, 0xff, 0xff,
    0xff, 0xff, 0xff, 0xf1, 0x2f, 0xff, 0xff, 0xff,
    0xff, 0xff, 0xff, 0xff, 0xff, 0x12, 0xff, 0xff,
    0xff, 0xff, 0xff, 0xff, 0xff, 0xff, 0xf1, 0x3,
    0x33, 0x33, 0x36, 0xff, 0xf5, 0x33, 0x33, 0x33,
    0x0, 0x0, 0x0, 0x0, 0x3f, 0xff, 0x20, 0x0,
    0x0, 0x0, 0x0, 0x0, 0x0, 0x3, 0xff, 0xf2,
    0x0, 0x0, 0x0, 0x0, 0x0, 0x0, 0x0, 0x3f,
    0xff, 0x20, 0x0, 0x0, 0x0, 0x0, 0x0, 0x0,
    0x3, 0xff, 0xf2, 0x0, 0x0, 0x0, 0x0, 0x0,
    0x0, 0x0, 0x3f, 0xff, 0x20, 0x0, 0x0, 0x0,
    0x0, 0x0, 0x0, 0x3, 0xff, 0xf2, 0x0, 0x0,
    0x0, 0x0, 0x0, 0x0, 0x0, 0x4, 0x44, 0x0,
    0x0, 0x0, 0x0,

    /* U+002C "," */
    0x0, 0xbf, 0xff, 0x0, 0xd, 0xff, 0xc0, 0x0,
    0xff, 0xf7, 0x0, 0x2f, 0xff, 0x20, 0x5, 0xff,
    0xe0, 0x0, 0x8f, 0xf9, 0x0, 0xa, 0xff, 0x50,
    0x0, 0xdf, 0xf0, 0x0, 0xf, 0xfb, 0x0, 0x0,

    /* U+002D "-" */
    0x44, 0x44, 0x44, 0x44, 0x44, 0x42, 0xff, 0xff,
    0xff, 0xff, 0xff, 0xfa, 0xff, 0xff, 0xff, 0xff,
    0xff, 0xfa, 0xff, 0xff, 0xff, 0xff, 0xff, 0xfa,

    /* U+002E "." */
    0x4, 0xcd, 0x60, 0x1f, 0xff, 0xf4, 0x4f, 0xff,
    0xf8, 0x2f, 0xff, 0xf5, 0x5, 0xee, 0x80,

    /* U+002F "/" */
    0x0, 0x0, 0x0, 0x0, 0x38, 0x87, 0x0, 0x0,
    0x0, 0x0, 0xaf, 0xfb, 0x0, 0x0, 0x0, 0x0,
    0xef, 0xf7, 0x0, 0x0, 0x0, 0x2, 0xff, 0xf2,
    0x0, 0x0, 0x0, 0x7, 0xff, 0xe0, 0x0, 0x0,
    0x0, 0xb, 0xff, 0xa0, 0x0, 0x0, 0x0, 0xf,
    0xff, 0x60, 0x0, 0x0, 0x0, 0x4f, 0xff, 0x10,
    0x0, 0x0, 0x0, 0x8f, 0xfd, 0x0, 0x0, 0x0,
    0x0, 0xcf, 0xf9, 0x0, 0x0, 0x0, 0x1, 0xff,
    0xf4, 0x0, 0x0, 0x0, 0x5, 0xff, 0xf0, 0x0,
    0x0, 0x0, 0x9, 0xff, 0xc0, 0x0, 0x0, 0x0,
    0xd, 0xff, 0x80, 0x0, 0x0, 0x0, 0x2f, 0xff,
    0x30, 0x0, 0x0, 0x0, 0x6f, 0xff, 0x0, 0x0,
    0x0, 0x0, 0xaf, 0xfb, 0x0, 0x0, 0x0, 0x0,
    0xef, 0xf6, 0x0, 0x0, 0x0, 0x3, 0xff, 0xf2,
    0x0, 0x0, 0x0, 0x7, 0xff, 0xe0, 0x0, 0x0,
    0x0, 0xb, 0xff, 0xa0, 0x0, 0x0, 0x0, 0xf,
    0xff, 0x50, 0x0, 0x0, 0x0, 0x4f, 0xff, 0x10,
    0x0, 0x0, 0x0, 0x8f, 0xfd, 0x0, 0x0, 0x0,
    0x0, 0xcf, 0xf8, 0x0, 0x0, 0x0, 0x1, 0xff,
    0xf4, 0x0, 0x0, 0x0, 0x5, 0xff, 0xf0, 0x0,
    0x0, 0x0, 0x9, 0xff, 0xc0, 0x0, 0x0, 0x0,
    0xe, 0xff, 0x70, 0x0, 0x0, 0x0, 0x2f, 0xff,
    0x30, 0x0, 0x0, 0x0, 0x6f, 0xfe, 0x0, 0x0,
    0x0, 0x0, 0xaf, 0xfa, 0x0, 0x0, 0x0, 0x0,

    /* U+0030 "0" */
    0x0, 0x0, 0x0, 0x39, 0xdf, 0xfe, 0xb6, 0x10,
    0x0, 0x0, 0x0, 0x0, 0x1, 0xbf, 0xff, 0xff,
    0xff, 0xfe, 0x50, 0x0, 0x0, 0x0, 0x2, 0xef,
    0xff, 0xff, 0xff, 0xff, 0xff, 0x80, 0x0, 0x0,
    0x0, 0xdf, 0xff, 0xfa, 0x65, 0x8d, 0xff, 0xff,
    0x60, 0x0, 0x0, 0x9f, 0xff, 0xd2, 0x0, 0x0,
    0x8, 0xff, 0xff, 0x10, 0x0, 0x1f, 0xff, 0xf2,
    0x0, 0x0, 0x0, 0x9, 0xff, 0xf9, 0x0, 0x8,
    0xff, 0xf7, 0x0, 0x0, 0x0, 0x0, 0xe, 0xff,
    0xf0, 0x0, 0xdf, 0xff, 0x0, 0x0, 0x0, 0x0,
    0x0, 0x7f, 0xff, 0x50, 0x1f, 0xff, 0xa0, 0x0,
    0x0, 0x0, 0x0, 0x2, 0xff, 0xf9, 0x4, 0xff,
    0xf6, 0x0, 0x0, 0x0, 0x0, 0x0, 0xe, 0xff,
    0xd0, 0x6f, 0xff, 0x40, 0x0, 0x0, 0x0, 0x0,
    0x0, 0xcf, 0xff, 0x8, 0xff, 0xf2, 0x0, 0x0,
    0x0, 0x0, 0x0, 0xa, 0xff, 0xf0, 0x8f, 0xff,
    0x20, 0x0, 0x0, 0x0, 0x0, 0x0, 0x9f, 0xff,
    0x18, 0xff, 0xf2, 0x0, 0x0, 0x0, 0x0, 0x0,
    0x9, 0xff, 0xf1, 0x8f, 0xff, 0x20, 0x0, 0x0,
    0x0, 0x0, 0x0, 0xaf, 0xff, 0x7, 0xff, 0xf4,
    0x0, 0x0, 0x0, 0x0, 0x0, 0xc, 0xff, 0xf0,
    0x4f, 0xff, 0x60, 0x0, 0x0, 0x0, 0x0, 0x0,
    0xef, 0xfd, 0x1, 0xff, 0xfa, 0x0, 0x0, 0x0,
    0x0, 0x0, 0x2f, 0xff, 0x90, 0xd, 0xff, 0xf0,
    0x0, 0x0, 0x0, 0x0, 0x7, 0xff, 0xf5, 0x0,
    0x8f, 0xff, 0x70, 0x0, 0x0, 0x0, 0x0, 0xef,
    0xff, 0x0, 0x1, 0xff, 0xfe, 0x20, 0x0, 0x0,
    0x0, 0x9f, 0xff, 0x90, 0x0, 0x9, 0xff, 0xfd,
    0x20, 0x0, 0x0, 0x8f, 0xff, 0xf1, 0x0, 0x0,
    0xd, 0xff, 0xff, 0xa6, 0x57, 0xdf, 0xff, 0xf6,
    0x0, 0x0, 0x0, 0x2e, 0xff, 0xff, 0xff, 0xff,
    0xff, 0xf8, 0x0, 0x0, 0x0, 0x0, 0x1b, 0xff,
    0xff, 0xff, 0xff, 0xe6, 0x0, 0x0, 0x0, 0x0,
    0x0, 0x3, 0x9d, 0xff, 0xeb, 0x71, 0x0, 0x0,
    0x0,

    /* U+0031 "1" */
    0x0, 0x0, 0x0, 0x7f, 0xff, 0xf0, 0x0, 0x2,
    0xcf, 0xff, 0xff, 0x0, 0x8, 0xff, 0xff, 0xff,
    0xf0, 0x3d, 0xff, 0xff, 0xff, 0xff, 0x2f, 0xff,
    0xfd, 0x3c, 0xff, 0xf3, 0xff, 0xf8, 0x0, 0xcf,
    0xff, 0x3f, 0xd3, 0x0, 0xc, 0xff, 0xf2, 0x70,
    0x0, 0x0, 0xcf, 0xff, 0x0, 0x0, 0x0, 0xc,
    0xff, 0xf0, 0x0, 0x0, 0x0, 0xcf, 0xff, 0x0,
    0x0, 0x0, 0xc, 0xff, 0xf0, 0x0, 0x0, 0x0,
    0xcf, 0xff, 0x0, 0x0, 0x0, 0xc, 0xff, 0xf0,
    0x0, 0x0, 0x0, 0xcf, 0xff, 0x0, 0x0, 0x0,
    0xc, 0xff, 0xf0, 0x0, 0x0, 0x0, 0xcf, 0xff,
    0x0, 0x0, 0x0, 0xc, 0xff, 0xf0, 0x0, 0x0,
    0x0, 0xcf, 0xff, 0x0, 0x0, 0x0, 0xc, 0xff,
    0xf0, 0x0, 0x0, 0x0, 0xcf, 0xff, 0x0, 0x0,
    0x0, 0xc, 0xff, 0xf0, 0x0, 0x0, 0x0, 0xcf,
    0xff, 0x0, 0x0, 0x0, 0xc, 0xff, 0xf0, 0x0,
    0x0, 0x0, 0xcf, 0xff, 0x0, 0x0, 0x0, 0xc,
    0xff, 0xf0, 0x0, 0x0, 0x0, 0xcf, 0xff,

    /* U+0032 "2" */
    0x0, 0x0, 0x3, 0x9d, 0xff, 0xec, 0x72, 0x0,
    0x0, 0x0, 0x0, 0x1b, 0xff, 0xff, 0xff, 0xff,
    0xf9, 0x0, 0x0, 0x0, 0x2e, 0xff, 0xff, 0xff,
    0xff, 0xff, 0xfd, 0x0, 0x0, 0xc, 0xff, 0xff,
    0x96, 0x56, 0xbf, 0xff, 0xfb, 0x0, 0x8, 0xff,
    0xfc, 0x10, 0x0, 0x0, 0x3e, 0xff, 0xf5, 0x0,
    0xef, 0xfe, 0x10, 0x0, 0x0, 0x0, 0x4f, 0xff,
    0xb0, 0x3f, 0xff, 0x80, 0x0, 0x0, 0x0, 0x0,
    0xdf, 0xff, 0x6, 0xff, 0xf4, 0x0, 0x0, 0x0,
    0x0, 0xa, 0xff, 0xf0, 0x6e, 0xee, 0x20, 0x0,
    0x0, 0x0, 0x0, 0xaf, 0xff, 0x0, 0x0, 0x0,
    0x0, 0x0, 0x0, 0x0, 0xd, 0xff, 0xd0, 0x0,
    0x0, 0x0, 0x0, 0x0, 0x0, 0x3, 0xff, 0xf9,
    0x0, 0x0, 0x0, 0x0, 0x0, 0x0, 0x0, 0xdf,
    0xff, 0x20, 0x0, 0x0, 0x0, 0x0, 0x0, 0x0,
    0xbf, 0xff, 0x80, 0x0, 0x0, 0x0, 0x0, 0x0,
    0x0, 0xbf, 0xff, 0xb0, 0x0, 0x0, 0x0, 0x0,
    0x0, 0x1, 0xcf, 0xff, 0xc0, 0x0, 0x0, 0x0,
    0x0, 0x0, 0x2, 0xdf, 0xff, 0xc1, 0x0, 0x0,
    0x0, 0x0, 0x0, 0x3, 0xef, 0xff, 0xb0, 0x0,
    0x0, 0x0, 0x0, 0x0, 0x5, 0xff, 0xff, 0xa0,
    0x0, 0x0, 0x0, 0x0, 0x0, 0x7, 0xff, 0xff,
    0x80, 0x0, 0x0, 0x0, 0x0, 0x0, 0x9, 0xff,
    0xff, 0x60, 0x0, 0x0, 0x0, 0x0, 0x0, 0xb,
    0xff, 0xff, 0x40, 0x0, 0x0, 0x0, 0x0, 0x0,
    0x1d, 0xff, 0xfe, 0x30, 0x0, 0x0, 0x0, 0x0,
    0x0, 0x2e, 0xff, 0xff, 0x75, 0x55, 0x55, 0x55,
    0x55, 0x55, 0x18, 0xff, 0xff, 0xff, 0xff, 0xff,
    0xff, 0xff, 0xff, 0xf3, 0x8f, 0xff, 0xff, 0xff,
    0xff, 0xff, 0xff, 0xff, 0xff, 0x38, 0xff, 0xff,
    0xff, 0xff, 0xff, 0xff, 0xff, 0xff, 0xf3,

    /* U+0033 "3" */
    0x0, 0x0, 0x1, 0x6b, 0xdf, 0xfd, 0xa5, 0x10,
    0x0, 0x0, 0x0, 0x0, 0x7f, 0xff, 0xff, 0xff,
    0xff, 0xe6, 0x0, 0x0, 0x0, 0xb, 0xff, 0xff,
    0xff, 0xff, 0xff, 0xff, 0x90, 0x0, 0x0, 0x9f,
    0xff, 0xfa, 0x64, 0x47, 0xcf, 0xff, 0xf8, 0x0,
    0x3, 0xff, 0xfe, 0x30, 0x0, 0x0, 0x6, 0xff,
    0xff, 0x10, 0x9, 0xff, 0xf5, 0x0, 0x0, 0x0,
    0x0, 0x9f, 0xff, 0x60, 0xc, 0xff, 0xf0, 0x0,
    0x0, 0x0, 0x0, 0x3f, 0xff, 0x80, 0x9, 0xaa,
    0x90, 0x0, 0x0, 0x0, 0x0, 0x3f, 0xff, 0x80,
    0x0, 0x0, 0x0, 0x0, 0x0, 0x0, 0x0, 0x7f,
    0xff, 0x40, 0x0, 0x0, 0x0, 0x0, 0x0, 0x0,
    0x4, 0xff, 0xfc, 0x0, 0x0, 0x0, 0x0, 0x1,
    0x22, 0x46, 0xcf, 0xff, 0xd1, 0x0, 0x0, 0x0,
    0x0, 0xa, 0xff, 0xff, 0xff, 0xe8, 0x0, 0x0,
    0x0, 0x0, 0x0, 0xa, 0xff, 0xff, 0xff, 0x93,
    0x0, 0x0, 0x0, 0x0, 0x0, 0xa, 0xff, 0xff,
    0xff, 0xff, 0xb1, 0x0, 0x0, 0x0, 0x0, 0x0,
    0x0, 0x3, 0x7e, 0xff, 0xfd, 0x10, 0x0, 0x0,
    0x0, 0x0, 0x0, 0x0, 0x0, 0xbf, 0xff, 0xa0,
    0x0, 0x0, 0x0, 0x0, 0x0, 0x0, 0x0, 0xe,
    0xff, 0xf1, 0x4a, 0xaa, 0x40, 0x0, 0x0, 0x0,
    0x0, 0x8, 0xff, 0xf4, 0x6f, 0xff, 0x70, 0x0,
    0x0, 0x0, 0x0, 0x7, 0xff, 0xf5, 0x3f, 0xff,
    0xb0, 0x0, 0x0, 0x0, 0x0, 0xa, 0xff, 0xf4,
    0xe, 0xff, 0xf3, 0x0, 0x0, 0x0, 0x0, 0x2f,
    0xff, 0xf0, 0x7, 0xff, 0xfe, 0x30, 0x0, 0x0,
    0x3, 0xdf, 0xff, 0x90, 0x0, 0xbf, 0xff, 0xfa,
    0x64, 0x46, 0xaf, 0xff, 0xfd, 0x10, 0x0, 0x1c,
    0xff, 0xff, 0xff, 0xff, 0xff, 0xff, 0xe2, 0x0,
    0x0, 0x0, 0x8f, 0xff, 0xff, 0xff, 0xff, 0xf9,
    0x10, 0x0, 0x0, 0x0, 0x2, 0x7c, 0xef, 0xfd,
    0xb7, 0x20, 0x0, 0x0,

    /* U+0034 "4" */
    0x0, 0x0, 0x0, 0x0, 0x0, 0x0, 0x3f, 0xff,
    0xff, 0x0, 0x0, 0x0, 0x0, 0x0, 0x0, 0x0,
    0x0, 0xdf, 0xff, 0xff, 0x0, 0x0, 0x0, 0x0,
    0x0, 0x0, 0x0, 0xa, 0xff, 0xff, 0xff, 0x0,
    0x0, 0x0, 0x0, 0x0, 0x0, 0x0, 0x6f, 0xff,
    0xff, 0xff, 0x0, 0x0, 0x0, 0x0, 0x0, 0x0,
    0x2, 0xff, 0xfd, 0xdf, 0xff, 0x0, 0x0, 0x0,
    0x0, 0x0, 0x0, 0xc, 0xff, 0xf3, 0xcf, 0xff,
    0x0, 0x0, 0x0, 0x0, 0x0, 0x0, 0x8f, 0xff,
    0x70, 0xcf, 0xff, 0x0, 0x0, 0x0, 0x0, 0x0,
    0x4, 0xff, 0xfb, 0x0, 0xcf, 0xff, 0x0, 0x0,
    0x0, 0x0, 0x0, 0x1e, 0xff, 0xe1, 0x0, 0xcf,
    0xff, 0x0, 0x0, 0x0, 0x0, 0x0, 0xbf, 0xff,
    0x40, 0x0, 0xcf, 0xff, 0x0, 0x0, 0x0, 0x0,
    0x7, 0xff, 0xf9, 0x0, 0x0, 0xcf, 0xff, 0x0,
    0x0, 0x0, 0x0, 0x3f, 0xff, 0xd0, 0x0, 0x0,
    0xcf, 0xff, 0x0, 0x0, 0x0, 0x0, 0xdf, 0xff,
    0x20, 0x0, 0x0, 0xcf, 0xff, 0x0, 0x0, 0x0,
    0x9, 0xff, 0xf6, 0x0, 0x0, 0x0, 0xcf, 0xff,
    0x0, 0x0, 0x0, 0x5f, 0xff, 0xa0, 0x0, 0x0,
    0x0, 0xcf, 0xff, 0x0, 0x0, 0x1, 0xef, 0xfe,
    0x10, 0x0, 0x0, 0x0, 0xcf, 0xff, 0x0, 0x0,
    0xc, 0xff, 0xf8, 0x44, 0x44, 0x44, 0x44, 0xdf,
    0xff, 0x44, 0x43, 0xf, 0xff, 0xff, 0xff, 0xff,
    0xff, 0xff, 0xff, 0xff, 0xff, 0xfc, 0xf, 0xff,
    0xff, 0xff, 0xff, 0xff, 0xff, 0xff, 0xff, 0xff,
    0xfc, 0xf, 0xff, 0xff, 0xff, 0xff, 0xff, 0xff,
    0xff, 0xff, 0xff, 0xfc, 0x0, 0x0, 0x0, 0x0,
    0x0, 0x0, 0x0, 0xcf, 0xff, 0x0, 0x0, 0x0,
    0x0, 0x0, 0x0, 0x0, 0x0, 0x0, 0xcf, 0xff,
    0x0, 0x0, 0x0, 0x0, 0x0, 0x0, 0x0, 0x0,
    0x0, 0xcf, 0xff, 0x0, 0x0, 0x0, 0x0, 0x0,
    0x0, 0x0, 0x0, 0x0, 0xcf, 0xff, 0x0, 0x0,
    0x0, 0x0, 0x0, 0x0, 0x0, 0x0, 0x0, 0xcf,
    0xff, 0x0, 0x0, 0x0, 0x0, 0x0, 0x0, 0x0,
    0x0, 0x0, 0xcf, 0xff, 0x0, 0x0,

    /* U+0035 "5" */
    0x9, 0xff, 0xff, 0xff, 0xff, 0xff, 0xff, 0xff,
    0xf2, 0x0, 0x9f, 0xff, 0xff, 0xff, 0xff, 0xff,
    0xff, 0xff, 0x20, 0xa, 0xff, 0xff, 0xff, 0xff,
    0xff, 0xff, 0xff, 0xf2, 0x0, 0xbf, 0xff, 0x55,
    0x55, 0x55, 0x55, 0x55, 0x55, 0x0, 0xc, 0xff,
    0xd0, 0x0, 0x0, 0x0, 0x0, 0x0, 0x0, 0x0,
    0xdf, 0xfc, 0x0, 0x0, 0x0, 0x0, 0x0, 0x0,
    0x0, 0xe, 0xff, 0xb0, 0x0, 0x0, 0x0, 0x0,
    0x0, 0x0, 0x0, 0xff, 0xf9, 0x0, 0x0, 0x0,
    0x0, 0x0, 0x0, 0x0, 0xf, 0xff, 0x80, 0x18,
    0xce, 0xfe, 0xb5, 0x0, 0x0, 0x1, 0xff, 0xf7,
    0x7f, 0xff, 0xff, 0xff, 0xfd, 0x20, 0x0, 0x2f,
    0xff, 0xef, 0xff, 0xff, 0xff, 0xff, 0xfe, 0x30,
    0x3, 0xff, 0xff, 0xff, 0x96, 0x45, 0x9f, 0xff,
    0xfd, 0x0, 0x4f, 0xff, 0xfb, 0x10, 0x0, 0x0,
    0x2d, 0xff, 0xf9, 0x5, 0xff, 0xfd, 0x0, 0x0,
    0x0, 0x0, 0x2f, 0xff, 0xf0, 0x27, 0x77, 0x20,
    0x0, 0x0, 0x0, 0x0, 0x9f, 0xff, 0x40, 0x0,
    0x0, 0x0, 0x0, 0x0, 0x0, 0x4, 0xff, 0xf7,
    0x0, 0x0, 0x0, 0x0, 0x0, 0x0, 0x0, 0x2f,
    0xff, 0x91, 0x22, 0x20, 0x0, 0x0, 0x0, 0x0,
    0x2, 0xff, 0xf8, 0xaf, 0xff, 0x30, 0x0, 0x0,
    0x0, 0x0, 0x5f, 0xff, 0x77, 0xff, 0xf7, 0x0,
    0x0, 0x0, 0x0, 0xa, 0xff, 0xf4, 0x2f, 0xff,
    0xe1, 0x0, 0x0, 0x0, 0x3, 0xff, 0xfe, 0x0,
    0xbf, 0xff, 0xd2, 0x0, 0x0, 0x3, 0xef, 0xff,
    0x70, 0x1, 0xef, 0xff, 0xfa, 0x65, 0x6a, 0xff,
    0xff, 0xc0, 0x0, 0x3, 0xef, 0xff, 0xff, 0xff,
    0xff, 0xff, 0xd1, 0x0, 0x0, 0x1, 0xbf, 0xff,
    0xff, 0xff, 0xff, 0xa0, 0x0, 0x0, 0x0, 0x0,
    0x39, 0xdf, 0xff, 0xd9, 0x30, 0x0, 0x0,

    /* U+0036 "6" */
    0x0, 0x0, 0x0, 0x49, 0xdf, 0xfe, 0xc7, 0x10,
    0x0, 0x0, 0x0, 0x1, 0xbf, 0xff, 0xff, 0xff,
    0xff, 0x80, 0x0, 0x0, 0x2, 0xef, 0xff, 0xff,
    0xff, 0xff, 0xff, 0xb0, 0x0, 0x0, 0xdf, 0xff,
    0xe9, 0x55, 0x6b, 0xff, 0xff, 0x90, 0x0, 0x8f,
    0xff, 0xb1, 0x0, 0x0, 0x4, 0xff, 0xff, 0x20,
    0x1f, 0xff, 0xd0, 0x0, 0x0, 0x0, 0x7, 0xff,
    0xf7, 0x7, 0xff, 0xf4, 0x0, 0x0, 0x0, 0x0,
    0x1b, 0xbb, 0x70, 0xcf, 0xfc, 0x0, 0x0, 0x0,
    0x0, 0x0, 0x0, 0x0, 0xf, 0xff, 0x80, 0x0,
    0x1, 0x32, 0x0, 0x0, 0x0, 0x3, 0xff, 0xf4,
    0x2, 0x9e, 0xff, 0xff, 0xb4, 0x0, 0x0, 0x5f,
    0xff, 0x37, 0xff, 0xff, 0xff, 0xff, 0xfa, 0x0,
    0x7, 0xff, 0xf8, 0xff, 0xff, 0xff, 0xff, 0xff,
    0xfc, 0x0, 0x8f, 0xff, 0xff, 0xfa, 0x31, 0x13,
    0xaf, 0xff, 0xf9, 0x9, 0xff, 0xff, 0xf5, 0x0,
    0x0, 0x0, 0x5f, 0xff, 0xf2, 0x8f, 0xff, 0xf7,
    0x0, 0x0, 0x0, 0x0, 0x8f, 0xff, 0x87, 0xff,
    0xff, 0x0, 0x0, 0x0, 0x0, 0x1, 0xff, 0xfd,
    0x6f, 0xff, 0xb0, 0x0, 0x0, 0x0, 0x0, 0xd,
    0xff, 0xf4, 0xff, 0xfa, 0x0, 0x0, 0x0, 0x0,
    0x0, 0xcf, 0xff, 0x1f, 0xff, 0xc0, 0x0, 0x0,
    0x0, 0x0, 0xe, 0xff, 0xe0, 0xcf, 0xff, 0x10,
    0x0, 0x0, 0x0, 0x3, 0xff, 0xfb, 0x6, 0xff,
    0xfa, 0x0, 0x0, 0x0, 0x0, 0xcf, 0xff, 0x70,
    0xe, 0xff, 0xf9, 0x0, 0x0, 0x1, 0xbf, 0xff,
    0xf1, 0x0, 0x4f, 0xff, 0xfe, 0x85, 0x58, 0xef,
    0xff, 0xf5, 0x0, 0x0, 0x7f, 0xff, 0xff, 0xff,
    0xff, 0xff, 0xf7, 0x0, 0x0, 0x0, 0x5e, 0xff,
    0xff, 0xff, 0xff, 0xe4, 0x0, 0x0, 0x0, 0x0,
    0x6, 0xbd, 0xff, 0xeb, 0x60, 0x0, 0x0,

    /* U+0037 "7" */
    0x2f, 0xff, 0xff, 0xff, 0xff, 0xff, 0xff, 0xff,
    0xff, 0x22, 0xff, 0xff, 0xff, 0xff, 0xff, 0xff,
    0xff, 0xff, 0xf2, 0x2f, 0xff, 0xff, 0xff, 0xff,
    0xff, 0xff, 0xff, 0xff, 0x21, 0x66, 0x66, 0x66,
    0x66, 0x66, 0x66, 0x6f, 0xff, 0xf1, 0x0, 0x0,
    0x0, 0x0, 0x0, 0x0, 0x5, 0xff, 0xf9, 0x0,
    0x0, 0x0, 0x0, 0x0, 0x0, 0x0, 0xdf, 0xff,
    0x20, 0x0, 0x0, 0x0, 0x0, 0x0, 0x0, 0x6f,
    0xff, 0x90, 0x0, 0x0, 0x0, 0x0, 0x0, 0x0,
    0xe, 0xff, 0xf1, 0x0, 0x0, 0x0, 0x0, 0x0,
    0x0, 0x6, 0xff, 0xf9, 0x0, 0x0, 0x0, 0x0,
    0x0, 0x0, 0x0, 0xef, 0xff, 0x10, 0x0, 0x0,
    0x0, 0x0, 0x0, 0x0, 0x6f, 0xff, 0x90, 0x0,
    0x0, 0x0, 0x0, 0x0, 0x0, 0xe, 0xff, 0xf1,
    0x0, 0x0, 0x0, 0x0, 0x0, 0x0, 0x7, 0xff,
    0xf8, 0x0, 0x0, 0x0, 0x0, 0x0, 0x0, 0x0,
    0xef, 0xff, 0x10, 0x0, 0x0, 0x0, 0x0, 0x0,
    0x0, 0x7f, 0xff, 0x80, 0x0, 0x0, 0x0, 0x0,
    0x0, 0x0, 0xe, 0xff, 0xf1, 0x0, 0x0, 0x0,
    0x0, 0x0, 0x0, 0x7, 0xff, 0xf8, 0x0, 0x0,
    0x0, 0x0, 0x0, 0x0, 0x1, 0xff, 0xff, 0x10,
    0x0, 0x0, 0x0, 0x0, 0x0, 0x0, 0x8f, 0xff,
    0x80, 0x0, 0x0, 0x0, 0x0, 0x0, 0x0, 0x1f,
    0xff, 0xf1, 0x0, 0x0, 0x0, 0x0, 0x0, 0x0,
    0x8, 0xff, 0xf7, 0x0, 0x0, 0x0, 0x0, 0x0,
    0x0, 0x1, 0xff, 0xfe, 0x0, 0x0, 0x0, 0x0,
    0x0, 0x0, 0x0, 0x8f, 0xff, 0x70, 0x0, 0x0,
    0x0, 0x0, 0x0, 0x0, 0x1f, 0xff, 0xe0, 0x0,
    0x0, 0x0, 0x0, 0x0, 0x0, 0x9, 0xff, 0xf7,
    0x0, 0x0, 0x0, 0x0, 0x0, 0x0, 0x1, 0xff,
    0xfe, 0x0, 0x0, 0x0, 0x0, 0x0, 0x0,

    /* U+0038 "8" */
    0x0, 0x0, 0x2, 0x7c, 0xef, 0xed, 0x94, 0x0,
    0x0, 0x0, 0x0, 0x19, 0xff, 0xff, 0xff, 0xff,
    0xfc, 0x30, 0x0, 0x0, 0x1c, 0xff, 0xff, 0xff,
    0xff, 0xff, 0xff, 0x30, 0x0, 0xb, 0xff, 0xff,
    0x95, 0x34, 0x7e, 0xff, 0xff, 0x10, 0x3, 0xff,
    0xff, 0x30, 0x0, 0x0, 0xc, 0xff, 0xf8, 0x0,
    0x8f, 0xff, 0x70, 0x0, 0x0, 0x0, 0x2f, 0xff,
    0xd0, 0x9, 0xff, 0xf2, 0x0, 0x0, 0x0, 0x0,
    0xdf, 0xff, 0x0, 0x9f, 0xff, 0x20, 0x0, 0x0,
    0x0, 0xd, 0xff, 0xe0, 0x5, 0xff, 0xf7, 0x0,
    0x0, 0x0, 0x1, 0xff, 0xfa, 0x0, 0xe, 0xff,
    0xe3, 0x0, 0x0, 0x0, 0xbf, 0xff, 0x30, 0x0,
    0x3e, 0xff, 0xf9, 0x42, 0x37, 0xdf, 0xff, 0x70,
    0x0, 0x0, 0x2a, 0xff, 0xff, 0xff, 0xff, 0xfd,
    0x40, 0x0, 0x0, 0x0, 0x4a, 0xff, 0xff, 0xff,
    0xfc, 0x60, 0x0, 0x0, 0x1, 0xbf, 0xff, 0xff,
    0xff, 0xff, 0xff, 0xe4, 0x0, 0x1, 0xef, 0xff,
    0xc5, 0x10, 0x14, 0xaf, 0xff, 0xf4, 0x0, 0xbf,
    0xff, 0x90, 0x0, 0x0, 0x0, 0x5f, 0xff, 0xe1,
    0x2f, 0xff, 0xd0, 0x0, 0x0, 0x0, 0x0, 0x8f,
    0xff, 0x76, 0xff, 0xf7, 0x0, 0x0, 0x0, 0x0,
    0x2, 0xff, 0xfc, 0x8f, 0xff, 0x50, 0x0, 0x0,
    0x0, 0x0, 0xf, 0xff, 0xe8, 0xff, 0xf6, 0x0,
    0x0, 0x0, 0x0, 0x1, 0xff, 0xfd, 0x5f, 0xff,
    0xc0, 0x0, 0x0, 0x0, 0x0, 0x7f, 0xff, 0xa0,
    0xef, 0xff, 0x90, 0x0, 0x0, 0x0, 0x5f, 0xff,
    0xf4, 0x6, 0xff, 0xff, 0xd7, 0x43, 0x36, 0xbf,
    0xff, 0xfb, 0x0, 0x7, 0xff, 0xff, 0xff, 0xff,
    0xff, 0xff, 0xfb, 0x0, 0x0, 0x4, 0xdf, 0xff,
    0xff, 0xff, 0xff, 0xf7, 0x0, 0x0, 0x0, 0x0,
    0x49, 0xce, 0xfe, 0xda, 0x61, 0x0, 0x0,

    /* U+0039 "9" */
    0x0, 0x0, 0x4, 0x9d, 0xff, 0xec, 0x82, 0x0,
    0x0, 0x0, 0x0, 0x2c, 0xff, 0xff, 0xff, 0xff,
    0xf9, 0x10, 0x0, 0x0, 0x4f, 0xff, 0xff, 0xff,
    0xff, 0xff, 0xfc, 0x10, 0x0, 0x2e, 0xff, 0xff,
    0xb6, 0x56, 0xbf, 0xff, 0xfb, 0x0, 0xb, 0xff,
    0xfd, 0x20, 0x0, 0x0, 0x3d, 0xff, 0xf5, 0x2,
    0xff, 0xfe, 0x20, 0x0, 0x0, 0x0, 0x2f, 0xff,
    0xd0, 0x6f, 0xff, 0x80, 0x0, 0x0, 0x0, 0x0,
    0x9f, 0xff, 0x38, 0xff, 0xf4, 0x0, 0x0, 0x0,
    0x0, 0x4, 0xff, 0xf7, 0x8f, 0xff, 0x30, 0x0,
    0x0, 0x0, 0x0, 0x4f, 0xff, 0xa7, 0xff, 0xf6,
    0x0, 0x0, 0x0, 0x0, 0x7, 0xff, 0xfd, 0x4f,
    0xff, 0xc0, 0x0, 0x0, 0x0, 0x0, 0xdf, 0xff,
    0xe0, 0xef, 0xff, 0x90, 0x0, 0x0, 0x0, 0xbf,
    0xff, 0xff, 0x5, 0xff, 0xff, 0xc5, 0x10, 0x26,
    0xdf, 0xff, 0xff, 0xf0, 0x8, 0xff, 0xff, 0xff,
    0xff, 0xff, 0xfd, 0xdf, 0xff, 0x0, 0x7, 0xff,
    0xff, 0xff, 0xff, 0xfd, 0x2d, 0xff, 0xe0, 0x0,
    0x2, 0xaf, 0xff, 0xff, 0xc6, 0x0, 0xef, 0xfc,
    0x0, 0x0, 0x0, 0x2, 0x32, 0x0, 0x0, 0x1f,
    0xff, 0xa0, 0x0, 0x0, 0x0, 0x0, 0x0, 0x0,
    0x4, 0xff, 0xf6, 0x14, 0x44, 0x10, 0x0, 0x0,
    0x0, 0x0, 0x9f, 0xff, 0x24, 0xff, 0xf8, 0x0,
    0x0, 0x0, 0x0, 0x1f, 0xff, 0xd0, 0xf, 0xff,
    0xe1, 0x0, 0x0, 0x0, 0xa, 0xff, 0xf7, 0x0,
    0x9f, 0xff, 0xb0, 0x0, 0x0, 0x9, 0xff, 0xfe,
    0x0, 0x1, 0xef, 0xff, 0xd7, 0x44, 0x7d, 0xff,
    0xff, 0x40, 0x0, 0x3, 0xff, 0xff, 0xff, 0xff,
    0xff, 0xff, 0x60, 0x0, 0x0, 0x3, 0xdf, 0xff,
    0xff, 0xff, 0xfe, 0x50, 0x0, 0x0, 0x0, 0x0,
    0x4a, 0xdf, 0xfe, 0xb6, 0x0, 0x0, 0x0,

    /* U+003A ":" */
    0x5, 0xee, 0x80, 0x2f, 0xff, 0xf5, 0x4f, 0xff,
    0xf8, 0x1f, 0xff, 0xf4, 0x4, 0xcd, 0x70, 0x0,
    0x0, 0x0, 0x0, 0x0, 0x0, 0x0, 0x0, 0x0,
    0x0, 0x0, 0x0, 0x0, 0x0, 0x0, 0x0, 0x0,
    0x0, 0x0, 0x0, 0x0, 0x0, 0x0, 0x0, 0x4,
    0xcd, 0x60, 0x1f, 0xff, 0xf4, 0x4f, 0xff, 0xf8,
    0x2f, 0xff, 0xf5, 0x5, 0xee, 0x80,

    /* U+003B ";" */
    0x0, 0x4d, 0xe9, 0x0, 0x1f, 0xff, 0xf6, 0x3,
    0xff, 0xff, 0x90, 0xe, 0xff, 0xf5, 0x0, 0x3c,
    0xd7, 0x0, 0x0, 0x0, 0x0, 0x0, 0x0, 0x0,
    0x0, 0x0, 0x0, 0x0, 0x0, 0x0, 0x0, 0x0,
    0x0, 0x0, 0x0, 0x0, 0x0, 0x0, 0x0, 0x0,
    0x0, 0x0, 0x0, 0x0, 0x0, 0x0, 0x0, 0x0,
    0x0, 0x0, 0xbf, 0xff, 0x0, 0xd, 0xff, 0xc0,
    0x0, 0xff, 0xf7, 0x0, 0x2f, 0xff, 0x20, 0x5,
    0xff, 0xe0, 0x0, 0x8f, 0xf9, 0x0, 0xa, 0xff,
    0x50, 0x0, 0xdf, 0xf0, 0x0, 0xf, 0xfb, 0x0,
    0x0,

    /* U+003C "<" */
    0x0, 0x0, 0x0, 0x0, 0x0, 0x0, 0x0, 0x0,
    0x77, 0x0, 0x0, 0x0, 0x0, 0x0, 0x0, 0x0,
    0x7e, 0xf9, 0x0, 0x0, 0x0, 0x0, 0x0, 0x1,
    0x7e, 0xff, 0xf9, 0x0, 0x0, 0x0, 0x0, 0x1,
    0x8f, 0xff, 0xff, 0xf8, 0x0, 0x0, 0x0, 0x1,
    0x8f, 0xff, 0xff, 0xfd, 0x60, 0x0, 0x0, 0x1,
    0x9f, 0xff, 0xff, 0xfc, 0x40, 0x0, 0x0, 0x1,
    0x9f, 0xff, 0xff, 0xfa, 0x30, 0x0, 0x0, 0x2,
    0x9f, 0xff, 0xff, 0xf9, 0x20, 0x0, 0x0, 0x0,
    0x4f, 0xff, 0xff, 0xe8, 0x10, 0x0, 0x0, 0x0,
    0x0, 0x6f, 0xff, 0xf8, 0x0, 0x0, 0x0, 0x0,
    0x0, 0x0, 0x6f, 0xff, 0xff, 0x91, 0x0, 0x0,
    0x0, 0x0, 0x0, 0x18, 0xef, 0xff, 0xff, 0xa3,
    0x0, 0x0, 0x0, 0x0, 0x0, 0x7, 0xef, 0xff,
    0xff, 0xb4, 0x0, 0x0, 0x0, 0x0, 0x0, 0x7,
    0xef, 0xff, 0xff, 0xd5, 0x0, 0x0, 0x0, 0x0,
    0x0, 0x6, 0xef, 0xff, 0xff, 0xe7, 0x0, 0x0,
    0x0, 0x0, 0x0, 0x6, 0xef, 0xff, 0xff, 0xe5,
    0x0, 0x0, 0x0, 0x0, 0x0, 0x6, 0xdf, 0xff,
    0xf9, 0x0, 0x0, 0x0, 0x0, 0x0, 0x0, 0x5,
    0xdf, 0xf9, 0x0, 0x0, 0x0, 0x0, 0x0, 0x0,
    0x0, 0x5, 0xd9, 0x0, 0x0, 0x0, 0x0, 0x0,
    0x0, 0x0, 0x0, 0x1,

    /* U+003D "=" */
    0xbf, 0xff, 0xff, 0xff, 0xff, 0xff, 0xff, 0xff,
    0xab, 0xff, 0xff, 0xff, 0xff, 0xff, 0xff, 0xff,
    0xfa, 0xbf, 0xff, 0xff, 0xff, 0xff, 0xff, 0xff,
    0xff, 0xa3, 0x55, 0x55, 0x55, 0x55, 0x55, 0x55,
    0x55, 0x53, 0x0, 0x0, 0x0, 0x0, 0x0, 0x0,
    0x0, 0x0, 0x0, 0x0, 0x0, 0x0, 0x0, 0x0,
    0x0, 0x0, 0x0, 0x0, 0x0, 0x0, 0x0, 0x0,
    0x0, 0x0, 0x0, 0x3, 0x55, 0x55, 0x55, 0x55,
    0x55, 0x55, 0x55, 0x53, 0xbf, 0xff, 0xff, 0xff,
    0xff, 0xff, 0xff, 0xff, 0xab, 0xff, 0xff, 0xff,
    0xff, 0xff, 0xff, 0xff, 0xfa, 0xbf, 0xff, 0xff,
    0xff, 0xff, 0xff, 0xff, 0xff, 0xa0,

    /* U+003E ">" */
    0x86, 0x0, 0x0, 0x0, 0x0, 0x0, 0x0, 0x0,
    0x0, 0xaf, 0xe7, 0x0, 0x0, 0x0, 0x0, 0x0,
    0x0, 0x0, 0xaf, 0xff, 0xe7, 0x0, 0x0, 0x0,
    0x0, 0x0, 0x0, 0x9f, 0xff, 0xff, 0xe7, 0x0,
    0x0, 0x0, 0x0, 0x0, 0x6, 0xdf, 0xff, 0xff,
    0xf8, 0x10, 0x0, 0x0, 0x0, 0x0, 0x5, 0xcf,
    0xff, 0xff, 0xf8, 0x10, 0x0, 0x0, 0x0, 0x0,
    0x3, 0xbf, 0xff, 0xff, 0xf8, 0x10, 0x0, 0x0,
    0x0, 0x0, 0x2, 0x9f, 0xff, 0xff, 0xf9, 0x10,
    0x0, 0x0, 0x0, 0x0, 0x1, 0x8e, 0xff, 0xff,
    0xf3, 0x0, 0x0, 0x0, 0x0, 0x0, 0x0, 0x8f,
    0xff, 0xf4, 0x0, 0x0, 0x0, 0x0, 0x0, 0x29,
    0xff, 0xff, 0xf4, 0x0, 0x0, 0x0, 0x0, 0x3a,
    0xff, 0xff, 0xfe, 0x70, 0x0, 0x0, 0x0, 0x4c,
    0xff, 0xff, 0xfe, 0x70, 0x0, 0x0, 0x0, 0x6d,
    0xff, 0xff, 0xfe, 0x60, 0x0, 0x0, 0x1, 0x7e,
    0xff, 0xff, 0xfd, 0x60, 0x0, 0x0, 0x0, 0x6f,
    0xff, 0xff, 0xfd, 0x60, 0x0, 0x0, 0x0, 0x0,
    0xaf, 0xff, 0xfd, 0x50, 0x0, 0x0, 0x0, 0x0,
    0x0, 0xaf, 0xfd, 0x50, 0x0, 0x0, 0x0, 0x0,
    0x0, 0x0, 0xac, 0x40, 0x0, 0x0, 0x0, 0x0,
    0x0, 0x0, 0x0, 0x10, 0x0, 0x0, 0x0, 0x0,
    0x0, 0x0, 0x0, 0x0,

    /* U+003F "?" */
    0x0, 0x0, 0x28, 0xce, 0xfe, 0xd9, 0x40, 0x0,
    0x0, 0x0, 0x8f, 0xff, 0xff, 0xff, 0xff, 0xc2,
    0x0, 0x0, 0xbf, 0xff, 0xff, 0xff, 0xff, 0xff,
    0xf3, 0x0, 0x8f, 0xff, 0xfa, 0x64, 0x68, 0xff,
    0xff, 0xe1, 0x2f, 0xff, 0xf4, 0x0, 0x0, 0x1,
    0xcf, 0xff, 0x78, 0xff, 0xf7, 0x0, 0x0, 0x0,
    0x2, 0xff, 0xfb, 0xbf, 0xff, 0x10, 0x0, 0x0,
    0x0, 0xe, 0xff, 0xdd, 0xff, 0xe0, 0x0, 0x0,
    0x0, 0x0, 0xff, 0xfb, 0x0, 0x0, 0x0, 0x0,
    0x0, 0x0, 0x4f, 0xff, 0x80, 0x0, 0x0, 0x0,
    0x0, 0x0, 0x1d, 0xff, 0xf2, 0x0, 0x0, 0x0,
    0x0, 0x0, 0x2d, 0xff, 0xf8, 0x0, 0x0, 0x0,
    0x0, 0x0, 0x6f, 0xff, 0xfa, 0x0, 0x0, 0x0,
    0x0, 0x0, 0xbf, 0xff, 0xf7, 0x0, 0x0, 0x0,
    0x0, 0x0, 0xbf, 0xff, 0xe3, 0x0, 0x0, 0x0,
    0x0, 0x0, 0x3f, 0xff, 0xd1, 0x0, 0x0, 0x0,
    0x0, 0x0, 0x7, 0xff, 0xf4, 0x0, 0x0, 0x0,
    0x0, 0x0, 0x0, 0x9f, 0xff, 0x0, 0x0, 0x0,
    0x0, 0x0, 0x0, 0x9, 0xff, 0xf0, 0x0, 0x0,
    0x0, 0x0, 0x0, 0x0, 0x59, 0x98, 0x0, 0x0,
    0x0, 0x0, 0x0, 0x0, 0x0, 0x0, 0x0, 0x0,
    0x0, 0x0, 0x0, 0x0, 0x0, 0x0, 0x0, 0x0,
    0x0, 0x0, 0x0, 0x0, 0x0, 0x3, 0xcd, 0x70,
    0x0, 0x0, 0x0, 0x0, 0x0, 0x0, 0xef, 0xff,
    0x50, 0x0, 0x0, 0x0, 0x0, 0x0, 0x3f, 0xff,
    0xf9, 0x0, 0x0, 0x0, 0x0, 0x0, 0x1, 0xff,
    0xff, 0x60, 0x0, 0x0, 0x0, 0x0, 0x0, 0x4,
    0xde, 0x90, 0x0, 0x0, 0x0,

    /* U+0040 "@" */
    0x0, 0x0, 0x0, 0x0, 0x0, 0x3, 0x7a, 0xde,
    0xff, 0xed, 0xa7, 0x20, 0x0, 0x0, 0x0, 0x0,
    0x0, 0x0, 0x0, 0x0, 0x0, 0x6, 0xdf, 0xff,
    0xff, 0xff, 0xff, 0xff, 0xfd, 0x60, 0x0, 0x0,
    0x0, 0x0, 0x0, 0x0, 0x0, 0x5, 0xef, 0xff,
    0xff, 0xff, 0xff, 0xff, 0xff, 0xff, 0xfd, 0x30,
    0x0, 0x0, 0x0, 0x0, 0x0, 0x0, 0xaf, 0xff,
    0xff, 0xd9, 0x64, 0x33, 0x46, 0x9d, 0xff, 0xff,
    0xf7, 0x0, 0x0, 0x0, 0x0, 0x0, 0xc, 0xff,
    0xff, 0x92, 0x0, 0x0, 0x0, 0x0, 0x0, 0x3a,
    0xff, 0xff, 0x80, 0x0, 0x0, 0x0, 0x0, 0xbf,
    0xff, 0xd3, 0x0, 0x0, 0x0, 0x0, 0x0, 0x0,
    0x0, 0x4e, 0xff, 0xf5, 0x0, 0x0, 0x0, 0x8,
    0xff, 0xfb, 0x0, 0x0, 0x0, 0x0, 0x0, 0x0,
    0x0, 0x0, 0x2, 0xef, 0xff, 0x30, 0x0, 0x0,
    0x3f, 0xff, 0xc0, 0x0, 0x0, 0x0, 0x0, 0x0,
    0x0, 0x0, 0x0, 0x0, 0x2f, 0xff, 0xc0, 0x0,
    0x0, 0xcf, 0xff, 0x20, 0x0, 0x0, 0x18, 0xdf,
    0xff, 0xa2, 0xa, 0xaa, 0x0, 0x6, 0xff, 0xf4,
    0x0, 0x3, 0xff, 0xf7, 0x0, 0x0, 0x3, 0xef,
    0xff, 0xff, 0xff, 0x6f, 0xff, 0x0, 0x0, 0xdf,
    0xfc, 0x0, 0x9, 0xff, 0xf1, 0x0, 0x0, 0x3f,
    0xff, 0xff, 0xff, 0xff, 0xff, 0xff, 0x0, 0x0,
    0x6f, 0xff, 0x20, 0xe, 0xff, 0xa0, 0x0, 0x0,
    0xdf, 0xff, 0x72, 0x1, 0x7f, 0xff, 0xff, 0x0,
    0x0, 0x1f, 0xff, 0x60, 0x2f, 0xff, 0x50, 0x0,
    0x8, 0xff, 0xf3, 0x0, 0x0, 0x4, 0xff, 0xff,
    0x0, 0x0, 0xc, 0xff, 0xa0, 0x5f, 0xff, 0x20,
    0x0, 0xe, 0xff, 0x90, 0x0, 0x0, 0x0, 0xaf,
    0xff, 0x0, 0x0, 0x9, 0xff, 0xd0, 0x7f, 0xff,
    0x0, 0x0, 0x2f, 0xff, 0x30, 0x0, 0x0, 0x0,
    0x5f, 0xff, 0x0, 0x0, 0x7, 0xff, 0xf0, 0x8f,
    0xff, 0x0, 0x0, 0x5f, 0xff, 0x0, 0x0, 0x0,
    0x0, 0x2f, 0xff, 0x0, 0x0, 0x6, 0xff, 0xf0,
    0x9f, 0xfe, 0x0, 0x0, 0x6f, 0xff, 0x0, 0x0,
    0x0, 0x0, 0x1f, 0xff, 0x0, 0x0, 0x5, 0xff,
    0xf0, 0x8f, 0xff, 0x0, 0x0, 0x6f, 0xff, 0x0,
    0x0, 0x0, 0x0, 0x1f, 0xff, 0x0, 0x0, 0x6,
    0xff, 0xf0, 0x7f, 0xff, 0x0, 0x0, 0x4f, 0xff,
    0x0, 0x0, 0x0, 0x0, 0x2f, 0xff, 0x0, 0x0,
    0x7, 0xff, 0xe0, 0x5f, 0xff, 0x20, 0x0, 0x2f,
    0xff, 0x40, 0x0, 0x0, 0x0, 0x5f, 0xff, 0x0,
    0x0, 0xa, 0xff, 0xb0, 0x2f, 0xff, 0x50, 0x0,
    0xd, 0xff, 0x90, 0x0, 0x0, 0x0, 0xbf, 0xff,
    0x10, 0x0, 0xe, 0xff, 0x80, 0xe, 0xff, 0xa0,
    0x0, 0x7, 0xff, 0xf4, 0x0, 0x0, 0x5, 0xff,
    0xff, 0x30, 0x0, 0x7f, 0xff, 0x20, 0x9, 0xff,
    0xf1, 0x0, 0x0, 0xdf, 0xff, 0x82, 0x12, 0x8f,
    0xff, 0xff, 0xc2, 0x17, 0xff, 0xfb, 0x0, 0x3,
    0xff, 0xf7, 0x0, 0x0, 0x3f, 0xff, 0xff, 0xff,
    0xff, 0xd8, 0xff, 0xff, 0xff, 0xff, 0xf2, 0x0,
    0x0, 0xcf, 0xff, 0x20, 0x0, 0x3, 0xef, 0xff,
    0xff, 0xfe, 0x21, 0xdf, 0xff, 0xff, 0xfe, 0x30,
    0x0, 0x0, 0x3f, 0xff, 0xc0, 0x0, 0x0, 0x18,
    0xdf, 0xfd, 0x81, 0x0, 0x8, 0xdf, 0xfd, 0x81,
    0x0, 0x0, 0x0, 0x9, 0xff, 0xfb, 0x0, 0x0,
    0x0, 0x0, 0x0, 0x0, 0x0, 0x0, 0x0, 0x0,
    0x0, 0x0, 0x0, 0x0, 0x0, 0xcf, 0xff, 0xc2,
    0x0, 0x0, 0x0, 0x0, 0x0, 0x0, 0x0, 0x0,
    0x0, 0x0, 0x0, 0x0, 0x0, 0x0, 0x1c, 0xff,
    0xff, 0x92, 0x0, 0x0, 0x0, 0x0, 0x0, 0x1,
    0x20, 0x0, 0x0, 0x0, 0x0, 0x0, 0x0, 0x0,
    0x9f, 0xff, 0xff, 0xd8, 0x64, 0x33, 0x34, 0x79,
    0xdf, 0xc0, 0x0, 0x0, 0x0, 0x0, 0x0, 0x0,
    0x0, 0x5, 0xdf, 0xff, 0xff, 0xff, 0xff, 0xff,
    0xff, 0xff, 0xf3, 0x0, 0x0, 0x0, 0x0, 0x0,
    0x0, 0x0, 0x0, 0x6, 0xdf, 0xff, 0xff, 0xff,
    0xff, 0xff, 0xff, 0xb3, 0x0, 0x0, 0x0, 0x0,
    0x0, 0x0, 0x0, 0x0, 0x0, 0x3, 0x7a, 0xde,
    0xff, 0xed, 0xb8, 0x51, 0x0, 0x0, 0x0, 0x0,
    0x0,

    /* U+0041 "A" */
    0x0, 0x0, 0x0, 0x0, 0x6, 0xff, 0xff, 0xa0,
    0x0, 0x0, 0x0, 0x0, 0x0, 0x0, 0x0, 0x0,
    0xc, 0xff, 0xff, 0xf1, 0x0, 0x0, 0x0, 0x0,
    0x0, 0x0, 0x0, 0x0, 0x1f, 0xff, 0xff, 0xf6,
    0x0, 0x0, 0x0, 0x0, 0x0, 0x0, 0x0, 0x0,
    0x7f, 0xff, 0xef, 0xfc, 0x0, 0x0, 0x0, 0x0,
    0x0, 0x0, 0x0, 0x0, 0xdf, 0xfd, 0x8f, 0xff,
    0x20, 0x0, 0x0, 0x0, 0x0, 0x0, 0x0, 0x3,
    0xff, 0xf8, 0x3f, 0xff, 0x70, 0x0, 0x0, 0x0,
    0x0, 0x0, 0x0, 0x9, 0xff, 0xf3, 0xe, 0xff,
    0xd0, 0x0, 0x0, 0x0, 0x0, 0x0, 0x0, 0xe,
    0xff, 0xe0, 0x9, 0xff, 0xf3, 0x0, 0x0, 0x0,
    0x0, 0x0, 0x0, 0x5f, 0xff, 0x90, 0x4, 0xff,
    0xf9, 0x0, 0x0, 0x0, 0x0, 0x0, 0x0, 0xaf,
    0xff, 0x40, 0x0, 0xef, 0xfe, 0x0, 0x0, 0x0,
    0x0, 0x0, 0x1, 0xff, 0xfe, 0x0, 0x0, 0xaf,
    0xff, 0x40, 0x0, 0x0, 0x0, 0x0, 0x6, 0xff,
    0xf9, 0x0, 0x0, 0x4f, 0xff, 0xa0, 0x0, 0x0,
    0x0, 0x0, 0xc, 0xff, 0xf3, 0x0, 0x0, 0xe,
    0xff, 0xf1, 0x0, 0x0, 0x0, 0x0, 0x2f, 0xff,
    0xe0, 0x0, 0x0, 0x9, 0xff, 0xf6, 0x0, 0x0,
    0x0, 0x0, 0x8f, 0xff, 0x80, 0x0, 0x0, 0x4,
    0xff, 0xfc, 0x0, 0x0, 0x0, 0x0, 0xdf, 0xff,
    0x20, 0x0, 0x0, 0x0, 0xef, 0xff, 0x20, 0x0,
    0x0, 0x3, 0xff, 0xff, 0xff, 0xff, 0xff, 0xff,
    0xff, 0xff, 0x70, 0x0, 0x0, 0x9, 0xff, 0xff,
    0xff, 0xff, 0xff, 0xff, 0xff, 0xff, 0xd0, 0x0,
    0x0, 0xf, 0xff, 0xff, 0xff, 0xff, 0xff, 0xff,
    0xff, 0xff, 0xf3, 0x0, 0x0, 0x5f, 0xff, 0xc5,
    0x55, 0x55, 0x55, 0x55, 0x5a, 0xff, 0xf9, 0x0,
    0x0, 0xbf, 0xff, 0x60, 0x0, 0x0, 0x0, 0x0,
    0x3, 0xff, 0xfe, 0x0, 0x1, 0xff, 0xff, 0x10,
    0x0, 0x0, 0x0, 0x0, 0x0, 0xdf, 0xff, 0x40,
    0x7, 0xff, 0xfb, 0x0, 0x0, 0x0, 0x0, 0x0,
    0x0, 0x8f, 0xff, 0xa0, 0xc, 0xff, 0xf5, 0x0,
    0x0, 0x0, 0x0, 0x0, 0x0, 0x2f, 0xff, 0xf0,
    0x2f, 0xff, 0xf0, 0x0, 0x0, 0x0, 0x0, 0x0,
    0x0, 0xd, 0xff, 0xf6, 0x8f, 0xff, 0x90, 0x0,
    0x0, 0x0, 0x0, 0x0, 0x0, 0x7, 0xff, 0xfc,

    /* U+0042 "B" */
    0x9f, 0xff, 0xff, 0xff, 0xff, 0xfe, 0xc9, 0x40,
    0x0, 0x0, 0x9f, 0xff, 0xff, 0xff, 0xff, 0xff,
    0xff, 0xfc, 0x20, 0x0, 0x9f, 0xff, 0xff, 0xff,
    0xff, 0xff, 0xff, 0xff, 0xf3, 0x0, 0x9f, 0xff,
    0x74, 0x44, 0x44, 0x56, 0xbf, 0xff, 0xfd, 0x0,
    0x9f, 0xff, 0x40, 0x0, 0x0, 0x0, 0x4, 0xff,
    0xff, 0x50, 0x9f, 0xff, 0x40, 0x0, 0x0, 0x0,
    0x0, 0x8f, 0xff, 0x90, 0x9f, 0xff, 0x40, 0x0,
    0x0, 0x0, 0x0, 0x3f, 0xff, 0xb0, 0x9f, 0xff,
    0x40, 0x0, 0x0, 0x0, 0x0, 0x2f, 0xff, 0xb0,
    0x9f, 0xff, 0x40, 0x0, 0x0, 0x0, 0x0, 0x5f,
    0xff, 0x70, 0x9f, 0xff, 0x40, 0x0, 0x0, 0x0,
    0x1, 0xdf, 0xff, 0x10, 0x9f, 0xff, 0x40, 0x0,
    0x0, 0x2, 0x6e, 0xff, 0xf5, 0x0, 0x9f, 0xff,
    0xff, 0xff, 0xff, 0xff, 0xff, 0xfc, 0x30, 0x0,
    0x9f, 0xff, 0xff, 0xff, 0xff, 0xff, 0xff, 0xd6,
    0x10, 0x0, 0x9f, 0xff, 0xff, 0xff, 0xff, 0xff,
    0xff, 0xff, 0xe6, 0x0, 0x9f, 0xff, 0x63, 0x33,
    0x33, 0x34, 0x7d, 0xff, 0xff, 0x60, 0x9f, 0xff,
    0x40, 0x0, 0x0, 0x0, 0x0, 0x8f, 0xff, 0xf1,
    0x9f, 0xff, 0x40, 0x0, 0x0, 0x0, 0x0, 0xb,
    0xff, 0xf7, 0x9f, 0xff, 0x40, 0x0, 0x0, 0x0,
    0x0, 0x5, 0xff, 0xfb, 0x9f, 0xff, 0x40, 0x0,
    0x0, 0x0, 0x0, 0x3, 0xff, 0xfc, 0x9f, 0xff,
    0x40, 0x0, 0x0, 0x0, 0x0, 0x4, 0xff, 0xfb,
    0x9f, 0xff, 0x40, 0x0, 0x0, 0x0, 0x0, 0xa,
    0xff, 0xf8, 0x9f, 0xff, 0x40, 0x0, 0x0, 0x0,
    0x0, 0x7f, 0xff, 0xf3, 0x9f, 0xff, 0x74, 0x44,
    0x44, 0x46, 0x8d, 0xff, 0xff, 0xa0, 0x9f, 0xff,
    0xff, 0xff, 0xff, 0xff, 0xff, 0xff, 0xfd, 0x10,
    0x9f, 0xff, 0xff, 0xff, 0xff, 0xff, 0xff, 0xff,
    0x90, 0x0, 0x9f, 0xff, 0xff, 0xff, 0xff, 0xff,
    0xeb, 0x71, 0x0, 0x0,

    /* U+0043 "C" */
    0x0, 0x0, 0x0, 0x0, 0x5a, 0xde, 0xff, 0xda,
    0x61, 0x0, 0x0, 0x0, 0x0, 0x0, 0x0, 0x7e,
    0xff, 0xff, 0xff, 0xff, 0xff, 0x70, 0x0, 0x0,
    0x0, 0x0, 0x2c, 0xff, 0xff, 0xff, 0xff, 0xff,
    0xff, 0xfd, 0x20, 0x0, 0x0, 0x2, 0xef, 0xff,
    0xff, 0xda, 0x9a, 0xcf, 0xff, 0xff, 0xe2, 0x0,
    0x0, 0xd, 0xff, 0xff, 0xa2, 0x0, 0x0, 0x1,
    0x8f, 0xff, 0xfd, 0x0, 0x0, 0x9f, 0xff, 0xf6,
    0x0, 0x0, 0x0, 0x0, 0x3, 0xef, 0xff, 0x80,
    0x2, 0xff, 0xff, 0x50, 0x0, 0x0, 0x0, 0x0,
    0x0, 0x5f, 0xff, 0xf0, 0x9, 0xff, 0xfb, 0x0,
    0x0, 0x0, 0x0, 0x0, 0x0, 0xc, 0xff, 0xf5,
    0xe, 0xff, 0xf3, 0x0, 0x0, 0x0, 0x0, 0x0,
    0x0, 0x5, 0xdd, 0xd8, 0x3f, 0xff, 0xe0, 0x0,
    0x0, 0x0, 0x0, 0x0, 0x0, 0x0, 0x0, 0x0,
    0x6f, 0xff, 0x90, 0x0, 0x0, 0x0, 0x0, 0x0,
    0x0, 0x0, 0x0, 0x0, 0x8f, 0xff, 0x70, 0x0,
    0x0, 0x0, 0x0, 0x0, 0x0, 0x0, 0x0, 0x0,
    0x8f, 0xff, 0x60, 0x0, 0x0, 0x0, 0x0, 0x0,
    0x0, 0x0, 0x0, 0x0, 0x8f, 0xff, 0x60, 0x0,
    0x0, 0x0, 0x0, 0x0, 0x0, 0x0, 0x0, 0x0,
    0x8f, 0xff, 0x70, 0x0, 0x0, 0x0, 0x0, 0x0,
    0x0, 0x0, 0x0, 0x0, 0x6f, 0xff, 0x90, 0x0,
    0x0, 0x0, 0x0, 0x0, 0x0, 0x0, 0x0, 0x0,
    0x3f, 0xff, 0xd0, 0x0, 0x0, 0x0, 0x0, 0x0,
    0x0, 0x0, 0x0, 0x0, 0xe, 0xff, 0xf3, 0x0,
    0x0, 0x0, 0x0, 0x0, 0x0, 0x5, 0xdd, 0xd7,
    0x9, 0xff, 0xfb, 0x0, 0x0, 0x0, 0x0, 0x0,
    0x0, 0xb, 0xff, 0xf5, 0x2, 0xff, 0xff, 0x50,
    0x0, 0x0, 0x0, 0x0, 0x0, 0x4f, 0xff, 0xf0,
    0x0, 0x9f, 0xff, 0xf5, 0x0, 0x0, 0x0, 0x0,
    0x3, 0xef, 0xff, 0x80, 0x0, 0x1d, 0xff, 0xff,
    0x92, 0x0, 0x0, 0x1, 0x8f, 0xff, 0xfd, 0x0,
    0x0, 0x2, 0xef, 0xff, 0xff, 0xda, 0x9a, 0xcf,
    0xff, 0xff, 0xe2, 0x0, 0x0, 0x0, 0x2d, 0xff,
    0xff, 0xff, 0xff, 0xff, 0xff, 0xfd, 0x20, 0x0,
    0x0, 0x0, 0x0, 0x7e, 0xff, 0xff, 0xff, 0xff,
    0xff, 0x80, 0x0, 0x0, 0x0, 0x0, 0x0, 0x0,
    0x5a, 0xde, 0xff, 0xdb, 0x61, 0x0, 0x0, 0x0,

    /* U+0044 "D" */
    0x9f, 0xff, 0xff, 0xff, 0xff, 0xec, 0xa5, 0x0,
    0x0, 0x0, 0x0, 0x9f, 0xff, 0xff, 0xff, 0xff,
    0xff, 0xff, 0xf8, 0x0, 0x0, 0x0, 0x9f, 0xff,
    0xff, 0xff, 0xff, 0xff, 0xff, 0xff, 0xe3, 0x0,
    0x0, 0x9f, 0xff, 0x96, 0x66, 0x67, 0x8b, 0xff,
    0xff, 0xff, 0x40, 0x0, 0x9f, 0xff, 0x40, 0x0,
    0x0, 0x0, 0x7, 0xff, 0xff, 0xe1, 0x0, 0x9f,
    0xff, 0x40, 0x0, 0x0, 0x0, 0x0, 0x2e, 0xff,
    0xfb, 0x0, 0x9f, 0xff, 0x40, 0x0, 0x0, 0x0,
    0x0, 0x3, 0xff, 0xff, 0x30, 0x9f, 0xff, 0x40,
    0x0, 0x0, 0x0, 0x0, 0x0, 0x8f, 0xff, 0xa0,
    0x9f, 0xff, 0x40, 0x0, 0x0, 0x0, 0x0, 0x0,
    0x1f, 0xff, 0xe0, 0x9f, 0xff, 0x40, 0x0, 0x0,
    0x0, 0x0, 0x0, 0xc, 0xff, 0xf3, 0x9f, 0xff,
    0x40, 0x0, 0x0, 0x0, 0x0, 0x0, 0x9, 0xff,
    0xf5, 0x9f, 0xff, 0x40, 0x0, 0x0, 0x0, 0x0,
    0x0, 0x7, 0xff, 0xf7, 0x9f, 0xff, 0x40, 0x0,
    0x0, 0x0, 0x0, 0x0, 0x6, 0xff, 0xf8, 0x9f,
    0xff, 0x40, 0x0, 0x0, 0x0, 0x0, 0x0, 0x6,
    0xff, 0xf8, 0x9f, 0xff, 0x40, 0x0, 0x0, 0x0,
    0x0, 0x0, 0x7, 0xff, 0xf7, 0x9f, 0xff, 0x40,
    0x0, 0x0, 0x0, 0x0, 0x0, 0x9, 0xff, 0xf5,
    0x9f, 0xff, 0x40, 0x0, 0x0, 0x0, 0x0, 0x0,
    0xd, 0xff, 0xf2, 0x9f, 0xff, 0x40, 0x0, 0x0,
    0x0, 0x0, 0x0, 0x2f, 0xff, 0xe0, 0x9f, 0xff,
    0x40, 0x0, 0x0, 0x0, 0x0, 0x0, 0x9f, 0xff,
    0xa0, 0x9f, 0xff, 0x40, 0x0, 0x0, 0x0, 0x0,
    0x3, 0xff, 0xff, 0x30, 0x9f, 0xff, 0x40, 0x0,
    0x0, 0x0, 0x0, 0x2e, 0xff, 0xfa, 0x0, 0x9f,
    0xff, 0x40, 0x0, 0x0, 0x0, 0x7, 0xff, 0xff,
    0xe1, 0x0, 0x9f, 0xff, 0x96, 0x66, 0x67, 0x8b,
    0xff, 0xff, 0xff, 0x30, 0x0, 0x9f, 0xff, 0xff,
    0xff, 0xff, 0xff, 0xff, 0xff, 0xd2, 0x0, 0x0,
    0x9f, 0xff, 0xff, 0xff, 0xff, 0xff, 0xff, 0xe8,
    0x0, 0x0, 0x0, 0x9f, 0xff, 0xff, 0xff, 0xff,
    0xec, 0x95, 0x0, 0x0, 0x0, 0x0,

    /* U+0045 "E" */
    0x9f, 0xff, 0xff, 0xff, 0xff, 0xff, 0xff, 0xff,
    0xff, 0x9f, 0xff, 0xff, 0xff, 0xff, 0xff, 0xff,
    0xff, 0xff, 0x9f, 0xff, 0xff, 0xff, 0xff, 0xff,
    0xff, 0xff, 0xff, 0x9f, 0xff, 0x97, 0x77, 0x77,
    0x77, 0x77, 0x77, 0x77, 0x9f, 0xff, 0x40, 0x0,
    0x0, 0x0, 0x0, 0x0, 0x0, 0x9f, 0xff, 0x40,
    0x0, 0x0, 0x0, 0x0, 0x0, 0x0, 0x9f, 0xff,
    0x40, 0x0, 0x0, 0x0, 0x0, 0x0, 0x0, 0x9f,
    0xff, 0x40, 0x0, 0x0, 0x0, 0x0, 0x0, 0x0,
    0x9f, 0xff, 0x40, 0x0, 0x0, 0x0, 0x0, 0x0,
    0x0, 0x9f, 0xff, 0x40, 0x0, 0x0, 0x0, 0x0,
    0x0, 0x0, 0x9f, 0xff, 0x40, 0x0, 0x0, 0x0,
    0x0, 0x0, 0x0, 0x9f, 0xff, 0xff, 0xff, 0xff,
    0xff, 0xff, 0xff, 0xf0, 0x9f, 0xff, 0xff, 0xff,
    0xff, 0xff, 0xff, 0xff, 0xf0, 0x9f, 0xff, 0xff,
    0xff, 0xff, 0xff, 0xff, 0xff, 0xf0, 0x9f, 0xff,
    0x96, 0x66, 0x66, 0x66, 0x66, 0x66, 0x60, 0x9f,
    0xff, 0x40, 0x0, 0x0, 0x0, 0x0, 0x0, 0x0,
    0x9f, 0xff, 0x40, 0x0, 0x0, 0x0, 0x0, 0x0,
    0x0, 0x9f, 0xff, 0x40, 0x0, 0x0, 0x0, 0x0,
    0x0, 0x0, 0x9f, 0xff, 0x40, 0x0, 0x0, 0x0,
    0x0, 0x0, 0x0, 0x9f, 0xff, 0x40, 0x0, 0x0,
    0x0, 0x0, 0x0, 0x0, 0x9f, 0xff, 0x40, 0x0,
    0x0, 0x0, 0x0, 0x0, 0x0, 0x9f, 0xff, 0x40,
    0x0, 0x0, 0x0, 0x0, 0x0, 0x0, 0x9f, 0xff,
    0x97, 0x77, 0x77, 0x77, 0x77, 0x77, 0x77, 0x9f,
    0xff, 0xff, 0xff, 0xff, 0xff, 0xff, 0xff, 0xff,
    0x9f, 0xff, 0xff, 0xff, 0xff, 0xff, 0xff, 0xff,
    0xff, 0x9f, 0xff, 0xff, 0xff, 0xff, 0xff, 0xff,
    0xff, 0xff,

    /* U+0046 "F" */
    0x9f, 0xff, 0xff, 0xff, 0xff, 0xff, 0xff, 0xff,
    0xf7, 0x9f, 0xff, 0xff, 0xff, 0xff, 0xff, 0xff,
    0xff, 0xf7, 0x9f, 0xff, 0xff, 0xff, 0xff, 0xff,
    0xff, 0xff, 0xf7, 0x9f, 0xff, 0x97, 0x77, 0x77,
    0x77, 0x77, 0x77, 0x73, 0x9f, 0xff, 0x40, 0x0,
    0x0, 0x0, 0x0, 0x0, 0x0, 0x9f, 0xff, 0x40,
    0x0, 0x0, 0x0, 0x0, 0x0, 0x0, 0x9f, 0xff,
    0x40, 0x0, 0x0, 0x0, 0x0, 0x0, 0x0, 0x9f,
    0xff, 0x40, 0x0, 0x0, 0x0, 0x0, 0x0, 0x0,
    0x9f, 0xff, 0x40, 0x0, 0x0, 0x0, 0x0, 0x0,
    0x0, 0x9f, 0xff, 0x40, 0x0, 0x0, 0x0, 0x0,
    0x0, 0x0, 0x9f, 0xff, 0x40, 0x0, 0x0, 0x0,
    0x0, 0x0, 0x0, 0x9f, 0xff, 0xff, 0xff, 0xff,
    0xff, 0xff, 0xff, 0x70, 0x9f, 0xff, 0xff, 0xff,
    0xff, 0xff, 0xff, 0xff, 0x70, 0x9f, 0xff, 0xff,
    0xff, 0xff, 0xff, 0xff, 0xff, 0x70, 0x9f, 0xff,
    0x86, 0x66, 0x66, 0x66, 0x66, 0x66, 0x20, 0x9f,
    0xff, 0x40, 0x0, 0x0, 0x0, 0x0, 0x0, 0x0,
    0x9f, 0xff, 0x40, 0x0, 0x0, 0x0, 0x0, 0x0,
    0x0, 0x9f, 0xff, 0x40, 0x0, 0x0, 0x0, 0x0,
    0x0, 0x0, 0x9f, 0xff, 0x40, 0x0, 0x0, 0x0,
    0x0, 0x0, 0x0, 0x9f, 0xff, 0x40, 0x0, 0x0,
    0x0, 0x0, 0x0, 0x0, 0x9f, 0xff, 0x40, 0x0,
    0x0, 0x0, 0x0, 0x0, 0x0, 0x9f, 0xff, 0x40,
    0x0, 0x0, 0x0, 0x0, 0x0, 0x0, 0x9f, 0xff,
    0x40, 0x0, 0x0, 0x0, 0x0, 0x0, 0x0, 0x9f,
    0xff, 0x40, 0x0, 0x0, 0x0, 0x0, 0x0, 0x0,
    0x9f, 0xff, 0x40, 0x0, 0x0, 0x0, 0x0, 0x0,
    0x0, 0x9f, 0xff, 0x40, 0x0, 0x0, 0x0, 0x0,
    0x0, 0x0,

    /* U+0047 "G" */
    0x0, 0x0, 0x0, 0x0, 0x5a, 0xde, 0xff, 0xda,
    0x61, 0x0, 0x0, 0x0, 0x0, 0x0, 0x0, 0x7e,
    0xff, 0xff, 0xff, 0xff, 0xff, 0x70, 0x0, 0x0,
    0x0, 0x0, 0x1c, 0xff, 0xff, 0xff, 0xff, 0xff,
    0xff, 0xfe, 0x20, 0x0, 0x0, 0x2, 0xef, 0xff,
    0xff, 0xda, 0x9a, 0xcf, 0xff, 0xff, 0xe3, 0x0,
    0x0, 0xd, 0xff, 0xff, 0xa2, 0x0, 0x0, 0x1,
    0x7f, 0xff, 0xfe, 0x10, 0x0, 0x9f, 0xff, 0xf6,
    0x0, 0x0, 0x0, 0x0, 0x2, 0xef, 0xff, 0xa0,
    0x2, 0xff, 0xff, 0x60, 0x0, 0x0, 0x0, 0x0,
    0x0, 0x3f, 0xff, 0xf1, 0x9, 0xff, 0xfb, 0x0,
    0x0, 0x0, 0x0, 0x0, 0x0, 0xa, 0xff, 0xf6,
    0xe, 0xff, 0xf3, 0x0, 0x0, 0x0, 0x0, 0x0,
    0x0, 0x1, 0x55, 0x52, 0x3f, 0xff, 0xd0, 0x0,
    0x0, 0x0, 0x0, 0x0, 0x0, 0x0, 0x0, 0x0,
    0x6f, 0xff, 0x90, 0x0, 0x0, 0x0, 0x0, 0x0,
    0x0, 0x0, 0x0, 0x0, 0x7f, 0xff, 0x60, 0x0,
    0x0, 0x0, 0x0, 0x0, 0x0, 0x0, 0x0, 0x0,
    0x8f, 0xff, 0x50, 0x0, 0x0, 0x0, 0x8, 0xff,
    0xff, 0xff, 0xff, 0xfc, 0x8f, 0xff, 0x50, 0x0,
    0x0, 0x0, 0x8, 0xff, 0xff, 0xff, 0xff, 0xfc,
    0x8f, 0xff, 0x60, 0x0, 0x0, 0x0, 0x8, 0xff,
    0xff, 0xff, 0xff, 0xfc, 0x6f, 0xff, 0x90, 0x0,
    0x0, 0x0, 0x2, 0x44, 0x44, 0x45, 0xff, 0xfc,
    0x3f, 0xff, 0xd0, 0x0, 0x0, 0x0, 0x0, 0x0,
    0x0, 0x3, 0xff, 0xfb, 0xe, 0xff, 0xf2, 0x0,
    0x0, 0x0, 0x0, 0x0, 0x0, 0x6, 0xff, 0xf8,
    0x9, 0xff, 0xfb, 0x0, 0x0, 0x0, 0x0, 0x0,
    0x0, 0xd, 0xff, 0xf4, 0x2, 0xff, 0xff, 0x60,
    0x0, 0x0, 0x0, 0x0, 0x0, 0x6f, 0xff, 0xe0,
    0x0, 0x9f, 0xff, 0xf6, 0x0, 0x0, 0x0, 0x0,
    0x5, 0xff, 0xff, 0x60, 0x0, 0xd, 0xff, 0xff,
    0xa2, 0x0, 0x0, 0x2, 0x9f, 0xff, 0xfc, 0x0,
    0x0, 0x2, 0xef, 0xff, 0xff, 0xda, 0x9a, 0xdf,
    0xff, 0xff, 0xd1, 0x0, 0x0, 0x0, 0x1c, 0xff,
    0xff, 0xff, 0xff, 0xff, 0xff, 0xfc, 0x10, 0x0,
    0x0, 0x0, 0x0, 0x7e, 0xff, 0xff, 0xff, 0xff,
    0xfe, 0x70, 0x0, 0x0, 0x0, 0x0, 0x0, 0x0,
    0x5a, 0xdf, 0xff, 0xda, 0x50, 0x0, 0x0, 0x0,

    /* U+0048 "H" */
    0x9f, 0xff, 0x40, 0x0, 0x0, 0x0, 0x0, 0x0,
    0xb, 0xff, 0xf3, 0x9f, 0xff, 0x40, 0x0, 0x0,
    0x0, 0x0, 0x0, 0xb, 0xff, 0xf3, 0x9f, 0xff,
    0x40, 0x0, 0x0, 0x0, 0x0, 0x0, 0xb, 0xff,
    0xf3, 0x9f, 0xff, 0x40, 0x0, 0x0, 0x0, 0x0,
    0x0, 0xb, 0xff, 0xf3, 0x9f, 0xff, 0x40, 0x0,
    0x0, 0x0, 0x0, 0x0, 0xb, 0xff, 0xf3, 0x9f,
    0xff, 0x40, 0x0, 0x0, 0x0, 0x0, 0x0, 0xb,
    0xff, 0xf3, 0x9f, 0xff, 0x40, 0x0, 0x0, 0x0,
    0x0, 0x0, 0xb, 0xff, 0xf3, 0x9f, 0xff, 0x40,
    0x0, 0x0, 0x0, 0x0, 0x0, 0xb, 0xff, 0xf3,
    0x9f, 0xff, 0x40, 0x0, 0x0, 0x0, 0x0, 0x0,
    0xb, 0xff, 0xf3, 0x9f, 0xff, 0x40, 0x0, 0x0,
    0x0, 0x0, 0x0, 0xb, 0xff, 0xf3, 0x9f, 0xff,
    0x40, 0x0, 0x0, 0x0, 0x0, 0x0, 0xb, 0xff,
    0xf3, 0x9f, 0xff, 0xff, 0xff, 0xff, 0xff, 0xff,
    0xff, 0xff, 0xff, 0xf3, 0x9f, 0xff, 0xff, 0xff,
    0xff, 0xff, 0xff, 0xff, 0xff, 0xff, 0xf3, 0x9f,
    0xff, 0xff, 0xff, 0xff, 0xff, 0xff, 0xff, 0xff,
    0xff, 0xf3, 0x9f, 0xff, 0x96, 0x66, 0x66, 0x66,
    0x66, 0x66, 0x6d, 0xff, 0xf3, 0x9f, 0xff, 0x40,
    0x0, 0x0, 0x0, 0x0, 0x0, 0xb, 0xff, 0xf3,
    0x9f, 0xff, 0x40, 0x0, 0x0, 0x0, 0x0, 0x0,
    0xb, 0xff, 0xf3, 0x9f, 0xff, 0x40, 0x0, 0x0,
    0x0, 0x0, 0x0, 0xb, 0xff, 0xf3, 0x9f, 0xff,
    0x40, 0x0, 0x0, 0x0, 0x0, 0x0, 0xb, 0xff,
    0xf3, 0x9f, 0xff, 0x40, 0x0, 0x0, 0x0, 0x0,
    0x0, 0xb, 0xff, 0xf3, 0x9f, 0xff, 0x40, 0x0,
    0x0, 0x0, 0x0, 0x0, 0xb, 0xff, 0xf3, 0x9f,
    0xff, 0x40, 0x0, 0x0, 0x0, 0x0, 0x0, 0xb,
    0xff, 0xf3, 0x9f, 0xff, 0x40, 0x0, 0x0, 0x0,
    0x0, 0x0, 0xb, 0xff, 0xf3, 0x9f, 0xff, 0x40,
    0x0, 0x0, 0x0, 0x0, 0x0, 0xb, 0xff, 0xf3,
    0x9f, 0xff, 0x40, 0x0, 0x0, 0x0, 0x0, 0x0,
    0xb, 0xff, 0xf3, 0x9f, 0xff, 0x40, 0x0, 0x0,
    0x0, 0x0, 0x0, 0xb, 0xff, 0xf3,

    /* U+0049 "I" */
    0x9f, 0xff, 0x49, 0xff, 0xf4, 0x9f, 0xff, 0x49,
    0xff, 0xf4, 0x9f, 0xff, 0x49, 0xff, 0xf4, 0x9f,
    0xff, 0x49, 0xff, 0xf4, 0x9f, 0xff, 0x49, 0xff,
    0xf4, 0x9f, 0xff, 0x49, 0xff, 0xf4, 0x9f, 0xff,
    0x49, 0xff, 0xf4, 0x9f, 0xff, 0x49, 0xff, 0xf4,
    0x9f, 0xff, 0x49, 0xff, 0xf4, 0x9f, 0xff, 0x49,
    0xff, 0xf4, 0x9f, 0xff, 0x49, 0xff, 0xf4, 0x9f,
    0xff, 0x49, 0xff, 0xf4, 0x9f, 0xff, 0x49, 0xff,
    0xf4,

    /* U+004A "J" */
    0x0, 0x0, 0x0, 0x0, 0x0, 0x0, 0x9f, 0xff,
    0x50, 0x0, 0x0, 0x0, 0x0, 0x0, 0x9, 0xff,
    0xf5, 0x0, 0x0, 0x0, 0x0, 0x0, 0x0, 0x9f,
    0xff, 0x50, 0x0, 0x0, 0x0, 0x0, 0x0, 0x9,
    0xff, 0xf5, 0x0, 0x0, 0x0, 0x0, 0x0, 0x0,
    0x9f, 0xff, 0x50, 0x0, 0x0, 0x0, 0x0, 0x0,
    0x9, 0xff, 0xf5, 0x0, 0x0, 0x0, 0x0, 0x0,
    0x0, 0x9f, 0xff, 0x50, 0x0, 0x0, 0x0, 0x0,
    0x0, 0x9, 0xff, 0xf5, 0x0, 0x0, 0x0, 0x0,
    0x0, 0x0, 0x9f, 0xff, 0x50, 0x0, 0x0, 0x0,
    0x0, 0x0, 0x9, 0xff, 0xf5, 0x0, 0x0, 0x0,
    0x0, 0x0, 0x0, 0x9f, 0xff, 0x50, 0x0, 0x0,
    0x0, 0x0, 0x0, 0x9, 0xff, 0xf5, 0x0, 0x0,
    0x0, 0x0, 0x0, 0x0, 0x9f, 0xff, 0x50, 0x0,
    0x0, 0x0, 0x0, 0x0, 0x9, 0xff, 0xf5, 0x0,
    0x0, 0x0, 0x0, 0x0, 0x0, 0x9f, 0xff, 0x50,
    0x0, 0x0, 0x0, 0x0, 0x0, 0x9, 0xff, 0xf5,
    0x45, 0x55, 0x0, 0x0, 0x0, 0x0, 0x9f, 0xff,
    0x5c, 0xff, 0xf0, 0x0, 0x0, 0x0, 0x9, 0xff,
    0xf5, 0xbf, 0xff, 0x0, 0x0, 0x0, 0x0, 0xaf,
    0xff, 0x4a, 0xff, 0xf2, 0x0, 0x0, 0x0, 0xc,
    0xff, 0xf3, 0x7f, 0xff, 0x80, 0x0, 0x0, 0x2,
    0xff, 0xff, 0x2, 0xff, 0xff, 0x40, 0x0, 0x1,
    0xcf, 0xff, 0xb0, 0xb, 0xff, 0xff, 0xb7, 0x69,
    0xef, 0xff, 0xf4, 0x0, 0x1d, 0xff, 0xff, 0xff,
    0xff, 0xff, 0xf8, 0x0, 0x0, 0x1b, 0xff, 0xff,
    0xff, 0xff, 0xf6, 0x0, 0x0, 0x0, 0x4, 0x9d,
    0xff, 0xeb, 0x71, 0x0, 0x0,

    /* U+004B "K" */
    0x9f, 0xff, 0x40, 0x0, 0x0, 0x0, 0x0, 0x6,
    0xff, 0xff, 0x80, 0x9f, 0xff, 0x40, 0x0, 0x0,
    0x0, 0x0, 0x5f, 0xff, 0xf9, 0x0, 0x9f, 0xff,
    0x40, 0x0, 0x0, 0x0, 0x4, 0xff, 0xff, 0xa0,
    0x0, 0x9f, 0xff, 0x40, 0x0, 0x0, 0x0, 0x3f,
    0xff, 0xfc, 0x0, 0x0, 0x9f, 0xff, 0x40, 0x0,
    0x0, 0x2, 0xef, 0xff, 0xc0, 0x0, 0x0, 0x9f,
    0xff, 0x40, 0x0, 0x0, 0x1e, 0xff, 0xfd, 0x10,
    0x0, 0x0, 0x9f, 0xff, 0x40, 0x0, 0x1, 0xdf,
    0xff, 0xe2, 0x0, 0x0, 0x0, 0x9f, 0xff, 0x40,
    0x0, 0xc, 0xff, 0xfe, 0x20, 0x0, 0x0, 0x0,
    0x9f, 0xff, 0x40, 0x0, 0xbf, 0xff, 0xf3, 0x0,
    0x0, 0x0, 0x0, 0x9f, 0xff, 0x40, 0x9, 0xff,
    0xff, 0x40, 0x0, 0x0, 0x0, 0x0, 0x9f, 0xff,
    0x40, 0x8f, 0xff, 0xf5, 0x0, 0x0, 0x0, 0x0,
    0x0, 0x9f, 0xff, 0x46, 0xff, 0xff, 0xd0, 0x0,
    0x0, 0x0, 0x0, 0x0, 0x9f, 0xff, 0x9f, 0xff,
    0xff, 0xf8, 0x0, 0x0, 0x0, 0x0, 0x0, 0x9f,
    0xff, 0xff, 0xff, 0xff, 0xff, 0x40, 0x0, 0x0,
    0x0, 0x0, 0x9f, 0xff, 0xff, 0xf6, 0x9f, 0xff,
    0xe1, 0x0, 0x0, 0x0, 0x0, 0x9f, 0xff, 0xff,
    0x80, 0xd, 0xff, 0xfa, 0x0, 0x0, 0x0, 0x0,
    0x9f, 0xff, 0xf9, 0x0, 0x3, 0xff, 0xff, 0x50,
    0x0, 0x0, 0x0, 0x9f, 0xff, 0xa0, 0x0, 0x0,
    0x7f, 0xff, 0xf2, 0x0, 0x0, 0x0, 0x9f, 0xff,
    0x40, 0x0, 0x0, 0xc, 0xff, 0xfc, 0x0, 0x0,
    0x0, 0x9f, 0xff, 0x40, 0x0, 0x0, 0x1, 0xff,
    0xff, 0x70, 0x0, 0x0, 0x9f, 0xff, 0x40, 0x0,
    0x0, 0x0, 0x5f, 0xff, 0xf3, 0x0, 0x0, 0x9f,
    0xff, 0x40, 0x0, 0x0, 0x0, 0xa, 0xff, 0xfd,
    0x0, 0x0, 0x9f, 0xff, 0x40, 0x0, 0x0, 0x0,
    0x1, 0xef, 0xff, 0x90, 0x0, 0x9f, 0xff, 0x40,
    0x0, 0x0, 0x0, 0x0, 0x4f, 0xff, 0xf4, 0x0,
    0x9f, 0xff, 0x40, 0x0, 0x0, 0x0, 0x0, 0x8,
    0xff, 0xfe, 0x10, 0x9f, 0xff, 0x40, 0x0, 0x0,
    0x0, 0x0, 0x0, 0xcf, 0xff, 0xb0,

    /* U+004C "L" */
    0x9f, 0xff, 0x40, 0x0, 0x0, 0x0, 0x0, 0x0,
    0x9, 0xff, 0xf4, 0x0, 0x0, 0x0, 0x0, 0x0,
    0x0, 0x9f, 0xff, 0x40, 0x0, 0x0, 0x0, 0x0,
    0x0, 0x9, 0xff, 0xf4, 0x0, 0x0, 0x0, 0x0,
    0x0, 0x0, 0x9f, 0xff, 0x40, 0x0, 0x0, 0x0,
    0x0, 0x0, 0x9, 0xff, 0xf4, 0x0, 0x0, 0x0,
    0x0, 0x0, 0x0, 0x9f, 0xff, 0x40, 0x0, 0x0,
    0x0, 0x0, 0x0, 0x9, 0xff, 0xf4, 0x0, 0x0,
    0x0, 0x0, 0x0, 0x0, 0x9f, 0xff, 0x40, 0x0,
    0x0, 0x0, 0x0, 0x0, 0x9, 0xff, 0xf4, 0x0,
    0x0, 0x0, 0x0, 0x0, 0x0, 0x9f, 0xff, 0x40,
    0x0, 0x0, 0x0, 0x0, 0x0, 0x9, 0xff, 0xf4,
    0x0, 0x0, 0x0, 0x0, 0x0, 0x0, 0x9f, 0xff,
    0x40, 0x0, 0x0, 0x0, 0x0, 0x0, 0x9, 0xff,
    0xf4, 0x0, 0x0, 0x0, 0x0, 0x0, 0x0, 0x9f,
    0xff, 0x40, 0x0, 0x0, 0x0, 0x0, 0x0, 0x9,
    0xff, 0xf4, 0x0, 0x0, 0x0, 0x0, 0x0, 0x0,
    0x9f, 0xff, 0x40, 0x0, 0x0, 0x0, 0x0, 0x0,
    0x9, 0xff, 0xf4, 0x0, 0x0, 0x0, 0x0, 0x0,
    0x0, 0x9f, 0xff, 0x40, 0x0, 0x0, 0x0, 0x0,
    0x0, 0x9, 0xff, 0xf4, 0x0, 0x0, 0x0, 0x0,
    0x0, 0x0, 0x9f, 0xff, 0x40, 0x0, 0x0, 0x0,
    0x0, 0x0, 0x9, 0xff, 0xf4, 0x0, 0x0, 0x0,
    0x0, 0x0, 0x0, 0x9f, 0xff, 0x97, 0x77, 0x77,
    0x77, 0x77, 0x77, 0x49, 0xff, 0xff, 0xff, 0xff,
    0xff, 0xff, 0xff, 0xfb, 0x9f, 0xff, 0xff, 0xff,
    0xff, 0xff, 0xff, 0xff, 0xb9, 0xff, 0xff, 0xff,
    0xff, 0xff, 0xff, 0xff, 0xfb,

    /* U+004D "M" */
    0x9f, 0xff, 0xff, 0x10, 0x0, 0x0, 0x0, 0x0,
    0x0, 0x0, 0xc, 0xff, 0xff, 0xe9, 0xff, 0xff,
    0xf7, 0x0, 0x0, 0x0, 0x0, 0x0, 0x0, 0x2,
    0xff, 0xff, 0xfe, 0x9f, 0xff, 0xff, 0xd0, 0x0,
    0x0, 0x0, 0x0, 0x0, 0x0, 0x8f, 0xff, 0xff,
    0xe9, 0xff, 0xff, 0xff, 0x30, 0x0, 0x0, 0x0,
    0x0, 0x0, 0xe, 0xff, 0xff, 0xfe, 0x9f, 0xff,
    0xff, 0xfa, 0x0, 0x0, 0x0, 0x0, 0x0, 0x5,
    0xff, 0xff, 0xff, 0xe9, 0xff, 0xfe, 0xff, 0xf0,
    0x0, 0x0, 0x0, 0x0, 0x0, 0xbf, 0xff, 0xdf,
    0xfe, 0x9f, 0xff, 0x9f, 0xff, 0x60, 0x0, 0x0,
    0x0, 0x0, 0x1f, 0xff, 0xad, 0xff, 0xe9, 0xff,
    0xf4, 0xff, 0xfc, 0x0, 0x0, 0x0, 0x0, 0x7,
    0xff, 0xf4, 0xdf, 0xfe, 0x9f, 0xff, 0x3b, 0xff,
    0xf2, 0x0, 0x0, 0x0, 0x0, 0xdf, 0xff, 0xe,
    0xff, 0xe9, 0xff, 0xf3, 0x5f, 0xff, 0x80, 0x0,
    0x0, 0x0, 0x3f, 0xff, 0x90, 0xef, 0xfe, 0x9f,
    0xff, 0x30, 0xff, 0xfe, 0x0, 0x0, 0x0, 0x9,
    0xff, 0xf4, 0xe, 0xff, 0xe9, 0xff, 0xf3, 0xa,
    0xff, 0xf5, 0x0, 0x0, 0x0, 0xff, 0xfe, 0x0,
    0xef, 0xfe, 0x9f, 0xff, 0x30, 0x4f, 0xff, 0xb0,
    0x0, 0x0, 0x5f, 0xff, 0x80, 0xe, 0xff, 0xe9,
    0xff, 0xf3, 0x0, 0xdf, 0xff, 0x10, 0x0, 0xb,
    0xff, 0xf2, 0x0, 0xef, 0xfe, 0x9f, 0xff, 0x30,
    0x7, 0xff, 0xf7, 0x0, 0x1, 0xff, 0xfb, 0x0,
    0xe, 0xff, 0xe9, 0xff, 0xf3, 0x0, 0x1f, 0xff,
    0xd0, 0x0, 0x7f, 0xff, 0x50, 0x0, 0xef, 0xfe,
    0x9f, 0xff, 0x30, 0x0, 0xaf, 0xff, 0x30, 0xd,
    0xff, 0xe0, 0x0, 0xe, 0xff, 0xe9, 0xff, 0xf3,
    0x0, 0x4, 0xff, 0xf8, 0x2, 0xff, 0xf9, 0x0,
    0x0, 0xef, 0xfe, 0x9f, 0xff, 0x30, 0x0, 0xe,
    0xff, 0xe0, 0x8f, 0xff, 0x20, 0x0, 0xe, 0xff,
    0xe9, 0xff, 0xf3, 0x0, 0x0, 0x8f, 0xff, 0x3d,
    0xff, 0xc0, 0x0, 0x0, 0xef, 0xfe, 0x9f, 0xff,
    0x30, 0x0, 0x1, 0xff, 0xfc, 0xff, 0xf6, 0x0,
    0x0, 0xe, 0xff, 0xe9, 0xff, 0xf3, 0x0, 0x0,
    0xb, 0xff, 0xff, 0xff, 0x0, 0x0, 0x0, 0xef,
    0xfe, 0x9f, 0xff, 0x30, 0x0, 0x0, 0x5f, 0xff,
    0xff, 0xa0, 0x0, 0x0, 0xe, 0xff, 0xe9, 0xff,
    0xf3, 0x0, 0x0, 0x0, 0xef, 0xff, 0xf3, 0x0,
    0x0, 0x0, 0xef, 0xfe, 0x9f, 0xff, 0x30, 0x0,
    0x0, 0x8, 0xff, 0xfd, 0x0, 0x0, 0x0, 0xe,
    0xff, 0xe9, 0xff, 0xf3, 0x0, 0x0, 0x0, 0x2f,
    0xff, 0x70, 0x0, 0x0, 0x0, 0xef, 0xfe,

    /* U+004E "N" */
    0x9f, 0xff, 0xe1, 0x0, 0x0, 0x0, 0x0, 0x0,
    0x9, 0xff, 0xf5, 0x9f, 0xff, 0xfa, 0x0, 0x0,
    0x0, 0x0, 0x0, 0x9, 0xff, 0xf5, 0x9f, 0xff,
    0xff, 0x40, 0x0, 0x0, 0x0, 0x0, 0x9, 0xff,
    0xf5, 0x9f, 0xff, 0xff, 0xe0, 0x0, 0x0, 0x0,
    0x0, 0x9, 0xff, 0xf5, 0x9f, 0xff, 0xff, 0xf9,
    0x0, 0x0, 0x0, 0x0, 0x9, 0xff, 0xf5, 0x9f,
    0xff, 0xef, 0xff, 0x30, 0x0, 0x0, 0x0, 0x9,
    0xff, 0xf5, 0x9f, 0xff, 0x6f, 0xff, 0xd0, 0x0,
    0x0, 0x0, 0x9, 0xff, 0xf5, 0x9f, 0xff, 0x3a,
    0xff, 0xf7, 0x0, 0x0, 0x0, 0x9, 0xff, 0xf5,
    0x9f, 0xff, 0x31, 0xff, 0xff, 0x20, 0x0, 0x0,
    0x9, 0xff, 0xf5, 0x9f, 0xff, 0x40, 0x7f, 0xff,
    0xc0, 0x0, 0x0, 0x9, 0xff, 0xf5, 0x9f, 0xff,
    0x40, 0xd, 0xff, 0xf6, 0x0, 0x0, 0x9, 0xff,
    0xf5, 0x9f, 0xff, 0x40, 0x3, 0xff, 0xfe, 0x10,
    0x0, 0x9, 0xff, 0xf5, 0x9f, 0xff, 0x40, 0x0,
    0x9f, 0xff, 0xa0, 0x0, 0x9, 0xff, 0xf5, 0x9f,
    0xff, 0x40, 0x0, 0xe, 0xff, 0xf4, 0x0, 0x9,
    0xff, 0xf5, 0x9f, 0xff, 0x40, 0x0, 0x5, 0xff,
    0xfe, 0x0, 0x9, 0xff, 0xf5, 0x9f, 0xff, 0x40,
    0x0, 0x0, 0xbf, 0xff, 0x90, 0x8, 0xff, 0xf5,
    0x9f, 0xff, 0x40, 0x0, 0x0, 0x1f, 0xff, 0xf3,
    0x8, 0xff, 0xf5, 0x9f, 0xff, 0x40, 0x0, 0x0,
    0x6, 0xff, 0xfc, 0x8, 0xff, 0xf5, 0x9f, 0xff,
    0x40, 0x0, 0x0, 0x0, 0xcf, 0xff, 0x58, 0xff,
    0xf5, 0x9f, 0xff, 0x40, 0x0, 0x0, 0x0, 0x2f,
    0xff, 0xe8, 0xff, 0xf5, 0x9f, 0xff, 0x40, 0x0,
    0x0, 0x0, 0x8, 0xff, 0xfe, 0xff, 0xf5, 0x9f,
    0xff, 0x40, 0x0, 0x0, 0x0, 0x0, 0xdf, 0xff,
    0xff, 0xf5, 0x9f, 0xff, 0x40, 0x0, 0x0, 0x0,
    0x0, 0x3f, 0xff, 0xff, 0xf5, 0x9f, 0xff, 0x40,
    0x0, 0x0, 0x0, 0x0, 0x9, 0xff, 0xff, 0xf5,
    0x9f, 0xff, 0x40, 0x0, 0x0, 0x0, 0x0, 0x0,
    0xef, 0xff, 0xf5, 0x9f, 0xff, 0x40, 0x0, 0x0,
    0x0, 0x0, 0x0, 0x5f, 0xff, 0xf5,

    /* U+004F "O" */
    0x0, 0x0, 0x0, 0x0, 0x5a, 0xdf, 0xfe, 0xda,
    0x50, 0x0, 0x0, 0x0, 0x0, 0x0, 0x0, 0x7,
    0xef, 0xff, 0xff, 0xff, 0xff, 0xe7, 0x0, 0x0,
    0x0, 0x0, 0x0, 0x2c, 0xff, 0xff, 0xff, 0xff,
    0xff, 0xff, 0xfc, 0x10, 0x0, 0x0, 0x0, 0x2e,
    0xff, 0xff, 0xfd, 0xa9, 0xad, 0xff, 0xff, 0xfd,
    0x10, 0x0, 0x0, 0xd, 0xff, 0xff, 0x92, 0x0,
    0x0, 0x2, 0xaf, 0xff, 0xfc, 0x0, 0x0, 0x9,
    0xff, 0xff, 0x40, 0x0, 0x0, 0x0, 0x0, 0x5f,
    0xff, 0xf8, 0x0, 0x2, 0xff, 0xff, 0x50, 0x0,
    0x0, 0x0, 0x0, 0x0, 0x6f, 0xff, 0xf1, 0x0,
    0x9f, 0xff, 0xa0, 0x0, 0x0, 0x0, 0x0, 0x0,
    0x0, 0xbf, 0xff, 0x80, 0xe, 0xff, 0xf2, 0x0,
    0x0, 0x0, 0x0, 0x0, 0x0, 0x3, 0xff, 0xfe,
    0x3, 0xff, 0xfd, 0x0, 0x0, 0x0, 0x0, 0x0,
    0x0, 0x0, 0xd, 0xff, 0xf2, 0x6f, 0xff, 0x90,
    0x0, 0x0, 0x0, 0x0, 0x0, 0x0, 0x0, 0x9f,
    0xff, 0x58, 0xff, 0xf6, 0x0, 0x0, 0x0, 0x0,
    0x0, 0x0, 0x0, 0x7, 0xff, 0xf7, 0x8f, 0xff,
    0x50, 0x0, 0x0, 0x0, 0x0, 0x0, 0x0, 0x0,
    0x6f, 0xff, 0x88, 0xff, 0xf5, 0x0, 0x0, 0x0,
    0x0, 0x0, 0x0, 0x0, 0x6, 0xff, 0xf8, 0x8f,
    0xff, 0x60, 0x0, 0x0, 0x0, 0x0, 0x0, 0x0,
    0x0, 0x7f, 0xff, 0x76, 0xff, 0xf9, 0x0, 0x0,
    0x0, 0x0, 0x0, 0x0, 0x0, 0x9, 0xff, 0xf5,
    0x3f, 0xff, 0xc0, 0x0, 0x0, 0x0, 0x0, 0x0,
    0x0, 0x0, 0xdf, 0xff, 0x20, 0xef, 0xff, 0x20,
    0x0, 0x0, 0x0, 0x0, 0x0, 0x0, 0x3f, 0xff,
    0xe0, 0x9, 0xff, 0xfa, 0x0, 0x0, 0x0, 0x0,
    0x0, 0x0, 0xb, 0xff, 0xf8, 0x0, 0x2f, 0xff,
    0xf5, 0x0, 0x0, 0x0, 0x0, 0x0, 0x5, 0xff,
    0xff, 0x10, 0x0, 0x9f, 0xff, 0xf4, 0x0, 0x0,
    0x0, 0x0, 0x5, 0xff, 0xff, 0x80, 0x0, 0x1,
    0xdf, 0xff, 0xf9, 0x20, 0x0, 0x0, 0x2a, 0xff,
    0xff, 0xd0, 0x0, 0x0, 0x2, 0xef, 0xff, 0xff,
    0xda, 0x9a, 0xdf, 0xff, 0xff, 0xe1, 0x0, 0x0,
    0x0, 0x2, 0xdf, 0xff, 0xff, 0xff, 0xff, 0xff,
    0xff, 0xc1, 0x0, 0x0, 0x0, 0x0, 0x0, 0x7f,
    0xff, 0xff, 0xff, 0xff, 0xfe, 0x70, 0x0, 0x0,
    0x0, 0x0, 0x0, 0x0, 0x5, 0xad, 0xff, 0xfd,
    0xa5, 0x0, 0x0, 0x0, 0x0,

    /* U+0050 "P" */
    0x9f, 0xff, 0xff, 0xff, 0xff, 0xfe, 0xc8, 0x20,
    0x0, 0x0, 0x9f, 0xff, 0xff, 0xff, 0xff, 0xff,
    0xff, 0xfb, 0x10, 0x0, 0x9f, 0xff, 0xff, 0xff,
    0xff, 0xff, 0xff, 0xff, 0xe2, 0x0, 0x9f, 0xff,
    0x96, 0x66, 0x66, 0x79, 0xdf, 0xff, 0xfd, 0x0,
    0x9f, 0xff, 0x40, 0x0, 0x0, 0x0, 0x5, 0xff,
    0xff, 0x70, 0x9f, 0xff, 0x40, 0x0, 0x0, 0x0,
    0x0, 0x5f, 0xff, 0xd0, 0x9f, 0xff, 0x40, 0x0,
    0x0, 0x0, 0x0, 0xd, 0xff, 0xf1, 0x9f, 0xff,
    0x40, 0x0, 0x0, 0x0, 0x0, 0xa, 0xff, 0xf2,
    0x9f, 0xff, 0x40, 0x0, 0x0, 0x0, 0x0, 0xa,
    0xff, 0xf2, 0x9f, 0xff, 0x40, 0x0, 0x0, 0x0,
    0x0, 0xd, 0xff, 0xf1, 0x9f, 0xff, 0x40, 0x0,
    0x0, 0x0, 0x0, 0x5f, 0xff, 0xd0, 0x9f, 0xff,
    0x40, 0x0, 0x0, 0x0, 0x5, 0xff, 0xff, 0x70,
    0x9f, 0xff, 0x86, 0x66, 0x66, 0x68, 0xdf, 0xff,
    0xfd, 0x0, 0x9f, 0xff, 0xff, 0xff, 0xff, 0xff,
    0xff, 0xff, 0xe1, 0x0, 0x9f, 0xff, 0xff, 0xff,
    0xff, 0xff, 0xff, 0xfa, 0x10, 0x0, 0x9f, 0xff,
    0xff, 0xff, 0xff, 0xfd, 0xb7, 0x20, 0x0, 0x0,
    0x9f, 0xff, 0x40, 0x0, 0x0, 0x0, 0x0, 0x0,
    0x0, 0x0, 0x9f, 0xff, 0x40, 0x0, 0x0, 0x0,
    0x0, 0x0, 0x0, 0x0, 0x9f, 0xff, 0x40, 0x0,
    0x0, 0x0, 0x0, 0x0, 0x0, 0x0, 0x9f, 0xff,
    0x40, 0x0, 0x0, 0x0, 0x0, 0x0, 0x0, 0x0,
    0x9f, 0xff, 0x40, 0x0, 0x0, 0x0, 0x0, 0x0,
    0x0, 0x0, 0x9f, 0xff, 0x40, 0x0, 0x0, 0x0,
    0x0, 0x0, 0x0, 0x0, 0x9f, 0xff, 0x40, 0x0,
    0x0, 0x0, 0x0, 0x0, 0x0, 0x0, 0x9f, 0xff,
    0x40, 0x0, 0x0, 0x0, 0x0, 0x0, 0x0, 0x0,
    0x9f, 0xff, 0x40, 0x0, 0x0, 0x0, 0x0, 0x0,
    0x0, 0x0, 0x9f, 0xff, 0x40, 0x0, 0x0, 0x0,
    0x0, 0x0, 0x0, 0x0,

    /* U+0051 "Q" */
    0x0, 0x0, 0x0, 0x0, 0x5a, 0xdf, 0xfe, 0xda,
    0x50, 0x0, 0x0, 0x0, 0x0, 0x0, 0x0, 0x7,
    0xef, 0xff, 0xff, 0xff, 0xff, 0xe7, 0x0, 0x0,
    0x0, 0x0, 0x0, 0x2c, 0xff, 0xff, 0xff, 0xff,
    0xff, 0xff, 0xfc, 0x10, 0x0, 0x0, 0x0, 0x2e,
    0xff, 0xff, 0xfd, 0xa9, 0xad, 0xff, 0xff, 0xfd,
    0x10, 0x0, 0x0, 0xd, 0xff, 0xff, 0x92, 0x0,
    0x0, 0x2, 0xaf, 0xff, 0xfd, 0x0, 0x0, 0x9,
    0xff, 0xff, 0x40, 0x0, 0x0, 0x0, 0x0, 0x5f,
    0xff, 0xf8, 0x0, 0x2, 0xff, 0xff, 0x50, 0x0,
    0x0, 0x0, 0x0, 0x0, 0x6f, 0xff, 0xf1, 0x0,
    0x9f, 0xff, 0xa0, 0x0, 0x0, 0x0, 0x0, 0x0,
    0x0, 0xbf, 0xff, 0x80, 0xe, 0xff, 0xf2, 0x0,
    0x0, 0x0, 0x0, 0x0, 0x0, 0x3, 0xff, 0xfe,
    0x3, 0xff, 0xfd, 0x0, 0x0, 0x0, 0x0, 0x0,
    0x0, 0x0, 0xd, 0xff, 0xf2, 0x6f, 0xff, 0x90,
    0x0, 0x0, 0x0, 0x0, 0x0, 0x0, 0x0, 0x9f,
    0xff, 0x58, 0xff, 0xf6, 0x0, 0x0, 0x0, 0x0,
    0x0, 0x0, 0x0, 0x7, 0xff, 0xf7, 0x8f, 0xff,
    0x50, 0x0, 0x0, 0x0, 0x0, 0x0, 0x0, 0x0,
    0x6f, 0xff, 0x88, 0xff, 0xf5, 0x0, 0x0, 0x0,
    0x0, 0x0, 0x0, 0x0, 0x7, 0xff, 0xf8, 0x8f,
    0xff, 0x60, 0x0, 0x0, 0x0, 0x0, 0x0, 0x0,
    0x0, 0x8f, 0xff, 0x76, 0xff, 0xf9, 0x0, 0x0,
    0x0, 0x0, 0x0, 0x0, 0x0, 0xa, 0xff, 0xf5,
    0x3f, 0xff, 0xc0, 0x0, 0x0, 0x0, 0x0, 0x0,
    0x0, 0x0, 0xef, 0xff, 0x20, 0xef, 0xff, 0x20,
    0x0, 0x0, 0x89, 0x98, 0x0, 0x0, 0x4f, 0xff,
    0xd0, 0x9, 0xff, 0xfa, 0x0, 0x0, 0x4, 0xff,
    0xf9, 0x0, 0xc, 0xff, 0xf7, 0x0, 0x2f, 0xff,
    0xf5, 0x0, 0x0, 0x7, 0xff, 0xf6, 0x6, 0xff,
    0xff, 0x10, 0x0, 0x9f, 0xff, 0xf4, 0x0, 0x0,
    0xa, 0xff, 0xf8, 0xff, 0xff, 0x70, 0x0, 0x1,
    0xdf, 0xff, 0xf9, 0x20, 0x0, 0xc, 0xff, 0xff,
    0xff, 0xc0, 0x0, 0x0, 0x2, 0xef, 0xff, 0xff,
    0xda, 0x9a, 0xdf, 0xff, 0xff, 0xd1, 0x0, 0x0,
    0x0, 0x2, 0xdf, 0xff, 0xff, 0xff, 0xff, 0xff,
    0xff, 0xe0, 0x0, 0x0, 0x0, 0x0, 0x0, 0x7f,
    0xff, 0xff, 0xff, 0xff, 0xff, 0xff, 0x60, 0x0,
    0x0, 0x0, 0x0, 0x0, 0x5, 0xad, 0xff, 0xec,
    0x94, 0xbf, 0xff, 0x30, 0x0, 0x0, 0x0, 0x0,
    0x0, 0x0, 0x0, 0x0, 0x0, 0x1, 0xef, 0xfd,
    0x10, 0x0, 0x0, 0x0, 0x0, 0x0, 0x0, 0x0,
    0x0, 0x0, 0x4, 0xff, 0xfb, 0x0,

    /* U+0052 "R" */
    0x9f, 0xff, 0xff, 0xff, 0xff, 0xfe, 0xd9, 0x40,
    0x0, 0x0, 0x9f, 0xff, 0xff, 0xff, 0xff, 0xff,
    0xff, 0xfd, 0x30, 0x0, 0x9f, 0xff, 0xff, 0xff,
    0xff, 0xff, 0xff, 0xff, 0xf5, 0x0, 0x9f, 0xff,
    0x96, 0x66, 0x66, 0x68, 0xbf, 0xff, 0xff, 0x20,
    0x9f, 0xff, 0x40, 0x0, 0x0, 0x0, 0x3, 0xdf,
    0xff, 0xb0, 0x9f, 0xff, 0x40, 0x0, 0x0, 0x0,
    0x0, 0x2f, 0xff, 0xf1, 0x9f, 0xff, 0x40, 0x0,
    0x0, 0x0, 0x0, 0x9, 0xff, 0xf5, 0x9f, 0xff,
    0x40, 0x0, 0x0, 0x0, 0x0, 0x6, 0xff, 0xf6,
    0x9f, 0xff, 0x40, 0x0, 0x0, 0x0, 0x0, 0x6,
    0xff, 0xf7, 0x9f, 0xff, 0x40, 0x0, 0x0, 0x0,
    0x0, 0x9, 0xff, 0xf5, 0x9f, 0xff, 0x40, 0x0,
    0x0, 0x0, 0x0, 0x1f, 0xff, 0xf1, 0x9f, 0xff,
    0x40, 0x0, 0x0, 0x0, 0x2, 0xdf, 0xff, 0xb0,
    0x9f, 0xff, 0x85, 0x55, 0x55, 0x57, 0xaf, 0xff,
    0xff, 0x20, 0x9f, 0xff, 0xff, 0xff, 0xff, 0xff,
    0xff, 0xff, 0xf4, 0x0, 0x9f, 0xff, 0xff, 0xff,
    0xff, 0xff, 0xff, 0xfc, 0x20, 0x0, 0x9f, 0xff,
    0xff, 0xff, 0xff, 0xff, 0xff, 0x70, 0x0, 0x0,
    0x9f, 0xff, 0x40, 0x0, 0x0, 0x7f, 0xff, 0xd0,
    0x0, 0x0, 0x9f, 0xff, 0x40, 0x0, 0x0, 0xe,
    0xff, 0xf5, 0x0, 0x0, 0x9f, 0xff, 0x40, 0x0,
    0x0, 0x6, 0xff, 0xfd, 0x0, 0x0, 0x9f, 0xff,
    0x40, 0x0, 0x0, 0x0, 0xef, 0xff, 0x60, 0x0,
    0x9f, 0xff, 0x40, 0x0, 0x0, 0x0, 0x6f, 0xff,
    0xe0, 0x0, 0x9f, 0xff, 0x40, 0x0, 0x0, 0x0,
    0xd, 0xff, 0xf7, 0x0, 0x9f, 0xff, 0x40, 0x0,
    0x0, 0x0, 0x5, 0xff, 0xff, 0x10, 0x9f, 0xff,
    0x40, 0x0, 0x0, 0x0, 0x0, 0xdf, 0xff, 0x80,
    0x9f, 0xff, 0x40, 0x0, 0x0, 0x0, 0x0, 0x4f,
    0xff, 0xf1, 0x9f, 0xff, 0x40, 0x0, 0x0, 0x0,
    0x0, 0xc, 0xff, 0xf9,

    /* U+0053 "S" */
    0x0, 0x0, 0x2, 0x7b, 0xdf, 0xfe, 0xc9, 0x30,
    0x0, 0x0, 0x0, 0x0, 0x1a, 0xff, 0xff, 0xff,
    0xff, 0xff, 0xc2, 0x0, 0x0, 0x0, 0x2e, 0xff,
    0xff, 0xff, 0xff, 0xff, 0xff, 0xf4, 0x0, 0x0,
    0x1e, 0xff, 0xff, 0xd9, 0x77, 0x8c, 0xff, 0xff,
    0xf2, 0x0, 0x8, 0xff, 0xff, 0x50, 0x0, 0x0,
    0x4, 0xef, 0xff, 0xb0, 0x0, 0xef, 0xff, 0x40,
    0x0, 0x0, 0x0, 0x2, 0xff, 0xff, 0x10, 0x1f,
    0xff, 0xd0, 0x0, 0x0, 0x0, 0x0, 0x9, 0xff,
    0xf5, 0x2, 0xff, 0xfc, 0x0, 0x0, 0x0, 0x0,
    0x0, 0x5f, 0xff, 0x70, 0xf, 0xff, 0xf1, 0x0,
    0x0, 0x0, 0x0, 0x0, 0x0, 0x0, 0x0, 0xbf,
    0xff, 0xc2, 0x0, 0x0, 0x0, 0x0, 0x0, 0x0,
    0x0, 0x3, 0xff, 0xff, 0xfb, 0x51, 0x0, 0x0,
    0x0, 0x0, 0x0, 0x0, 0x5, 0xff, 0xff, 0xff,
    0xfd, 0xa6, 0x20, 0x0, 0x0, 0x0, 0x0, 0x2,
    0xbf, 0xff, 0xff, 0xff, 0xff, 0xd7, 0x10, 0x0,
    0x0, 0x0, 0x0, 0x28, 0xdf, 0xff, 0xff, 0xff,
    0xff, 0x70, 0x0, 0x0, 0x0, 0x0, 0x0, 0x15,
    0x8c, 0xff, 0xff, 0xff, 0xa0, 0x0, 0x0, 0x0,
    0x0, 0x0, 0x0, 0x0, 0x6d, 0xff, 0xff, 0x60,
    0x0, 0x0, 0x0, 0x0, 0x0, 0x0, 0x0, 0x9,
    0xff, 0xfe, 0x6, 0xaa, 0xa2, 0x0, 0x0, 0x0,
    0x0, 0x0, 0xd, 0xff, 0xf2, 0x9f, 0xff, 0x50,
    0x0, 0x0, 0x0, 0x0, 0x0, 0xaf, 0xff, 0x37,
    0xff, 0xfa, 0x0, 0x0, 0x0, 0x0, 0x0, 0xc,
    0xff, 0xf2, 0x2f, 0xff, 0xf3, 0x0, 0x0, 0x0,
    0x0, 0x4, 0xff, 0xff, 0x0, 0xbf, 0xff, 0xf5,
    0x0, 0x0, 0x0, 0x5, 0xff, 0xff, 0x90, 0x2,
    0xef, 0xff, 0xfe, 0x97, 0x67, 0x9e, 0xff, 0xff,
    0xe1, 0x0, 0x3, 0xef, 0xff, 0xff, 0xff, 0xff,
    0xff, 0xff, 0xe2, 0x0, 0x0, 0x1, 0xaf, 0xff,
    0xff, 0xff, 0xff, 0xff, 0x91, 0x0, 0x0, 0x0,
    0x0, 0x27, 0xbd, 0xff, 0xed, 0xb6, 0x10, 0x0,
    0x0,

    /* U+0054 "T" */
    0x2f, 0xff, 0xff, 0xff, 0xff, 0xff, 0xff, 0xff,
    0xff, 0xff, 0xf6, 0x2f, 0xff, 0xff, 0xff, 0xff,
    0xff, 0xff, 0xff, 0xff, 0xff, 0xf6, 0x2f, 0xff,
    0xff, 0xff, 0xff, 0xff, 0xff, 0xff, 0xff, 0xff,
    0xf6, 0x17, 0x77, 0x77, 0x77, 0x7e, 0xff, 0xf7,
    0x77, 0x77, 0x77, 0x72, 0x0, 0x0, 0x0, 0x0,
    0xd, 0xff, 0xf1, 0x0, 0x0, 0x0, 0x0, 0x0,
    0x0, 0x0, 0x0, 0xd, 0xff, 0xf1, 0x0, 0x0,
    0x0, 0x0, 0x0, 0x0, 0x0, 0x0, 0xd, 0xff,
    0xf1, 0x0, 0x0, 0x0, 0x0, 0x0, 0x0, 0x0,
    0x0, 0xd, 0xff, 0xf1, 0x0, 0x0, 0x0, 0x0,
    0x0, 0x0, 0x0, 0x0, 0xd, 0xff, 0xf1, 0x0,
    0x0, 0x0, 0x0, 0x0, 0x0, 0x0, 0x0, 0xd,
    0xff, 0xf1, 0x0, 0x0, 0x0, 0x0, 0x0, 0x0,
    0x0, 0x0, 0xd, 0xff, 0xf1, 0x0, 0x0, 0x0,
    0x0, 0x0, 0x0, 0x0, 0x0, 0xd, 0xff, 0xf1,
    0x0, 0x0, 0x0, 0x0, 0x0, 0x0, 0x0, 0x0,
    0xd, 0xff, 0xf1, 0x0, 0x0, 0x0, 0x0, 0x0,
    0x0, 0x0, 0x0, 0xd, 0xff, 0xf1, 0x0, 0x0,
    0x0, 0x0, 0x0, 0x0, 0x0, 0x0, 0xd, 0xff,
    0xf1, 0x0, 0x0, 0x0, 0x0, 0x0, 0x0, 0x0,
    0x0, 0xd, 0xff, 0xf1, 0x0, 0x0, 0x0, 0x0,
    0x0, 0x0, 0x0, 0x0, 0xd, 0xff, 0xf1, 0x0,
    0x0, 0x0, 0x0, 0x0, 0x0, 0x0, 0x0, 0xd,
    0xff, 0xf1, 0x0, 0x0, 0x0, 0x0, 0x0, 0x0,
    0x0, 0x0, 0xd, 0xff, 0xf1, 0x0, 0x0, 0x0,
    0x0, 0x0, 0x0, 0x0, 0x0, 0xd, 0xff, 0xf1,
    0x0, 0x0, 0x0, 0x0, 0x0, 0x0, 0x0, 0x0,
    0xd, 0xff, 0xf1, 0x0, 0x0, 0x0, 0x0, 0x0,
    0x0, 0x0, 0x0, 0xd, 0xff, 0xf1, 0x0, 0x0,
    0x0, 0x0, 0x0, 0x0, 0x0, 0x0, 0xd, 0xff,
    0xf1, 0x0, 0x0, 0x0, 0x0, 0x0, 0x0, 0x0,
    0x0, 0xd, 0xff, 0xf1, 0x0, 0x0, 0x0, 0x0,
    0x0, 0x0, 0x0, 0x0, 0xd, 0xff, 0xf1, 0x0,
    0x0, 0x0, 0x0, 0x0, 0x0, 0x0, 0x0, 0xd,
    0xff, 0xf1, 0x0, 0x0, 0x0, 0x0,

    /* U+0055 "U" */
    0xbf, 0xff, 0x20, 0x0, 0x0, 0x0, 0x0, 0x0,
    0xd, 0xff, 0xf1, 0xbf, 0xff, 0x20, 0x0, 0x0,
    0x0, 0x0, 0x0, 0xd, 0xff, 0xf1, 0xbf, 0xff,
    0x20, 0x0, 0x0, 0x0, 0x0, 0x0, 0xd, 0xff,
    0xf1, 0xbf, 0xff, 0x20, 0x0, 0x0, 0x0, 0x0,
    0x0, 0xd, 0xff, 0xf1, 0xbf, 0xff, 0x20, 0x0,
    0x0, 0x0, 0x0, 0x0, 0xd, 0xff, 0xf1, 0xbf,
    0xff, 0x20, 0x0, 0x0, 0x0, 0x0, 0x0, 0xd,
    0xff, 0xf1, 0xbf, 0xff, 0x20, 0x0, 0x0, 0x0,
    0x0, 0x0, 0xd, 0xff, 0xf1, 0xbf, 0xff, 0x20,
    0x0, 0x0, 0x0, 0x0, 0x0, 0xd, 0xff, 0xf1,
    0xbf, 0xff, 0x20, 0x0, 0x0, 0x0, 0x0, 0x0,
    0xd, 0xff, 0xf1, 0xbf, 0xff, 0x20, 0x0, 0x0,
    0x0, 0x0, 0x0, 0xd, 0xff, 0xf1, 0xbf, 0xff,
    0x20, 0x0, 0x0, 0x0, 0x0, 0x0, 0xd, 0xff,
    0xf1, 0xbf, 0xff, 0x20, 0x0, 0x0, 0x0, 0x0,
    0x0, 0xd, 0xff, 0xf1, 0xbf, 0xff, 0x20, 0x0,
    0x0, 0x0, 0x0, 0x0, 0xd, 0xff, 0xf1, 0xbf,
    0xff, 0x20, 0x0, 0x0, 0x0, 0x0, 0x0, 0xd,
    0xff, 0xf1, 0xbf, 0xff, 0x20, 0x0, 0x0, 0x0,
    0x0, 0x0, 0xd, 0xff, 0xf1, 0xbf, 0xff, 0x20,
    0x0, 0x0, 0x0, 0x0, 0x0, 0xd, 0xff, 0xf1,
    0xbf, 0xff, 0x20, 0x0, 0x0, 0x0, 0x0, 0x0,
    0xd, 0xff, 0xf0, 0xbf, 0xff, 0x40, 0x0, 0x0,
    0x0, 0x0, 0x0, 0xe, 0xff, 0xf0, 0x9f, 0xff,
    0x70, 0x0, 0x0, 0x0, 0x0, 0x0, 0x2f, 0xff,
    0xe0, 0x5f, 0xff, 0xe0, 0x0, 0x0, 0x0, 0x0,
    0x0, 0x9f, 0xff, 0xa0, 0xf, 0xff, 0xfa, 0x0,
    0x0, 0x0, 0x0, 0x5, 0xff, 0xff, 0x40, 0x7,
    0xff, 0xff, 0xb2, 0x0, 0x0, 0x1, 0x8f, 0xff,
    0xfc, 0x0, 0x0, 0xbf, 0xff, 0xff, 0xd9, 0x89,
    0xbf, 0xff, 0xff, 0xe2, 0x0, 0x0, 0xb, 0xff,
    0xff, 0xff, 0xff, 0xff, 0xff, 0xfe, 0x30, 0x0,
    0x0, 0x0, 0x6e, 0xff, 0xff, 0xff, 0xff, 0xff,
    0x91, 0x0, 0x0, 0x0, 0x0, 0x0, 0x5a, 0xdf,
    0xff, 0xeb, 0x71, 0x0, 0x0, 0x0,

    /* U+0056 "V" */
    0x8f, 0xff, 0xa0, 0x0, 0x0, 0x0, 0x0, 0x0,
    0x0, 0x7, 0xff, 0xfa, 0x2f, 0xff, 0xf0, 0x0,
    0x0, 0x0, 0x0, 0x0, 0x0, 0xc, 0xff, 0xf5,
    0xc, 0xff, 0xf5, 0x0, 0x0, 0x0, 0x0, 0x0,
    0x0, 0x2f, 0xff, 0xe0, 0x7, 0xff, 0xfb, 0x0,
    0x0, 0x0, 0x0, 0x0, 0x0, 0x7f, 0xff, 0x90,
    0x1, 0xff, 0xff, 0x10, 0x0, 0x0, 0x0, 0x0,
    0x0, 0xdf, 0xff, 0x30, 0x0, 0xbf, 0xff, 0x60,
    0x0, 0x0, 0x0, 0x0, 0x2, 0xff, 0xfd, 0x0,
    0x0, 0x5f, 0xff, 0xc0, 0x0, 0x0, 0x0, 0x0,
    0x8, 0xff, 0xf8, 0x0, 0x0, 0xf, 0xff, 0xf2,
    0x0, 0x0, 0x0, 0x0, 0xd, 0xff, 0xf2, 0x0,
    0x0, 0x9, 0xff, 0xf7, 0x0, 0x0, 0x0, 0x0,
    0x3f, 0xff, 0xc0, 0x0, 0x0, 0x3, 0xff, 0xfd,
    0x0, 0x0, 0x0, 0x0, 0x8f, 0xff, 0x60, 0x0,
    0x0, 0x0, 0xdf, 0xff, 0x30, 0x0, 0x0, 0x0,
    0xef, 0xff, 0x10, 0x0, 0x0, 0x0, 0x8f, 0xff,
    0x80, 0x0, 0x0, 0x3, 0xff, 0xfb, 0x0, 0x0,
    0x0, 0x0, 0x2f, 0xff, 0xe0, 0x0, 0x0, 0x9,
    0xff, 0xf5, 0x0, 0x0, 0x0, 0x0, 0xc, 0xff,
    0xf4, 0x0, 0x0, 0xe, 0xff, 0xf0, 0x0, 0x0,
    0x0, 0x0, 0x6, 0xff, 0xf9, 0x0, 0x0, 0x4f,
    0xff, 0xa0, 0x0, 0x0, 0x0, 0x0, 0x1, 0xff,
    0xfe, 0x0, 0x0, 0x9f, 0xff, 0x40, 0x0, 0x0,
    0x0, 0x0, 0x0, 0xaf, 0xff, 0x40, 0x0, 0xef,
    0xfe, 0x0, 0x0, 0x0, 0x0, 0x0, 0x0, 0x5f,
    0xff, 0x90, 0x4, 0xff, 0xf8, 0x0, 0x0, 0x0,
    0x0, 0x0, 0x0, 0xe, 0xff, 0xe0, 0x9, 0xff,
    0xf3, 0x0, 0x0, 0x0, 0x0, 0x0, 0x0, 0x9,
    0xff, 0xf3, 0xe, 0xff, 0xd0, 0x0, 0x0, 0x0,
    0x0, 0x0, 0x0, 0x3, 0xff, 0xf9, 0x3f, 0xff,
    0x70, 0x0, 0x0, 0x0, 0x0, 0x0, 0x0, 0x0,
    0xdf, 0xfe, 0x8f, 0xff, 0x10, 0x0, 0x0, 0x0,
    0x0, 0x0, 0x0, 0x0, 0x7f, 0xff, 0xef, 0xfb,
    0x0, 0x0, 0x0, 0x0, 0x0, 0x0, 0x0, 0x0,
    0x2f, 0xff, 0xff, 0xf6, 0x0, 0x0, 0x0, 0x0,
    0x0, 0x0, 0x0, 0x0, 0xc, 0xff, 0xff, 0xf0,
    0x0, 0x0, 0x0, 0x0, 0x0, 0x0, 0x0, 0x0,
    0x6, 0xff, 0xff, 0xa0, 0x0, 0x0, 0x0, 0x0,

    /* U+0057 "W" */
    0x9f, 0xff, 0x70, 0x0, 0x0, 0x0, 0x0, 0xe,
    0xff, 0xfa, 0x0, 0x0, 0x0, 0x0, 0x0, 0xcf,
    0xff, 0x55, 0xff, 0xfb, 0x0, 0x0, 0x0, 0x0,
    0x2, 0xff, 0xff, 0xe0, 0x0, 0x0, 0x0, 0x0,
    0xf, 0xff, 0xf0, 0xf, 0xff, 0xf0, 0x0, 0x0,
    0x0, 0x0, 0x6f, 0xff, 0xff, 0x20, 0x0, 0x0,
    0x0, 0x4, 0xff, 0xfc, 0x0, 0xcf, 0xff, 0x30,
    0x0, 0x0, 0x0, 0xa, 0xff, 0xff, 0xf6, 0x0,
    0x0, 0x0, 0x0, 0x8f, 0xff, 0x70, 0x7, 0xff,
    0xf7, 0x0, 0x0, 0x0, 0x0, 0xef, 0xff, 0xff,
    0xa0, 0x0, 0x0, 0x0, 0xc, 0xff, 0xf3, 0x0,
    0x3f, 0xff, 0xb0, 0x0, 0x0, 0x0, 0x3f, 0xff,
    0xcf, 0xfe, 0x0, 0x0, 0x0, 0x0, 0xff, 0xfe,
    0x0, 0x0, 0xef, 0xff, 0x0, 0x0, 0x0, 0x7,
    0xff, 0xf5, 0xff, 0xf3, 0x0, 0x0, 0x0, 0x4f,
    0xff, 0xa0, 0x0, 0xa, 0xff, 0xf3, 0x0, 0x0,
    0x0, 0xbf, 0xfc, 0x1f, 0xff, 0x70, 0x0, 0x0,
    0x8, 0xff, 0xf6, 0x0, 0x0, 0x6f, 0xff, 0x70,
    0x0, 0x0, 0xf, 0xff, 0x90, 0xdf, 0xfb, 0x0,
    0x0, 0x0, 0xcf, 0xff, 0x10, 0x0, 0x1, 0xff,
    0xfc, 0x0, 0x0, 0x4, 0xff, 0xf5, 0x9, 0xff,
    0xf0, 0x0, 0x0, 0xf, 0xff, 0xd0, 0x0, 0x0,
    0xd, 0xff, 0xf0, 0x0, 0x0, 0x8f, 0xff, 0x10,
    0x5f, 0xff, 0x30, 0x0, 0x4, 0xff, 0xf9, 0x0,
    0x0, 0x0, 0x9f, 0xff, 0x40, 0x0, 0xc, 0xff,
    0xc0, 0x1, 0xff, 0xf8, 0x0, 0x0, 0x8f, 0xff,
    0x40, 0x0, 0x0, 0x4, 0xff, 0xf8, 0x0, 0x0,
    0xff, 0xf8, 0x0, 0xc, 0xff, 0xc0, 0x0, 0xc,
    0xff, 0xf0, 0x0, 0x0, 0x0, 0xf, 0xff, 0xc0,
    0x0, 0x4f, 0xff, 0x40, 0x0, 0x8f, 0xff, 0x0,
    0x1, 0xff, 0xfb, 0x0, 0x0, 0x0, 0x0, 0xcf,
    0xff, 0x0, 0x9, 0xff, 0xf0, 0x0, 0x4, 0xff,
    0xf4, 0x0, 0x4f, 0xff, 0x70, 0x0, 0x0, 0x0,
    0x7, 0xff, 0xf4, 0x0, 0xdf, 0xfb, 0x0, 0x0,
    0xf, 0xff, 0x80, 0x8, 0xff, 0xf3, 0x0, 0x0,
    0x0, 0x0, 0x3f, 0xff, 0x80, 0x1f, 0xff, 0x70,
    0x0, 0x0, 0xbf, 0xfc, 0x0, 0xcf, 0xfe, 0x0,
    0x0, 0x0, 0x0, 0x0, 0xef, 0xfb, 0x5, 0xff,
    0xf2, 0x0, 0x0, 0x7, 0xff, 0xf0, 0xf, 0xff,
    0xa0, 0x0, 0x0, 0x0, 0x0, 0xa, 0xff, 0xf0,
    0x8f, 0xfe, 0x0, 0x0, 0x0, 0x2f, 0xff, 0x34,
    0xff, 0xf5, 0x0, 0x0, 0x0, 0x0, 0x0, 0x6f,
    0xff, 0x3c, 0xff, 0xa0, 0x0, 0x0, 0x0, 0xef,
    0xf7, 0x7f, 0xff, 0x10, 0x0, 0x0, 0x0, 0x0,
    0x1, 0xff, 0xf6, 0xff, 0xf6, 0x0, 0x0, 0x0,
    0xa, 0xff, 0xbb, 0xff, 0xd0, 0x0, 0x0, 0x0,
    0x0, 0x0, 0xd, 0xff, 0xdf, 0xff, 0x10, 0x0,
    0x0, 0x0, 0x5f, 0xff, 0xef, 0xf8, 0x0, 0x0,
    0x0, 0x0, 0x0, 0x0, 0x9f, 0xff, 0xff, 0xd0,
    0x0, 0x0, 0x0, 0x1, 0xff, 0xff, 0xff, 0x40,
    0x0, 0x0, 0x0, 0x0, 0x0, 0x4, 0xff, 0xff,
    0xf9, 0x0, 0x0, 0x0, 0x0, 0xd, 0xff, 0xff,
    0xf0, 0x0, 0x0, 0x0, 0x0, 0x0, 0x0, 0xf,
    0xff, 0xff, 0x40, 0x0, 0x0, 0x0, 0x0, 0x8f,
    0xff, 0xfb, 0x0, 0x0, 0x0, 0x0, 0x0, 0x0,
    0x0, 0xbf, 0xff, 0xf0, 0x0, 0x0, 0x0, 0x0,
    0x4, 0xff, 0xff, 0x70, 0x0, 0x0, 0x0,

    /* U+0058 "X" */
    0xa, 0xff, 0xfd, 0x0, 0x0, 0x0, 0x0, 0x0,
    0x0, 0xcf, 0xff, 0x90, 0x1, 0xef, 0xff, 0x80,
    0x0, 0x0, 0x0, 0x0, 0x7, 0xff, 0xfd, 0x0,
    0x0, 0x4f, 0xff, 0xf3, 0x0, 0x0, 0x0, 0x0,
    0x3f, 0xff, 0xf3, 0x0, 0x0, 0x9, 0xff, 0xfd,
    0x0, 0x0, 0x0, 0x0, 0xdf, 0xff, 0x70, 0x0,
    0x0, 0x0, 0xdf, 0xff, 0x80, 0x0, 0x0, 0x9,
    0xff, 0xfc, 0x0, 0x0, 0x0, 0x0, 0x3f, 0xff,
    0xf3, 0x0, 0x0, 0x4f, 0xff, 0xf2, 0x0, 0x0,
    0x0, 0x0, 0x8, 0xff, 0xfd, 0x0, 0x0, 0xef,
    0xff, 0x60, 0x0, 0x0, 0x0, 0x0, 0x0, 0xcf,
    0xff, 0x80, 0x9, 0xff, 0xfb, 0x0, 0x0, 0x0,
    0x0, 0x0, 0x0, 0x2f, 0xff, 0xf3, 0x4f, 0xff,
    0xe1, 0x0, 0x0, 0x0, 0x0, 0x0, 0x0, 0x7,
    0xff, 0xfd, 0xdf, 0xff, 0x50, 0x0, 0x0, 0x0,
    0x0, 0x0, 0x0, 0x0, 0xcf, 0xff, 0xff, 0xfa,
    0x0, 0x0, 0x0, 0x0, 0x0, 0x0, 0x0, 0x0,
    0x2f, 0xff, 0xff, 0xe1, 0x0, 0x0, 0x0, 0x0,
    0x0, 0x0, 0x0, 0x0, 0x7, 0xff, 0xff, 0x60,
    0x0, 0x0, 0x0, 0x0, 0x0, 0x0, 0x0, 0x0,
    0xc, 0xff, 0xff, 0xd0, 0x0, 0x0, 0x0, 0x0,
    0x0, 0x0, 0x0, 0x0, 0x8f, 0xff, 0xff, 0xf8,
    0x0, 0x0, 0x0, 0x0, 0x0, 0x0, 0x0, 0x3,
    0xff, 0xff, 0xff, 0xff, 0x40, 0x0, 0x0, 0x0,
    0x0, 0x0, 0x0, 0xd, 0xff, 0xf5, 0x8f, 0xff,
    0xe0, 0x0, 0x0, 0x0, 0x0, 0x0, 0x0, 0xaf,
    0xff, 0xb0, 0xd, 0xff, 0xfa, 0x0, 0x0, 0x0,
    0x0, 0x0, 0x5, 0xff, 0xfe, 0x10, 0x3, 0xff,
    0xff, 0x50, 0x0, 0x0, 0x0, 0x0, 0x1e, 0xff,
    0xf5, 0x0, 0x0, 0x7f, 0xff, 0xe1, 0x0, 0x0,
    0x0, 0x0, 0xbf, 0xff, 0x90, 0x0, 0x0, 0xc,
    0xff, 0xfb, 0x0, 0x0, 0x0, 0x7, 0xff, 0xfd,
    0x0, 0x0, 0x0, 0x2, 0xff, 0xff, 0x60, 0x0,
    0x0, 0x2f, 0xff, 0xf3, 0x0, 0x0, 0x0, 0x0,
    0x6f, 0xff, 0xf2, 0x0, 0x0, 0xdf, 0xff, 0x80,
    0x0, 0x0, 0x0, 0x0, 0xb, 0xff, 0xfc, 0x0,
    0x9, 0xff, 0xfc, 0x0, 0x0, 0x0, 0x0, 0x0,
    0x1, 0xff, 0xff, 0x70, 0x4f, 0xff, 0xf2, 0x0,
    0x0, 0x0, 0x0, 0x0, 0x0, 0x5f, 0xff, 0xf2,

    /* U+0059 "Y" */
    0x6f, 0xff, 0xf2, 0x0, 0x0, 0x0, 0x0, 0x0,
    0x0, 0x5f, 0xff, 0xf2, 0xc, 0xff, 0xfb, 0x0,
    0x0, 0x0, 0x0, 0x0, 0x0, 0xef, 0xff, 0x70,
    0x3, 0xff, 0xff, 0x50, 0x0, 0x0, 0x0, 0x0,
    0x9, 0xff, 0xfd, 0x0, 0x0, 0x8f, 0xff, 0xe0,
    0x0, 0x0, 0x0, 0x0, 0x2f, 0xff, 0xf4, 0x0,
    0x0, 0xe, 0xff, 0xf8, 0x0, 0x0, 0x0, 0x0,
    0xcf, 0xff, 0xa0, 0x0, 0x0, 0x5, 0xff, 0xff,
    0x20, 0x0, 0x0, 0x5, 0xff, 0xff, 0x10, 0x0,
    0x0, 0x0, 0xbf, 0xff, 0xb0, 0x0, 0x0, 0xe,
    0xff, 0xf6, 0x0, 0x0, 0x0, 0x0, 0x1f, 0xff,
    0xf5, 0x0, 0x0, 0x9f, 0xff, 0xc0, 0x0, 0x0,
    0x0, 0x0, 0x7, 0xff, 0xfe, 0x0, 0x2, 0xff,
    0xff, 0x30, 0x0, 0x0, 0x0, 0x0, 0x0, 0xdf,
    0xff, 0x80, 0xc, 0xff, 0xf9, 0x0, 0x0, 0x0,
    0x0, 0x0, 0x0, 0x3f, 0xff, 0xf2, 0x5f, 0xff,
    0xe0, 0x0, 0x0, 0x0, 0x0, 0x0, 0x0, 0x9,
    0xff, 0xfb, 0xef, 0xff, 0x50, 0x0, 0x0, 0x0,
    0x0, 0x0, 0x0, 0x1, 0xef, 0xff, 0xff, 0xfb,
    0x0, 0x0, 0x0, 0x0, 0x0, 0x0, 0x0, 0x0,
    0x5f, 0xff, 0xff, 0xf2, 0x0, 0x0, 0x0, 0x0,
    0x0, 0x0, 0x0, 0x0, 0xb, 0xff, 0xff, 0x80,
    0x0, 0x0, 0x0, 0x0, 0x0, 0x0, 0x0, 0x0,
    0x2, 0xff, 0xfe, 0x0, 0x0, 0x0, 0x0, 0x0,
    0x0, 0x0, 0x0, 0x0, 0x0, 0xff, 0xfd, 0x0,
    0x0, 0x0, 0x0, 0x0, 0x0, 0x0, 0x0, 0x0,
    0x0, 0xff, 0xfd, 0x0, 0x0, 0x0, 0x0, 0x0,
    0x0, 0x0, 0x0, 0x0, 0x0, 0xff, 0xfd, 0x0,
    0x0, 0x0, 0x0, 0x0, 0x0, 0x0, 0x0, 0x0,
    0x0, 0xff, 0xfd, 0x0, 0x0, 0x0, 0x0, 0x0,
    0x0, 0x0, 0x0, 0x0, 0x0, 0xff, 0xfd, 0x0,
    0x0, 0x0, 0x0, 0x0, 0x0, 0x0, 0x0, 0x0,
    0x0, 0xff, 0xfd, 0x0, 0x0, 0x0, 0x0, 0x0,
    0x0, 0x0, 0x0, 0x0, 0x0, 0xff, 0xfd, 0x0,
    0x0, 0x0, 0x0, 0x0, 0x0, 0x0, 0x0, 0x0,
    0x0, 0xff, 0xfd, 0x0, 0x0, 0x0, 0x0, 0x0,
    0x0, 0x0, 0x0, 0x0, 0x0, 0xff, 0xfd, 0x0,
    0x0, 0x0, 0x0, 0x0, 0x0, 0x0, 0x0, 0x0,
    0x0, 0xff, 0xfd, 0x0, 0x0, 0x0, 0x0, 0x0,

    /* U+005A "Z" */
    0x8f, 0xff, 0xff, 0xff, 0xff, 0xff, 0xff, 0xff,
    0xff, 0xff, 0x38, 0xff, 0xff, 0xff, 0xff, 0xff,
    0xff, 0xff, 0xff, 0xff, 0xf3, 0x8f, 0xff, 0xff,
    0xff, 0xff, 0xff, 0xff, 0xff, 0xff, 0xff, 0x33,
    0x77, 0x77, 0x77, 0x77, 0x77, 0x77, 0x77, 0xdf,
    0xff, 0xe1, 0x0, 0x0, 0x0, 0x0, 0x0, 0x0,
    0x0, 0x5f, 0xff, 0xf3, 0x0, 0x0, 0x0, 0x0,
    0x0, 0x0, 0x0, 0x3f, 0xff, 0xf5, 0x0, 0x0,
    0x0, 0x0, 0x0, 0x0, 0x0, 0x1e, 0xff, 0xf9,
    0x0, 0x0, 0x0, 0x0, 0x0, 0x0, 0x0, 0xc,
    0xff, 0xfc, 0x0, 0x0, 0x0, 0x0, 0x0, 0x0,
    0x0, 0x9, 0xff, 0xfe, 0x10, 0x0, 0x0, 0x0,
    0x0, 0x0, 0x0, 0x6, 0xff, 0xff, 0x30, 0x0,
    0x0, 0x0, 0x0, 0x0, 0x0, 0x3, 0xff, 0xff,
    0x60, 0x0, 0x0, 0x0, 0x0, 0x0, 0x0, 0x1,
    0xef, 0xff, 0x90, 0x0, 0x0, 0x0, 0x0, 0x0,
    0x0, 0x0, 0xcf, 0xff, 0xc0, 0x0, 0x0, 0x0,
    0x0, 0x0, 0x0, 0x0, 0x9f, 0xff, 0xe1, 0x0,
    0x0, 0x0, 0x0, 0x0, 0x0, 0x0, 0x5f, 0xff,
    0xf3, 0x0, 0x0, 0x0, 0x0, 0x0, 0x0, 0x0,
    0x3f, 0xff, 0xf6, 0x0, 0x0, 0x0, 0x0, 0x0,
    0x0, 0x0, 0x1e, 0xff, 0xf9, 0x0, 0x0, 0x0,
    0x0, 0x0, 0x0, 0x0, 0xb, 0xff, 0xfc, 0x0,
    0x0, 0x0, 0x0, 0x0, 0x0, 0x0, 0x9, 0xff,
    0xfe, 0x10, 0x0, 0x0, 0x0, 0x0, 0x0, 0x0,
    0x5, 0xff, 0xff, 0x30, 0x0, 0x0, 0x0, 0x0,
    0x0, 0x0, 0x3, 0xff, 0xff, 0x60, 0x0, 0x0,
    0x0, 0x0, 0x0, 0x0, 0x1, 0xdf, 0xff, 0x90,
    0x0, 0x0, 0x0, 0x0, 0x0, 0x0, 0x0, 0xbf,
    0xff, 0xf7, 0x77, 0x77, 0x77, 0x77, 0x77, 0x77,
    0x77, 0x2f, 0xff, 0xff, 0xff, 0xff, 0xff, 0xff,
    0xff, 0xff, 0xff, 0xf5, 0xff, 0xff, 0xff, 0xff,
    0xff, 0xff, 0xff, 0xff, 0xff, 0xff, 0x5f, 0xff,
    0xff, 0xff, 0xff, 0xff, 0xff, 0xff, 0xff, 0xff,
    0xf5,

    /* U+005B "[" */
    0x5f, 0xff, 0xff, 0xfd, 0x5f, 0xff, 0xff, 0xfd,
    0x5f, 0xff, 0xff, 0xfd, 0x5f, 0xff, 0x61, 0x10,
    0x5f, 0xff, 0x50, 0x0, 0x5f, 0xff, 0x50, 0x0,
    0x5f, 0xff, 0x50, 0x0, 0x5f, 0xff, 0x50, 0x0,
    0x5f, 0xff, 0x50, 0x0, 0x5f, 0xff, 0x50, 0x0,
    0x5f, 0xff, 0x50, 0x0, 0x5f, 0xff, 0x50, 0x0,
    0x5f, 0xff, 0x50, 0x0, 0x5f, 0xff, 0x50, 0x0,
    0x5f, 0xff, 0x50, 0x0, 0x5f, 0xff, 0x50, 0x0,
    0x5f, 0xff, 0x50, 0x0, 0x5f, 0xff, 0x50, 0x0,
    0x5f, 0xff, 0x50, 0x0, 0x5f, 0xff, 0x50, 0x0,
    0x5f, 0xff, 0x50, 0x0, 0x5f, 0xff, 0x50, 0x0,
    0x5f, 0xff, 0x50, 0x0, 0x5f, 0xff, 0x50, 0x0,
    0x5f, 0xff, 0x50, 0x0, 0x5f, 0xff, 0x50, 0x0,
    0x5f, 0xff, 0x50, 0x0, 0x5f, 0xff, 0x50, 0x0,
    0x5f, 0xff, 0x50, 0x0, 0x5f, 0xff, 0x61, 0x10,
    0x5f, 0xff, 0xff, 0xfd, 0x5f, 0xff, 0xff, 0xfd,
    0x5f, 0xff, 0xff, 0xfd,

    /* U+005C "\\" */
    0x58, 0x84, 0x0, 0x0, 0x0, 0x0, 0x8f, 0xfd,
    0x0, 0x0, 0x0, 0x0, 0x4f, 0xff, 0x10, 0x0,
    0x0, 0x0, 0xf, 0xff, 0x50, 0x0, 0x0, 0x0,
    0xb, 0xff, 0x90, 0x0, 0x0, 0x0, 0x7, 0xff,
    0xe0, 0x0, 0x0, 0x0, 0x3, 0xff, 0xf2, 0x0,
    0x0, 0x0, 0x0, 0xef, 0xf6, 0x0, 0x0, 0x0,
    0x0, 0xaf, 0xfb, 0x0, 0x0, 0x0, 0x0, 0x6f,
    0xff, 0x0, 0x0, 0x0, 0x0, 0x2f, 0xff, 0x30,
    0x0, 0x0, 0x0, 0xd, 0xff, 0x70, 0x0, 0x0,
    0x0, 0x9, 0xff, 0xc0, 0x0, 0x0, 0x0, 0x5,
    0xff, 0xf0, 0x0, 0x0, 0x0, 0x1, 0xff, 0xf4,
    0x0, 0x0, 0x0, 0x0, 0xcf, 0xf9, 0x0, 0x0,
    0x0, 0x0, 0x8f, 0xfd, 0x0, 0x0, 0x0, 0x0,
    0x4f, 0xff, 0x10, 0x0, 0x0, 0x0, 0xf, 0xff,
    0x50, 0x0, 0x0, 0x0, 0xb, 0xff, 0xa0, 0x0,
    0x0, 0x0, 0x7, 0xff, 0xe0, 0x0, 0x0, 0x0,
    0x3, 0xff, 0xf2, 0x0, 0x0, 0x0, 0x0, 0xef,
    0xf7, 0x0, 0x0, 0x0, 0x0, 0xaf, 0xfb, 0x0,
    0x0, 0x0, 0x0, 0x6f, 0xff, 0x0, 0x0, 0x0,
    0x0, 0x1f, 0xff, 0x30, 0x0, 0x0, 0x0, 0xd,
    0xff, 0x80, 0x0, 0x0, 0x0, 0x9, 0xff, 0xc0,
    0x0, 0x0, 0x0, 0x5, 0xff, 0xf0, 0x0, 0x0,
    0x0, 0x0, 0xff, 0xf5, 0x0, 0x0, 0x0, 0x0,
    0xcf, 0xf9, 0x0, 0x0, 0x0, 0x0, 0x8f, 0xfd,

    /* U+005D "]" */
    0xaf, 0xff, 0xff, 0xf8, 0xaf, 0xff, 0xff, 0xf8,
    0xaf, 0xff, 0xff, 0xf8, 0x1, 0x14, 0xff, 0xf8,
    0x0, 0x3, 0xff, 0xf8, 0x0, 0x3, 0xff, 0xf8,
    0x0, 0x3, 0xff, 0xf8, 0x0, 0x3, 0xff, 0xf8,
    0x0, 0x3, 0xff, 0xf8, 0x0, 0x3, 0xff, 0xf8,
    0x0, 0x3, 0xff, 0xf8, 0x0, 0x3, 0xff, 0xf8,
    0x0, 0x3, 0xff, 0xf8, 0x0, 0x3, 0xff, 0xf8,
    0x0, 0x3, 0xff, 0xf8, 0x0, 0x3, 0xff, 0xf8,
    0x0, 0x3, 0xff, 0xf8, 0x0, 0x3, 0xff, 0xf8,
    0x0, 0x3, 0xff, 0xf8, 0x0, 0x3, 0xff, 0xf8,
    0x0, 0x3, 0xff, 0xf8, 0x0, 0x3, 0xff, 0xf8,
    0x0, 0x3, 0xff, 0xf8, 0x0, 0x3, 0xff, 0xf8,
    0x0, 0x3, 0xff, 0xf8, 0x0, 0x3, 0xff, 0xf8,
    0x0, 0x3, 0xff, 0xf8, 0x0, 0x3, 0xff, 0xf8,
    0x0, 0x3, 0xff, 0xf8, 0x1, 0x14, 0xff, 0xf8,
    0xaf, 0xff, 0xff, 0xf8, 0xaf, 0xff, 0xff, 0xf8,
    0xaf, 0xff, 0xff, 0xf8,

    /* U+005E "^" */
    0x0, 0x0, 0x1, 0xff, 0xff, 0x20, 0x0, 0x0,
    0x0, 0x0, 0x8, 0xff, 0xff, 0x90, 0x0, 0x0,
    0x0, 0x0, 0x1f, 0xff, 0xff, 0xf1, 0x0, 0x0,
    0x0, 0x0, 0x8f, 0xfa, 0x9f, 0xf9, 0x0, 0x0,
    0x0, 0x0, 0xff, 0xf3, 0x2f, 0xff, 0x10, 0x0,
    0x0, 0x7, 0xff, 0xc0, 0xb, 0xff, 0x80, 0x0,
    0x0, 0xe, 0xff, 0x40, 0x3, 0xff, 0xf1, 0x0,
    0x0, 0x7f, 0xfd, 0x0, 0x0, 0xcf, 0xf8, 0x0,
    0x0, 0xef, 0xf6, 0x0, 0x0, 0x4f, 0xfe, 0x0,
    0x6, 0xff, 0xe0, 0x0, 0x0, 0xd, 0xff, 0x70,
    0xe, 0xff, 0x70, 0x0, 0x0, 0x6, 0xff, 0xe0,

    /* U+005F "_" */
    0x33, 0x33, 0x33, 0x33, 0x33, 0x33, 0x33, 0x33,
    0x2f, 0xff, 0xff, 0xff, 0xff, 0xff, 0xff, 0xff,
    0xf9, 0xff, 0xff, 0xff, 0xff, 0xff, 0xff, 0xff,
    0xff, 0x9f, 0xff, 0xff, 0xff, 0xff, 0xff, 0xff,
    0xff, 0xf9,

    /* U+0060 "`" */
    0x35, 0x55, 0x10, 0x3, 0xff, 0xf9, 0x0, 0x8,
    0xff, 0xf1, 0x0, 0xc, 0xff, 0x90, 0x0, 0x2f,
    0xff, 0x10, 0x0, 0x6f, 0xf9,

    /* U+0061 "a" */
    0x0, 0x0, 0x39, 0xce, 0xfe, 0xd9, 0x30, 0x0,
    0x0, 0xa, 0xff, 0xff, 0xff, 0xff, 0xfa, 0x0,
    0x0, 0xcf, 0xff, 0xff, 0xff, 0xff, 0xff, 0xb0,
    0x8, 0xff, 0xfe, 0x72, 0x12, 0x7f, 0xff, 0xf5,
    0xe, 0xff, 0xe1, 0x0, 0x0, 0x4, 0xff, 0xfb,
    0x2f, 0xff, 0x80, 0x0, 0x0, 0x0, 0xdf, 0xfe,
    0x0, 0x0, 0x0, 0x0, 0x0, 0x0, 0xcf, 0xff,
    0x0, 0x0, 0x0, 0x0, 0x24, 0x6a, 0xff, 0xff,
    0x0, 0x1, 0x69, 0xcf, 0xff, 0xff, 0xff, 0xff,
    0x0, 0x9f, 0xff, 0xff, 0xff, 0xff, 0xef, 0xff,
    0xc, 0xff, 0xff, 0xfc, 0x96, 0x40, 0xbf, 0xff,
    0x5f, 0xff, 0xe6, 0x0, 0x0, 0x0, 0xbf, 0xff,
    0x9f, 0xff, 0x40, 0x0, 0x0, 0x0, 0xcf, 0xff,
    0xaf, 0xff, 0x0, 0x0, 0x0, 0x1, 0xff, 0xff,
    0x9f, 0xff, 0x40, 0x0, 0x0, 0xa, 0xff, 0xff,
    0x5f, 0xff, 0xe6, 0x10, 0x4, 0xbf, 0xff, 0xff,
    0xd, 0xff, 0xff, 0xff, 0xff, 0xfe, 0xcf, 0xff,
    0x1, 0xdf, 0xff, 0xff, 0xff, 0xe2, 0xbf, 0xff,
    0x0, 0x5, 0xbe, 0xff, 0xd8, 0x10, 0xbf, 0xff,

    /* U+0062 "b" */
    0xef, 0xfc, 0x0, 0x0, 0x0, 0x0, 0x0, 0x0,
    0x0, 0xef, 0xfc, 0x0, 0x0, 0x0, 0x0, 0x0,
    0x0, 0x0, 0xef, 0xfc, 0x0, 0x0, 0x0, 0x0,
    0x0, 0x0, 0x0, 0xef, 0xfc, 0x0, 0x0, 0x0,
    0x0, 0x0, 0x0, 0x0, 0xef, 0xfc, 0x0, 0x0,
    0x0, 0x0, 0x0, 0x0, 0x0, 0xef, 0xfc, 0x0,
    0x0, 0x0, 0x0, 0x0, 0x0, 0x0, 0xef, 0xfc,
    0x0, 0x0, 0x0, 0x0, 0x0, 0x0, 0x0, 0xef,
    0xfc, 0x0, 0x5b, 0xef, 0xec, 0x60, 0x0, 0x0,
    0xef, 0xfc, 0x1b, 0xff, 0xff, 0xff, 0xfe, 0x20,
    0x0, 0xef, 0xfc, 0xbf, 0xff, 0xff, 0xff, 0xff,
    0xe3, 0x0, 0xef, 0xff, 0xff, 0xb5, 0x34, 0x8e,
    0xff, 0xfd, 0x0, 0xef, 0xff, 0xf6, 0x0, 0x0,
    0x1, 0xdf, 0xff, 0x70, 0xef, 0xff, 0x90, 0x0,
    0x0, 0x0, 0x2f, 0xff, 0xe0, 0xef, 0xff, 0x10,
    0x0, 0x0, 0x0, 0xa, 0xff, 0xf3, 0xef, 0xfc,
    0x0, 0x0, 0x0, 0x0, 0x6, 0xff, 0xf6, 0xef,
    0xfa, 0x0, 0x0, 0x0, 0x0, 0x4, 0xff, 0xf8,
    0xef, 0xf9, 0x0, 0x0, 0x0, 0x0, 0x3, 0xff,
    0xf8, 0xef, 0xfa, 0x0, 0x0, 0x0, 0x0, 0x4,
    0xff, 0xf7, 0xef, 0xfc, 0x0, 0x0, 0x0, 0x0,
    0x6, 0xff, 0xf5, 0xef, 0xff, 0x10, 0x0, 0x0,
    0x0, 0xa, 0xff, 0xf3, 0xef, 0xff, 0x90, 0x0,
    0x0, 0x0, 0x2f, 0xff, 0xd0, 0xef, 0xff, 0xf6,
    0x0, 0x0, 0x1, 0xdf, 0xff, 0x80, 0xef, 0xff,
    0xff, 0xb5, 0x34, 0x8e, 0xff, 0xfd, 0x0, 0xef,
    0xfb, 0xbf, 0xff, 0xff, 0xff, 0xff, 0xf3, 0x0,
    0xef, 0xfb, 0xa, 0xff, 0xff, 0xff, 0xfe, 0x20,
    0x0, 0xef, 0xfb, 0x0, 0x4b, 0xef, 0xec, 0x60,
    0x0, 0x0,

    /* U+0063 "c" */
    0x0, 0x0, 0x5, 0xad, 0xff, 0xda, 0x40, 0x0,
    0x0, 0x0, 0x2, 0xcf, 0xff, 0xff, 0xff, 0xfc,
    0x30, 0x0, 0x0, 0x3e, 0xff, 0xff, 0xff, 0xff,
    0xff, 0xf3, 0x0, 0x1, 0xef, 0xff, 0xd7, 0x44,
    0x6d, 0xff, 0xfe, 0x10, 0xa, 0xff, 0xfa, 0x0,
    0x0, 0x0, 0xaf, 0xff, 0x80, 0x2f, 0xff, 0xe0,
    0x0, 0x0, 0x0, 0xe, 0xff, 0xe0, 0x7f, 0xff,
    0x70, 0x0, 0x0, 0x0, 0x6, 0xaa, 0xa0, 0xaf,
    0xff, 0x20, 0x0, 0x0, 0x0, 0x0, 0x0, 0x0,
    0xcf, 0xff, 0x0, 0x0, 0x0, 0x0, 0x0, 0x0,
    0x0, 0xdf, 0xff, 0x0, 0x0, 0x0, 0x0, 0x0,
    0x0, 0x0, 0xcf, 0xff, 0x0, 0x0, 0x0, 0x0,
    0x0, 0x0, 0x0, 0xaf, 0xff, 0x20, 0x0, 0x0,
    0x0, 0x0, 0x0, 0x0, 0x7f, 0xff, 0x60, 0x0,
    0x0, 0x0, 0x7, 0xbb, 0xa0, 0x2f, 0xff, 0xd0,
    0x0, 0x0, 0x0, 0x1f, 0xff, 0xe0, 0xa, 0xff,
    0xfa, 0x0, 0x0, 0x0, 0xbf, 0xff, 0x80, 0x1,
    0xef, 0xff, 0xd7, 0x44, 0x6d, 0xff, 0xfe, 0x0,
    0x0, 0x3e, 0xff, 0xff, 0xff, 0xff, 0xff, 0xf3,
    0x0, 0x0, 0x2, 0xdf, 0xff, 0xff, 0xff, 0xfc,
    0x20, 0x0, 0x0, 0x0, 0x5, 0xae, 0xff, 0xda,
    0x40, 0x0, 0x0,

    /* U+0064 "d" */
    0x0, 0x0, 0x0, 0x0, 0x0, 0x0, 0x1, 0xff,
    0xfa, 0x0, 0x0, 0x0, 0x0, 0x0, 0x0, 0x1,
    0xff, 0xfa, 0x0, 0x0, 0x0, 0x0, 0x0, 0x0,
    0x1, 0xff, 0xfa, 0x0, 0x0, 0x0, 0x0, 0x0,
    0x0, 0x1, 0xff, 0xfa, 0x0, 0x0, 0x0, 0x0,
    0x0, 0x0, 0x1, 0xff, 0xfa, 0x0, 0x0, 0x0,
    0x0, 0x0, 0x0, 0x1, 0xff, 0xfa, 0x0, 0x0,
    0x0, 0x0, 0x0, 0x0, 0x1, 0xff, 0xfa, 0x0,
    0x0, 0x18, 0xcf, 0xfd, 0x93, 0x1, 0xff, 0xfa,
    0x0, 0x5, 0xff, 0xff, 0xff, 0xff, 0x81, 0xff,
    0xfa, 0x0, 0x6f, 0xff, 0xff, 0xff, 0xff, 0xf8,
    0xff, 0xfa, 0x2, 0xff, 0xff, 0xd6, 0x33, 0x6d,
    0xff, 0xff, 0xfa, 0xc, 0xff, 0xfa, 0x0, 0x0,
    0x0, 0xaf, 0xff, 0xfa, 0x2f, 0xff, 0xd0, 0x0,
    0x0, 0x0, 0xd, 0xff, 0xfa, 0x7f, 0xff, 0x60,
    0x0, 0x0, 0x0, 0x5, 0xff, 0xfa, 0xaf, 0xff,
    0x20, 0x0, 0x0, 0x0, 0x0, 0xff, 0xfa, 0xcf,
    0xff, 0x0, 0x0, 0x0, 0x0, 0x0, 0xef, 0xfa,
    0xcf, 0xff, 0x0, 0x0, 0x0, 0x0, 0x0, 0xdf,
    0xfa, 0xbf, 0xff, 0x0, 0x0, 0x0, 0x0, 0x0,
    0xef, 0xfa, 0xaf, 0xff, 0x20, 0x0, 0x0, 0x0,
    0x0, 0xff, 0xfa, 0x7f, 0xff, 0x60, 0x0, 0x0,
    0x0, 0x5, 0xff, 0xfa, 0x2f, 0xff, 0xd0, 0x0,
    0x0, 0x0, 0xd, 0xff, 0xfa, 0xc, 0xff, 0xfa,
    0x0, 0x0, 0x0, 0xaf, 0xff, 0xfa, 0x2, 0xff,
    0xff, 0xd6, 0x34, 0x6d, 0xff, 0xff, 0xfa, 0x0,
    0x6f, 0xff, 0xff, 0xff, 0xff, 0xf7, 0xff, 0xfa,
    0x0, 0x5, 0xff, 0xff, 0xff, 0xff, 0x80, 0xff,
    0xfa, 0x0, 0x0, 0x18, 0xdf, 0xfd, 0x93, 0x0,
    0xff, 0xfa,

    /* U+0065 "e" */
    0x0, 0x0, 0x5, 0xae, 0xff, 0xda, 0x40, 0x0,
    0x0, 0x0, 0x2, 0xdf, 0xff, 0xff, 0xff, 0xfb,
    0x10, 0x0, 0x0, 0x3e, 0xff, 0xff, 0xff, 0xff,
    0xff, 0xe2, 0x0, 0x1, 0xef, 0xff, 0x93, 0x12,
    0x5b, 0xff, 0xfc, 0x0, 0x9, 0xff, 0xe3, 0x0,
    0x0, 0x0, 0x6f, 0xff, 0x70, 0x1f, 0xff, 0x60,
    0x0, 0x0, 0x0, 0xa, 0xff, 0xe0, 0x6f, 0xff,
    0x0, 0x0, 0x0, 0x0, 0x4, 0xff, 0xf3, 0xaf,
    0xff, 0xdd, 0xdd, 0xdd, 0xdd, 0xdd, 0xff, 0xf6,
    0xcf, 0xff, 0xff, 0xff, 0xff, 0xff, 0xff, 0xff,
    0xf7, 0xdf, 0xff, 0xff, 0xff, 0xff, 0xff, 0xff,
    0xff, 0xf7, 0xcf, 0xfe, 0x0, 0x0, 0x0, 0x0,
    0x0, 0x0, 0x0, 0xaf, 0xff, 0x0, 0x0, 0x0,
    0x0, 0x0, 0x0, 0x0, 0x7f, 0xff, 0x40, 0x0,
    0x0, 0x0, 0x1, 0x33, 0x30, 0x2f, 0xff, 0xc0,
    0x0, 0x0, 0x0, 0xb, 0xff, 0xf0, 0xb, 0xff,
    0xf8, 0x0, 0x0, 0x0, 0x6f, 0xff, 0xa0, 0x1,
    0xef, 0xff, 0xb5, 0x22, 0x4a, 0xff, 0xff, 0x10,
    0x0, 0x4f, 0xff, 0xff, 0xff, 0xff, 0xff, 0xf4,
    0x0, 0x0, 0x2, 0xdf, 0xff, 0xff, 0xff, 0xfd,
    0x30, 0x0, 0x0, 0x0, 0x5, 0xbe, 0xff, 0xda,
    0x50, 0x0, 0x0,

    /* U+0066 "f" */
    0x0, 0x0, 0x3, 0xae, 0xff, 0xf1, 0x0, 0x0,
    0x6f, 0xff, 0xff, 0xf1, 0x0, 0x1, 0xff, 0xff,
    0xff, 0xf1, 0x0, 0x5, 0xff, 0xfc, 0x31, 0x10,
    0x0, 0x6, 0xff, 0xf5, 0x0, 0x0, 0x0, 0x6,
    0xff, 0xf5, 0x0, 0x0, 0x0, 0x6, 0xff, 0xf5,
    0x0, 0x0, 0xbf, 0xff, 0xff, 0xff, 0xff, 0xf1,
    0xbf, 0xff, 0xff, 0xff, 0xff, 0xf1, 0xbf, 0xff,
    0xff, 0xff, 0xff, 0xf1, 0x1, 0x16, 0xff, 0xf5,
    0x11, 0x10, 0x0, 0x6, 0xff, 0xf5, 0x0, 0x0,
    0x0, 0x6, 0xff, 0xf5, 0x0, 0x0, 0x0, 0x6,
    0xff, 0xf5, 0x0, 0x0, 0x0, 0x6, 0xff, 0xf5,
    0x0, 0x0, 0x0, 0x6, 0xff, 0xf5, 0x0, 0x0,
    0x0, 0x6, 0xff, 0xf5, 0x0, 0x0, 0x0, 0x6,
    0xff, 0xf5, 0x0, 0x0, 0x0, 0x6, 0xff, 0xf5,
    0x0, 0x0, 0x0, 0x6, 0xff, 0xf5, 0x0, 0x0,
    0x0, 0x6, 0xff, 0xf5, 0x0, 0x0, 0x0, 0x6,
    0xff, 0xf5, 0x0, 0x0, 0x0, 0x6, 0xff, 0xf5,
    0x0, 0x0, 0x0, 0x6, 0xff, 0xf5, 0x0, 0x0,
    0x0, 0x6, 0xff, 0xf5, 0x0, 0x0, 0x0, 0x6,
    0xff, 0xf5, 0x0, 0x0,

    /* U+0067 "g" */
    0x0, 0x0, 0x18, 0xcf, 0xfd, 0x93, 0x0, 0xff,
    0xfa, 0x0, 0x5, 0xff, 0xff, 0xff, 0xff, 0x80,
    0xff, 0xfa, 0x0, 0x6f, 0xff, 0xff, 0xff, 0xff,
    0xf7, 0xff, 0xfa, 0x2, 0xff, 0xff, 0xd6, 0x33,
    0x6d, 0xff, 0xff, 0xfa, 0xc, 0xff, 0xfa, 0x0,
    0x0, 0x0, 0xaf, 0xff, 0xfa, 0x2f, 0xff, 0xd0,
    0x0, 0x0, 0x0, 0xd, 0xff, 0xfa, 0x7f, 0xff,
    0x60, 0x0, 0x0, 0x0, 0x5, 0xff, 0xfa, 0xaf,
    0xff, 0x20, 0x0, 0x0, 0x0, 0x0, 0xff, 0xfa,
    0xcf, 0xff, 0x0, 0x0, 0x0, 0x0, 0x0, 0xef,
    0xfa, 0xcf, 0xff, 0x0, 0x0, 0x0, 0x0, 0x0,
    0xdf, 0xfa, 0xbf, 0xff, 0x0, 0x0, 0x0, 0x0,
    0x0, 0xef, 0xfa, 0xaf, 0xff, 0x20, 0x0, 0x0,
    0x0, 0x0, 0xff, 0xfa, 0x7f, 0xff, 0x60, 0x0,
    0x0, 0x0, 0x5, 0xff, 0xfa, 0x2f, 0xff, 0xd0,
    0x0, 0x0, 0x0, 0xd, 0xff, 0xfa, 0xc, 0xff,
    0xfa, 0x0, 0x0, 0x0, 0xaf, 0xff, 0xfa, 0x2,
    0xff, 0xff, 0xd6, 0x33, 0x6d, 0xff, 0xff, 0xfa,
    0x0, 0x6f, 0xff, 0xff, 0xff, 0xff, 0xf7, 0xff,
    0xfa, 0x0, 0x5, 0xff, 0xff, 0xff, 0xff, 0x80,
    0xff, 0xfa, 0x0, 0x0, 0x18, 0xdf, 0xfd, 0x93,
    0x0, 0xff, 0xfa, 0x0, 0x0, 0x0, 0x0, 0x0,
    0x0, 0x1, 0xff, 0xf9, 0x7, 0x88, 0x70, 0x0,
    0x0, 0x0, 0x6, 0xff, 0xf6, 0xa, 0xff, 0xf6,
    0x0, 0x0, 0x0, 0x1e, 0xff, 0xf1, 0x3, 0xff,
    0xff, 0x93, 0x10, 0x26, 0xef, 0xff, 0x90, 0x0,
    0x8f, 0xff, 0xff, 0xff, 0xff, 0xff, 0xfc, 0x0,
    0x0, 0x6, 0xff, 0xff, 0xff, 0xff, 0xff, 0x90,
    0x0, 0x0, 0x0, 0x16, 0xbe, 0xff, 0xec, 0x72,
    0x0, 0x0,

    /* U+0068 "h" */
    0xef, 0xfc, 0x0, 0x0, 0x0, 0x0, 0x0, 0x0,
    0xe, 0xff, 0xc0, 0x0, 0x0, 0x0, 0x0, 0x0,
    0x0, 0xef, 0xfc, 0x0, 0x0, 0x0, 0x0, 0x0,
    0x0, 0xe, 0xff, 0xc0, 0x0, 0x0, 0x0, 0x0,
    0x0, 0x0, 0xef, 0xfc, 0x0, 0x0, 0x0, 0x0,
    0x0, 0x0, 0xe, 0xff, 0xc0, 0x0, 0x0, 0x0,
    0x0, 0x0, 0x0, 0xef, 0xfc, 0x0, 0x0, 0x0,
    0x0, 0x0, 0x0, 0xe, 0xff, 0xc0, 0x5, 0xbe,
    0xfd, 0xa3, 0x0, 0x0, 0xef, 0xfc, 0x1b, 0xff,
    0xff, 0xff, 0xf9, 0x0, 0xe, 0xff, 0xdb, 0xff,
    0xff, 0xff, 0xff, 0xf9, 0x0, 0xef, 0xff, 0xff,
    0xa6, 0x57, 0xdf, 0xff, 0xf3, 0xe, 0xff, 0xfe,
    0x30, 0x0, 0x0, 0xbf, 0xff, 0x90, 0xef, 0xff,
    0x60, 0x0, 0x0, 0x1, 0xff, 0xfd, 0xe, 0xff,
    0xf0, 0x0, 0x0, 0x0, 0xc, 0xff, 0xf0, 0xef,
    0xfd, 0x0, 0x0, 0x0, 0x0, 0xaf, 0xff, 0xe,
    0xff, 0xc0, 0x0, 0x0, 0x0, 0xa, 0xff, 0xf0,
    0xef, 0xfc, 0x0, 0x0, 0x0, 0x0, 0xaf, 0xff,
    0xe, 0xff, 0xc0, 0x0, 0x0, 0x0, 0xa, 0xff,
    0xf0, 0xef, 0xfc, 0x0, 0x0, 0x0, 0x0, 0xaf,
    0xff, 0xe, 0xff, 0xc0, 0x0, 0x0, 0x0, 0xa,
    0xff, 0xf0, 0xef, 0xfc, 0x0, 0x0, 0x0, 0x0,
    0xaf, 0xff, 0xe, 0xff, 0xc0, 0x0, 0x0, 0x0,
    0xa, 0xff, 0xf0, 0xef, 0xfc, 0x0, 0x0, 0x0,
    0x0, 0xaf, 0xff, 0xe, 0xff, 0xc0, 0x0, 0x0,
    0x0, 0xa, 0xff, 0xf0, 0xef, 0xfc, 0x0, 0x0,
    0x0, 0x0, 0xaf, 0xff, 0xe, 0xff, 0xc0, 0x0,
    0x0, 0x0, 0xa, 0xff, 0xf0,

    /* U+0069 "i" */
    0x7, 0xee, 0x50, 0x3f, 0xff, 0xf1, 0x5f, 0xff,
    0xf3, 0x1e, 0xff, 0xd0, 0x1, 0x77, 0x10, 0x0,
    0x0, 0x0, 0x0, 0x0, 0x0, 0xe, 0xff, 0xc0,
    0xe, 0xff, 0xc0, 0xe, 0xff, 0xc0, 0xe, 0xff,
    0xc0, 0xe, 0xff, 0xc0, 0xe, 0xff, 0xc0, 0xe,
    0xff, 0xc0, 0xe, 0xff, 0xc0, 0xe, 0xff, 0xc0,
    0xe, 0xff, 0xc0, 0xe, 0xff, 0xc0, 0xe, 0xff,
    0xc0, 0xe, 0xff, 0xc0, 0xe, 0xff, 0xc0, 0xe,
    0xff, 0xc0, 0xe, 0xff, 0xc0, 0xe, 0xff, 0xc0,
    0xe, 0xff, 0xc0, 0xe, 0xff, 0xc0,

    /* U+006A "j" */
    0x0, 0x0, 0x7e, 0xe5, 0x0, 0x0, 0x3f, 0xff,
    0xf1, 0x0, 0x5, 0xff, 0xff, 0x30, 0x0, 0x1e,
    0xff, 0xd0, 0x0, 0x0, 0x17, 0x71, 0x0, 0x0,
    0x0, 0x0, 0x0, 0x0, 0x0, 0x0, 0x0, 0x0,
    0x0, 0xe, 0xff, 0xd0, 0x0, 0x0, 0xef, 0xfd,
    0x0, 0x0, 0xe, 0xff, 0xd0, 0x0, 0x0, 0xef,
    0xfd, 0x0, 0x0, 0xe, 0xff, 0xd0, 0x0, 0x0,
    0xef, 0xfd, 0x0, 0x0, 0xe, 0xff, 0xd0, 0x0,
    0x0, 0xef, 0xfd, 0x0, 0x0, 0xe, 0xff, 0xd0,
    0x0, 0x0, 0xef, 0xfd, 0x0, 0x0, 0xe, 0xff,
    0xd0, 0x0, 0x0, 0xef, 0xfd, 0x0, 0x0, 0xe,
    0xff, 0xd0, 0x0, 0x0, 0xef, 0xfd, 0x0, 0x0,
    0xe, 0xff, 0xd0, 0x0, 0x0, 0xef, 0xfd, 0x0,
    0x0, 0xe, 0xff, 0xd0, 0x0, 0x0, 0xef, 0xfd,
    0x0, 0x0, 0xe, 0xff, 0xd0, 0x0, 0x0, 0xef,
    0xfd, 0x0, 0x0, 0xe, 0xff, 0xc0, 0x0, 0x1,
    0xff, 0xfc, 0x0, 0x23, 0xbf, 0xff, 0x90, 0x1f,
    0xff, 0xff, 0xf3, 0x1, 0xff, 0xff, 0xf7, 0x0,
    0x1f, 0xfe, 0xb4, 0x0, 0x0,

    /* U+006B "k" */
    0xef, 0xfc, 0x0, 0x0, 0x0, 0x0, 0x0, 0x0,
    0xe, 0xff, 0xc0, 0x0, 0x0, 0x0, 0x0, 0x0,
    0x0, 0xef, 0xfc, 0x0, 0x0, 0x0, 0x0, 0x0,
    0x0, 0xe, 0xff, 0xc0, 0x0, 0x0, 0x0, 0x0,
    0x0, 0x0, 0xef, 0xfc, 0x0, 0x0, 0x0, 0x0,
    0x0, 0x0, 0xe, 0xff, 0xc0, 0x0, 0x0, 0x0,
    0x0, 0x0, 0x0, 0xef, 0xfc, 0x0, 0x0, 0x0,
    0x0, 0x0, 0x0, 0xe, 0xff, 0xc0, 0x0, 0x0,
    0x0, 0xbf, 0xff, 0xd1, 0xef, 0xfc, 0x0, 0x0,
    0x0, 0xaf, 0xff, 0xd1, 0xe, 0xff, 0xc0, 0x0,
    0x0, 0xaf, 0xff, 0xd1, 0x0, 0xef, 0xfc, 0x0,
    0x0, 0xaf, 0xff, 0xe1, 0x0, 0xe, 0xff, 0xc0,
    0x0, 0x9f, 0xff, 0xe2, 0x0, 0x0, 0xef, 0xfc,
    0x0, 0x9f, 0xff, 0xe2, 0x0, 0x0, 0xe, 0xff,
    0xc0, 0x9f, 0xff, 0xe3, 0x0, 0x0, 0x0, 0xef,
    0xfc, 0x8f, 0xff, 0xf3, 0x0, 0x0, 0x0, 0xe,
    0xff, 0xff, 0xff, 0xfc, 0x0, 0x0, 0x0, 0x0,
    0xef, 0xff, 0xff, 0xff, 0xf8, 0x0, 0x0, 0x0,
    0xe, 0xff, 0xff, 0xbf, 0xff, 0xf5, 0x0, 0x0,
    0x0, 0xef, 0xff, 0x90, 0x7f, 0xff, 0xf2, 0x0,
    0x0, 0xe, 0xff, 0xd0, 0x0, 0xbf, 0xff, 0xd0,
    0x0, 0x0, 0xef, 0xfc, 0x0, 0x1, 0xdf, 0xff,
    0xa0, 0x0, 0xe, 0xff, 0xc0, 0x0, 0x3, 0xff,
    0xff, 0x60, 0x0, 0xef, 0xfc, 0x0, 0x0, 0x6,
    0xff, 0xff, 0x30, 0xe, 0xff, 0xc0, 0x0, 0x0,
    0x9, 0xff, 0xfe, 0x10, 0xef, 0xfc, 0x0, 0x0,
    0x0, 0xc, 0xff, 0xfb, 0xe, 0xff, 0xc0, 0x0,
    0x0, 0x0, 0x1e, 0xff, 0xf8,

    /* U+006C "l" */
    0xef, 0xfc, 0xef, 0xfc, 0xef, 0xfc, 0xef, 0xfc,
    0xef, 0xfc, 0xef, 0xfc, 0xef, 0xfc, 0xef, 0xfc,
    0xef, 0xfc, 0xef, 0xfc, 0xef, 0xfc, 0xef, 0xfc,
    0xef, 0xfc, 0xef, 0xfc, 0xef, 0xfc, 0xef, 0xfc,
    0xef, 0xfc, 0xef, 0xfc, 0xef, 0xfc, 0xef, 0xfc,
    0xef, 0xfc, 0xef, 0xfc, 0xef, 0xfc, 0xef, 0xfc,
    0xef, 0xfc, 0xef, 0xfc,

    /* U+006D "m" */
    0xef, 0xfb, 0x0, 0x4b, 0xef, 0xd8, 0x10, 0x0,
    0x4, 0xbe, 0xfe, 0xa3, 0x0, 0xe, 0xff, 0xb0,
    0xaf, 0xff, 0xff, 0xfe, 0x30, 0x1b, 0xff, 0xff,
    0xff, 0xf8, 0x0, 0xef, 0xfb, 0xaf, 0xff, 0xff,
    0xff, 0xff, 0x1c, 0xff, 0xff, 0xff, 0xff, 0xf7,
    0xe, 0xff, 0xef, 0xf8, 0x45, 0xaf, 0xff, 0xfe,
    0xff, 0x95, 0x58, 0xef, 0xff, 0xf0, 0xef, 0xff,
    0xd1, 0x0, 0x0, 0x4f, 0xff, 0xff, 0x40, 0x0,
    0x1, 0xdf, 0xff, 0x5e, 0xff, 0xf4, 0x0, 0x0,
    0x0, 0xbf, 0xff, 0x90, 0x0, 0x0, 0x5, 0xff,
    0xf8, 0xef, 0xfe, 0x0, 0x0, 0x0, 0x7, 0xff,
    0xf4, 0x0, 0x0, 0x0, 0x1f, 0xff, 0xae, 0xff,
    0xd0, 0x0, 0x0, 0x0, 0x7f, 0xff, 0x30, 0x0,
    0x0, 0x1, 0xff, 0xfa, 0xef, 0xfc, 0x0, 0x0,
    0x0, 0x7, 0xff, 0xf3, 0x0, 0x0, 0x0, 0x1f,
    0xff, 0xae, 0xff, 0xc0, 0x0, 0x0, 0x0, 0x7f,
    0xff, 0x30, 0x0, 0x0, 0x1, 0xff, 0xfa, 0xef,
    0xfc, 0x0, 0x0, 0x0, 0x7, 0xff, 0xf3, 0x0,
    0x0, 0x0, 0x1f, 0xff, 0xae, 0xff, 0xc0, 0x0,
    0x0, 0x0, 0x7f, 0xff, 0x30, 0x0, 0x0, 0x1,
    0xff, 0xfa, 0xef, 0xfc, 0x0, 0x0, 0x0, 0x7,
    0xff, 0xf3, 0x0, 0x0, 0x0, 0x1f, 0xff, 0xae,
    0xff, 0xc0, 0x0, 0x0, 0x0, 0x7f, 0xff, 0x30,
    0x0, 0x0, 0x1, 0xff, 0xfa, 0xef, 0xfc, 0x0,
    0x0, 0x0, 0x7, 0xff, 0xf3, 0x0, 0x0, 0x0,
    0x1f, 0xff, 0xae, 0xff, 0xc0, 0x0, 0x0, 0x0,
    0x7f, 0xff, 0x30, 0x0, 0x0, 0x1, 0xff, 0xfa,
    0xef, 0xfc, 0x0, 0x0, 0x0, 0x7, 0xff, 0xf3,
    0x0, 0x0, 0x0, 0x1f, 0xff, 0xae, 0xff, 0xc0,
    0x0, 0x0, 0x0, 0x7f, 0xff, 0x30, 0x0, 0x0,
    0x1, 0xff, 0xfa, 0xef, 0xfc, 0x0, 0x0, 0x0,
    0x7, 0xff, 0xf3, 0x0, 0x0, 0x0, 0x1f, 0xff,
    0xa0,

    /* U+006E "n" */
    0xef, 0xfb, 0x0, 0x5b, 0xef, 0xda, 0x30, 0x0,
    0xe, 0xff, 0xb1, 0xcf, 0xff, 0xff, 0xff, 0x90,
    0x0, 0xef, 0xfb, 0xbf, 0xff, 0xff, 0xff, 0xff,
    0x90, 0xe, 0xff, 0xff, 0xfa, 0x65, 0x7d, 0xff,
    0xff, 0x30, 0xef, 0xff, 0xe3, 0x0, 0x0, 0xb,
    0xff, 0xf9, 0xe, 0xff, 0xf6, 0x0, 0x0, 0x0,
    0x1f, 0xff, 0xd0, 0xef, 0xff, 0x0, 0x0, 0x0,
    0x0, 0xcf, 0xff, 0xe, 0xff, 0xd0, 0x0, 0x0,
    0x0, 0xa, 0xff, 0xf0, 0xef, 0xfc, 0x0, 0x0,
    0x0, 0x0, 0xaf, 0xff, 0xe, 0xff, 0xc0, 0x0,
    0x0, 0x0, 0xa, 0xff, 0xf0, 0xef, 0xfc, 0x0,
    0x0, 0x0, 0x0, 0xaf, 0xff, 0xe, 0xff, 0xc0,
    0x0, 0x0, 0x0, 0xa, 0xff, 0xf0, 0xef, 0xfc,
    0x0, 0x0, 0x0, 0x0, 0xaf, 0xff, 0xe, 0xff,
    0xc0, 0x0, 0x0, 0x0, 0xa, 0xff, 0xf0, 0xef,
    0xfc, 0x0, 0x0, 0x0, 0x0, 0xaf, 0xff, 0xe,
    0xff, 0xc0, 0x0, 0x0, 0x0, 0xa, 0xff, 0xf0,
    0xef, 0xfc, 0x0, 0x0, 0x0, 0x0, 0xaf, 0xff,
    0xe, 0xff, 0xc0, 0x0, 0x0, 0x0, 0xa, 0xff,
    0xf0, 0xef, 0xfc, 0x0, 0x0, 0x0, 0x0, 0xaf,
    0xff, 0x0,

    /* U+006F "o" */
    0x0, 0x0, 0x4, 0xad, 0xff, 0xeb, 0x50, 0x0,
    0x0, 0x0, 0x1, 0xcf, 0xff, 0xff, 0xff, 0xfd,
    0x20, 0x0, 0x0, 0x3e, 0xff, 0xff, 0xff, 0xff,
    0xff, 0xf4, 0x0, 0x1, 0xef, 0xff, 0xd7, 0x43,
    0x6c, 0xff, 0xff, 0x20, 0xa, 0xff, 0xfb, 0x0,
    0x0, 0x0, 0x9f, 0xff, 0xb0, 0x2f, 0xff, 0xe0,
    0x0, 0x0, 0x0, 0xc, 0xff, 0xf3, 0x7f, 0xff,
    0x70, 0x0, 0x0, 0x0, 0x5, 0xff, 0xf8, 0xaf,
    0xff, 0x20, 0x0, 0x0, 0x0, 0x0, 0xff, 0xfc,
    0xcf, 0xff, 0x0, 0x0, 0x0, 0x0, 0x0, 0xdf,
    0xfe, 0xdf, 0xff, 0x0, 0x0, 0x0, 0x0, 0x0,
    0xdf, 0xff, 0xcf, 0xff, 0x0, 0x0, 0x0, 0x0,
    0x0, 0xdf, 0xfe, 0xaf, 0xff, 0x20, 0x0, 0x0,
    0x0, 0x0, 0xff, 0xfc, 0x7f, 0xff, 0x60, 0x0,
    0x0, 0x0, 0x4, 0xff, 0xf9, 0x2f, 0xff, 0xd0,
    0x0, 0x0, 0x0, 0xc, 0xff, 0xf3, 0xa, 0xff,
    0xfa, 0x0, 0x0, 0x0, 0x9f, 0xff, 0xc0, 0x1,
    0xef, 0xff, 0xd7, 0x43, 0x6c, 0xff, 0xff, 0x20,
    0x0, 0x3e, 0xff, 0xff, 0xff, 0xff, 0xff, 0xf5,
    0x0, 0x0, 0x2, 0xcf, 0xff, 0xff, 0xff, 0xfd,
    0x30, 0x0, 0x0, 0x0, 0x5, 0xad, 0xff, 0xeb,
    0x60, 0x0, 0x0,

    /* U+0070 "p" */
    0xef, 0xfb, 0x0, 0x5b, 0xef, 0xec, 0x60, 0x0,
    0x0, 0xef, 0xfb, 0x1c, 0xff, 0xff, 0xff, 0xfe,
    0x20, 0x0, 0xef, 0xfc, 0xcf, 0xff, 0xff, 0xff,
    0xff, 0xe3, 0x0, 0xef, 0xff, 0xff, 0xb5, 0x34,
    0x8e, 0xff, 0xfd, 0x0, 0xef, 0xff, 0xf6, 0x0,
    0x0, 0x1, 0xdf, 0xff, 0x70, 0xef, 0xff, 0x90,
    0x0, 0x0, 0x0, 0x2f, 0xff, 0xe0, 0xef, 0xff,
    0x10, 0x0, 0x0, 0x0, 0xa, 0xff, 0xf3, 0xef,
    0xfc, 0x0, 0x0, 0x0, 0x0, 0x6, 0xff, 0xf6,
    0xef, 0xfa, 0x0, 0x0, 0x0, 0x0, 0x4, 0xff,
    0xf8, 0xef, 0xf9, 0x0, 0x0, 0x0, 0x0, 0x3,
    0xff, 0xf8, 0xef, 0xfa, 0x0, 0x0, 0x0, 0x0,
    0x4, 0xff, 0xf7, 0xef, 0xfc, 0x0, 0x0, 0x0,
    0x0, 0x6, 0xff, 0xf5, 0xef, 0xff, 0x10, 0x0,
    0x0, 0x0, 0xa, 0xff, 0xf3, 0xef, 0xff, 0x90,
    0x0, 0x0, 0x0, 0x2f, 0xff, 0xd0, 0xef, 0xff,
    0xf6, 0x0, 0x0, 0x1, 0xdf, 0xff, 0x80, 0xef,
    0xff, 0xff, 0xb5, 0x34, 0x8e, 0xff, 0xfd, 0x0,
    0xef, 0xfc, 0xaf, 0xff, 0xff, 0xff, 0xff, 0xf3,
    0x0, 0xef, 0xfc, 0xa, 0xff, 0xff, 0xff, 0xfe,
    0x20, 0x0, 0xef, 0xfc, 0x0, 0x4a, 0xef, 0xec,
    0x60, 0x0, 0x0, 0xef, 0xfc, 0x0, 0x0, 0x0,
    0x0, 0x0, 0x0, 0x0, 0xef, 0xfc, 0x0, 0x0,
    0x0, 0x0, 0x0, 0x0, 0x0, 0xef, 0xfc, 0x0,
    0x0, 0x0, 0x0, 0x0, 0x0, 0x0, 0xef, 0xfc,
    0x0, 0x0, 0x0, 0x0, 0x0, 0x0, 0x0, 0xef,
    0xfc, 0x0, 0x0, 0x0, 0x0, 0x0, 0x0, 0x0,
    0xef, 0xfc, 0x0, 0x0, 0x0, 0x0, 0x0, 0x0,
    0x0, 0xef, 0xfc, 0x0, 0x0, 0x0, 0x0, 0x0,
    0x0, 0x0,

    /* U+0071 "q" */
    0x0, 0x0, 0x18, 0xcf, 0xfd, 0x93, 0x0, 0xff,
    0xfa, 0x0, 0x5, 0xff, 0xff, 0xff, 0xff, 0x90,
    0xff, 0xfa, 0x0, 0x6f, 0xff, 0xff, 0xff, 0xff,
    0xf8, 0xff, 0xfa, 0x2, 0xff, 0xff, 0xd6, 0x33,
    0x6d, 0xff, 0xff, 0xfa, 0xc, 0xff, 0xfa, 0x0,
    0x0, 0x0, 0xaf, 0xff, 0xfa, 0x2f, 0xff, 0xd0,
    0x0, 0x0, 0x0, 0xd, 0xff, 0xfa, 0x7f, 0xff,
    0x60, 0x0, 0x0, 0x0, 0x5, 0xff, 0xfa, 0xaf,
    0xff, 0x20, 0x0, 0x0, 0x0, 0x0, 0xff, 0xfa,
    0xcf, 0xff, 0x0, 0x0, 0x0, 0x0, 0x0, 0xef,
    0xfa, 0xcf, 0xff, 0x0, 0x0, 0x0, 0x0, 0x0,
    0xdf, 0xfa, 0xbf, 0xff, 0x0, 0x0, 0x0, 0x0,
    0x0, 0xef, 0xfa, 0xaf, 0xff, 0x20, 0x0, 0x0,
    0x0, 0x0, 0xff, 0xfa, 0x7f, 0xff, 0x60, 0x0,
    0x0, 0x0, 0x5, 0xff, 0xfa, 0x2f, 0xff, 0xd0,
    0x0, 0x0, 0x0, 0xd, 0xff, 0xfa, 0xc, 0xff,
    0xfa, 0x0, 0x0, 0x0, 0xaf, 0xff, 0xfa, 0x2,
    0xff, 0xff, 0xd6, 0x34, 0x6d, 0xff, 0xff, 0xfa,
    0x0, 0x6f, 0xff, 0xff, 0xff, 0xff, 0xf6, 0xff,
    0xfa, 0x0, 0x5, 0xff, 0xff, 0xff, 0xff, 0x71,
    0xff, 0xfa, 0x0, 0x0, 0x18, 0xdf, 0xfd, 0x92,
    0x1, 0xff, 0xfa, 0x0, 0x0, 0x0, 0x0, 0x0,
    0x0, 0x1, 0xff, 0xfa, 0x0, 0x0, 0x0, 0x0,
    0x0, 0x0, 0x1, 0xff, 0xfa, 0x0, 0x0, 0x0,
    0x0, 0x0, 0x0, 0x1, 0xff, 0xfa, 0x0, 0x0,
    0x0, 0x0, 0x0, 0x0, 0x1, 0xff, 0xfa, 0x0,
    0x0, 0x0, 0x0, 0x0, 0x0, 0x1, 0xff, 0xfa,
    0x0, 0x0, 0x0, 0x0, 0x0, 0x0, 0x1, 0xff,
    0xfa, 0x0, 0x0, 0x0, 0x0, 0x0, 0x0, 0x1,
    0xff, 0xfa,

    /* U+0072 "r" */
    0xef, 0xfa, 0x4, 0xbe, 0xf8, 0xef, 0xfa, 0x6f,
    0xff, 0xf8, 0xef, 0xfb, 0xff, 0xff, 0xf8, 0xef,
    0xff, 0xfc, 0x52, 0x32, 0xef, 0xff, 0xb0, 0x0,
    0x0, 0xef, 0xff, 0x20, 0x0, 0x0, 0xef, 0xfe,
    0x0, 0x0, 0x0, 0xef, 0xfc, 0x0, 0x0, 0x0,
    0xef, 0xfc, 0x0, 0x0, 0x0, 0xef, 0xfc, 0x0,
    0x0, 0x0, 0xef, 0xfc, 0x0, 0x0, 0x0, 0xef,
    0xfc, 0x0, 0x0, 0x0, 0xef, 0xfc, 0x0, 0x0,
    0x0, 0xef, 0xfc, 0x0, 0x0, 0x0, 0xef, 0xfc,
    0x0, 0x0, 0x0, 0xef, 0xfc, 0x0, 0x0, 0x0,
    0xef, 0xfc, 0x0, 0x0, 0x0, 0xef, 0xfc, 0x0,
    0x0, 0x0, 0xef, 0xfc, 0x0, 0x0, 0x0,

    /* U+0073 "s" */
    0x0, 0x1, 0x7c, 0xef, 0xfd, 0x93, 0x0, 0x0,
    0x0, 0x5f, 0xff, 0xff, 0xff, 0xff, 0xa0, 0x0,
    0x5, 0xff, 0xff, 0xff, 0xff, 0xff, 0xfc, 0x0,
    0xe, 0xff, 0xf9, 0x20, 0x4, 0xdf, 0xff, 0x60,
    0x4f, 0xff, 0xa0, 0x0, 0x0, 0x1e, 0xff, 0xc0,
    0x5f, 0xff, 0x60, 0x0, 0x0, 0xa, 0xff, 0xe0,
    0x3f, 0xff, 0xb0, 0x0, 0x0, 0x0, 0x0, 0x0,
    0xe, 0xff, 0xfc, 0x62, 0x0, 0x0, 0x0, 0x0,
    0x4, 0xff, 0xff, 0xff, 0xeb, 0x72, 0x0, 0x0,
    0x0, 0x3c, 0xff, 0xff, 0xff, 0xff, 0xc4, 0x0,
    0x0, 0x0, 0x27, 0xbe, 0xff, 0xff, 0xff, 0x60,
    0x0, 0x0, 0x0, 0x0, 0x26, 0xdf, 0xff, 0xf1,
    0x0, 0x0, 0x0, 0x0, 0x0, 0xb, 0xff, 0xf5,
    0xaf, 0xff, 0x0, 0x0, 0x0, 0x5, 0xff, 0xf6,
    0x7f, 0xff, 0x60, 0x0, 0x0, 0x9, 0xff, 0xf4,
    0x1f, 0xff, 0xf7, 0x10, 0x2, 0x9f, 0xff, 0xe0,
    0x6, 0xff, 0xff, 0xff, 0xff, 0xff, 0xff, 0x50,
    0x0, 0x5e, 0xff, 0xff, 0xff, 0xff, 0xe5, 0x0,
    0x0, 0x0, 0x6b, 0xef, 0xfe, 0xb6, 0x0, 0x0,

    /* U+0074 "t" */
    0x0, 0x3, 0x88, 0x82, 0x0, 0x0, 0x0, 0x7,
    0xff, 0xf4, 0x0, 0x0, 0x0, 0x7, 0xff, 0xf4,
    0x0, 0x0, 0x0, 0x7, 0xff, 0xf4, 0x0, 0x0,
    0x0, 0x7, 0xff, 0xf4, 0x0, 0x0, 0xbf, 0xff,
    0xff, 0xff, 0xff, 0xf0, 0xbf, 0xff, 0xff, 0xff,
    0xff, 0xf0, 0xbf, 0xff, 0xff, 0xff, 0xff, 0xf0,
    0x1, 0x17, 0xff, 0xf5, 0x11, 0x10, 0x0, 0x7,
    0xff, 0xf4, 0x0, 0x0, 0x0, 0x7, 0xff, 0xf4,
    0x0, 0x0, 0x0, 0x7, 0xff, 0xf4, 0x0, 0x0,
    0x0, 0x7, 0xff, 0xf4, 0x0, 0x0, 0x0, 0x7,
    0xff, 0xf4, 0x0, 0x0, 0x0, 0x7, 0xff, 0xf4,
    0x0, 0x0, 0x0, 0x7, 0xff, 0xf4, 0x0, 0x0,
    0x0, 0x7, 0xff, 0xf4, 0x0, 0x0, 0x0, 0x7,
    0xff, 0xf4, 0x0, 0x0, 0x0, 0x7, 0xff, 0xf4,
    0x0, 0x0, 0x0, 0x7, 0xff, 0xf5, 0x0, 0x0,
    0x0, 0x5, 0xff, 0xfc, 0x21, 0x10, 0x0, 0x1,
    0xff, 0xff, 0xff, 0xf0, 0x0, 0x0, 0x7f, 0xff,
    0xff, 0xf0, 0x0, 0x0, 0x4, 0xbe, 0xff, 0xf0,

    /* U+0075 "u" */
    0xef, 0xfc, 0x0, 0x0, 0x0, 0x0, 0xaf, 0xff,
    0xe, 0xff, 0xc0, 0x0, 0x0, 0x0, 0xa, 0xff,
    0xf0, 0xef, 0xfc, 0x0, 0x0, 0x0, 0x0, 0xaf,
    0xff, 0xe, 0xff, 0xc0, 0x0, 0x0, 0x0, 0xa,
    0xff, 0xf0, 0xef, 0xfc, 0x0, 0x0, 0x0, 0x0,
    0xaf, 0xff, 0xe, 0xff, 0xc0, 0x0, 0x0, 0x0,
    0xa, 0xff, 0xf0, 0xef, 0xfc, 0x0, 0x0, 0x0,
    0x0, 0xaf, 0xff, 0xe, 0xff, 0xc0, 0x0, 0x0,
    0x0, 0xa, 0xff, 0xf0, 0xef, 0xfc, 0x0, 0x0,
    0x0, 0x0, 0xaf, 0xff, 0xe, 0xff, 0xc0, 0x0,
    0x0, 0x0, 0xa, 0xff, 0xf0, 0xef, 0xfc, 0x0,
    0x0, 0x0, 0x0, 0xaf, 0xff, 0xe, 0xff, 0xd0,
    0x0, 0x0, 0x0, 0xb, 0xff, 0xf0, 0xdf, 0xfe,
    0x0, 0x0, 0x0, 0x0, 0xdf, 0xff, 0xb, 0xff,
    0xf3, 0x0, 0x0, 0x0, 0x3f, 0xff, 0xf0, 0x7f,
    0xff, 0xd1, 0x0, 0x0, 0x2d, 0xff, 0xff, 0x1,
    0xff, 0xff, 0xe8, 0x56, 0x9f, 0xff, 0xff, 0xf0,
    0x6, 0xff, 0xff, 0xff, 0xff, 0xfd, 0xaf, 0xff,
    0x0, 0x7, 0xff, 0xff, 0xff, 0xfd, 0x29, 0xff,
    0xf0, 0x0, 0x3, 0x9d, 0xfe, 0xc6, 0x0, 0x9f,
    0xff, 0x0,

    /* U+0076 "v" */
    0x6f, 0xff, 0x90, 0x0, 0x0, 0x0, 0x0, 0x9f,
    0xff, 0x50, 0xff, 0xfe, 0x0, 0x0, 0x0, 0x0,
    0xe, 0xff, 0xe0, 0xa, 0xff, 0xf4, 0x0, 0x0,
    0x0, 0x4, 0xff, 0xf9, 0x0, 0x4f, 0xff, 0xa0,
    0x0, 0x0, 0x0, 0xaf, 0xff, 0x30, 0x0, 0xef,
    0xff, 0x0, 0x0, 0x0, 0xf, 0xff, 0xd0, 0x0,
    0x8, 0xff, 0xf5, 0x0, 0x0, 0x5, 0xff, 0xf7,
    0x0, 0x0, 0x2f, 0xff, 0xb0, 0x0, 0x0, 0xaf,
    0xff, 0x10, 0x0, 0x0, 0xcf, 0xff, 0x10, 0x0,
    0xf, 0xff, 0xb0, 0x0, 0x0, 0x6, 0xff, 0xf6,
    0x0, 0x6, 0xff, 0xf5, 0x0, 0x0, 0x0, 0x1f,
    0xff, 0xc0, 0x0, 0xbf, 0xfe, 0x0, 0x0, 0x0,
    0x0, 0xaf, 0xff, 0x10, 0x1f, 0xff, 0x90, 0x0,
    0x0, 0x0, 0x4, 0xff, 0xf7, 0x6, 0xff, 0xf3,
    0x0, 0x0, 0x0, 0x0, 0xe, 0xff, 0xc0, 0xbf,
    0xfd, 0x0, 0x0, 0x0, 0x0, 0x0, 0x8f, 0xff,
    0x2f, 0xff, 0x70, 0x0, 0x0, 0x0, 0x0, 0x3,
    0xff, 0xfc, 0xff, 0xf1, 0x0, 0x0, 0x0, 0x0,
    0x0, 0xd, 0xff, 0xff, 0xfb, 0x0, 0x0, 0x0,
    0x0, 0x0, 0x0, 0x7f, 0xff, 0xff, 0x50, 0x0,
    0x0, 0x0, 0x0, 0x0, 0x1, 0xff, 0xff, 0xf0,
    0x0, 0x0, 0x0, 0x0, 0x0, 0x0, 0xb, 0xff,
    0xf9, 0x0, 0x0, 0x0, 0x0,

    /* U+0077 "w" */
    0x6f, 0xff, 0x70, 0x0, 0x0, 0x0, 0xff, 0xfd,
    0x0, 0x0, 0x0, 0xa, 0xff, 0xf4, 0x2f, 0xff,
    0xb0, 0x0, 0x0, 0x4, 0xff, 0xff, 0x10, 0x0,
    0x0, 0xe, 0xff, 0xf0, 0xd, 0xff, 0xf0, 0x0,
    0x0, 0x8, 0xff, 0xff, 0x60, 0x0, 0x0, 0x2f,
    0xff, 0xa0, 0x8, 0xff, 0xf4, 0x0, 0x0, 0xc,
    0xff, 0xff, 0xa0, 0x0, 0x0, 0x7f, 0xff, 0x60,
    0x3, 0xff, 0xf8, 0x0, 0x0, 0x1f, 0xff, 0xff,
    0xe0, 0x0, 0x0, 0xbf, 0xff, 0x10, 0x0, 0xef,
    0xfd, 0x0, 0x0, 0x5f, 0xfb, 0xef, 0xf3, 0x0,
    0x0, 0xff, 0xfc, 0x0, 0x0, 0x9f, 0xff, 0x10,
    0x0, 0xaf, 0xf7, 0xaf, 0xf7, 0x0, 0x4, 0xff,
    0xf7, 0x0, 0x0, 0x4f, 0xff, 0x50, 0x0, 0xef,
    0xf3, 0x6f, 0xfc, 0x0, 0x8, 0xff, 0xf2, 0x0,
    0x0, 0xf, 0xff, 0x90, 0x3, 0xff, 0xf0, 0x1f,
    0xff, 0x0, 0xd, 0xff, 0xd0, 0x0, 0x0, 0xb,
    0xff, 0xd0, 0x7, 0xff, 0xb0, 0xd, 0xff, 0x40,
    0x1f, 0xff, 0x80, 0x0, 0x0, 0x6, 0xff, 0xf1,
    0xb, 0xff, 0x60, 0x9, 0xff, 0x80, 0x5f, 0xff,
    0x40, 0x0, 0x0, 0x1, 0xff, 0xf5, 0xf, 0xff,
    0x20, 0x4, 0xff, 0xc0, 0x9f, 0xfe, 0x0, 0x0,
    0x0, 0x0, 0xcf, 0xf9, 0x3f, 0xfd, 0x0, 0x0,
    0xff, 0xf0, 0xdf, 0xfa, 0x0, 0x0, 0x0, 0x0,
    0x7f, 0xfd, 0x7f, 0xf9, 0x0, 0x0, 0xbf, 0xf5,
    0xff, 0xf5, 0x0, 0x0, 0x0, 0x0, 0x3f, 0xff,
    0xdf, 0xf4, 0x0, 0x0, 0x7f, 0xfd, 0xff, 0xf1,
    0x0, 0x0, 0x0, 0x0, 0xe, 0xff, 0xff, 0xf0,
    0x0, 0x0, 0x2f, 0xff, 0xff, 0xb0, 0x0, 0x0,
    0x0, 0x0, 0x9, 0xff, 0xff, 0xb0, 0x0, 0x0,
    0xe, 0xff, 0xff, 0x70, 0x0, 0x0, 0x0, 0x0,
    0x4, 0xff, 0xff, 0x60, 0x0, 0x0, 0x9, 0xff,
    0xff, 0x20, 0x0, 0x0, 0x0, 0x0, 0x0, 0xff,
    0xff, 0x20, 0x0, 0x0, 0x5, 0xff, 0xfd, 0x0,
    0x0, 0x0,

    /* U+0078 "x" */
    0xc, 0xff, 0xf6, 0x0, 0x0, 0x0, 0x9, 0xff,
    0xf8, 0x0, 0x2f, 0xff, 0xf1, 0x0, 0x0, 0x4,
    0xff, 0xfc, 0x0, 0x0, 0x6f, 0xff, 0xb0, 0x0,
    0x0, 0xef, 0xff, 0x20, 0x0, 0x0, 0xbf, 0xff,
    0x50, 0x0, 0x9f, 0xff, 0x70, 0x0, 0x0, 0x1,
    0xff, 0xfe, 0x10, 0x4f, 0xff, 0xb0, 0x0, 0x0,
    0x0, 0x5, 0xff, 0xfa, 0xd, 0xff, 0xe1, 0x0,
    0x0, 0x0, 0x0, 0xa, 0xff, 0xfb, 0xff, 0xf5,
    0x0, 0x0, 0x0, 0x0, 0x0, 0x1e, 0xff, 0xff,
    0xfa, 0x0, 0x0, 0x0, 0x0, 0x0, 0x0, 0x4f,
    0xff, 0xfe, 0x10, 0x0, 0x0, 0x0, 0x0, 0x0,
    0x0, 0xef, 0xff, 0xa0, 0x0, 0x0, 0x0, 0x0,
    0x0, 0x0, 0x9f, 0xff, 0xff, 0x40, 0x0, 0x0,
    0x0, 0x0, 0x0, 0x4f, 0xff, 0xff, 0xfe, 0x10,
    0x0, 0x0, 0x0, 0x0, 0x1e, 0xff, 0xe6, 0xff,
    0xfa, 0x0, 0x0, 0x0, 0x0, 0xb, 0xff, 0xf5,
    0xb, 0xff, 0xf5, 0x0, 0x0, 0x0, 0x6, 0xff,
    0xfa, 0x0, 0x1f, 0xff, 0xf1, 0x0, 0x0, 0x2,
    0xff, 0xfe, 0x10, 0x0, 0x6f, 0xff, 0xc0, 0x0,
    0x0, 0xcf, 0xff, 0x50, 0x0, 0x0, 0xbf, 0xff,
    0x70, 0x0, 0x8f, 0xff, 0xa0, 0x0, 0x0, 0x1,
    0xff, 0xff, 0x20, 0x3f, 0xff, 0xe1, 0x0, 0x0,
    0x0, 0x6, 0xff, 0xfd, 0x0,

    /* U+0079 "y" */
    0x6f, 0xff, 0x90, 0x0, 0x0, 0x0, 0x0, 0x9f,
    0xff, 0x50, 0xff, 0xfe, 0x0, 0x0, 0x0, 0x0,
    0xe, 0xff, 0xe0, 0x9, 0xff, 0xf4, 0x0, 0x0,
    0x0, 0x4, 0xff, 0xf8, 0x0, 0x3f, 0xff, 0xa0,
    0x0, 0x0, 0x0, 0xaf, 0xff, 0x20, 0x0, 0xdf,
    0xff, 0x0, 0x0, 0x0, 0xf, 0xff, 0xc0, 0x0,
    0x7, 0xff, 0xf6, 0x0, 0x0, 0x6, 0xff, 0xf6,
    0x0, 0x0, 0x1f, 0xff, 0xc0, 0x0, 0x0, 0xbf,
    0xff, 0x0, 0x0, 0x0, 0xaf, 0xff, 0x20, 0x0,
    0x1f, 0xff, 0x90, 0x0, 0x0, 0x4, 0xff, 0xf7,
    0x0, 0x7, 0xff, 0xf3, 0x0, 0x0, 0x0, 0xe,
    0xff, 0xd0, 0x0, 0xdf, 0xfd, 0x0, 0x0, 0x0,
    0x0, 0x8f, 0xff, 0x30, 0x2f, 0xff, 0x70, 0x0,
    0x0, 0x0, 0x2, 0xff, 0xf8, 0x8, 0xff, 0xf1,
    0x0, 0x0, 0x0, 0x0, 0xb, 0xff, 0xe0, 0xdf,
    0xfb, 0x0, 0x0, 0x0, 0x0, 0x0, 0x5f, 0xff,
    0x6f, 0xff, 0x40, 0x0, 0x0, 0x0, 0x0, 0x0,
    0xef, 0xff, 0xff, 0xe0, 0x0, 0x0, 0x0, 0x0,
    0x0, 0x9, 0xff, 0xff, 0xf8, 0x0, 0x0, 0x0,
    0x0, 0x0, 0x0, 0x2f, 0xff, 0xff, 0x20, 0x0,
    0x0, 0x0, 0x0, 0x0, 0x0, 0xcf, 0xff, 0xc0,
    0x0, 0x0, 0x0, 0x0, 0x0, 0x0, 0x8, 0xff,
    0xf6, 0x0, 0x0, 0x0, 0x0, 0x0, 0x0, 0x0,
    0xcf, 0xff, 0x0, 0x0, 0x0, 0x0, 0x0, 0x0,
    0x0, 0x2f, 0xff, 0x90, 0x0, 0x0, 0x0, 0x0,
    0x0, 0x0, 0xa, 0xff, 0xf3, 0x0, 0x0, 0x0,
    0x0, 0x0, 0x12, 0x28, 0xff, 0xfc, 0x0, 0x0,
    0x0, 0x0, 0x0, 0xa, 0xff, 0xff, 0xff, 0x40,
    0x0, 0x0, 0x0, 0x0, 0x0, 0xaf, 0xff, 0xff,
    0x70, 0x0, 0x0, 0x0, 0x0, 0x0, 0xa, 0xff,
    0xeb, 0x40, 0x0, 0x0, 0x0, 0x0, 0x0,

    /* U+007A "z" */
    0x5f, 0xff, 0xff, 0xff, 0xff, 0xff, 0xff, 0xf0,
    0x5f, 0xff, 0xff, 0xff, 0xff, 0xff, 0xff, 0xf0,
    0x5f, 0xff, 0xff, 0xff, 0xff, 0xff, 0xff, 0xf0,
    0x3, 0x33, 0x33, 0x33, 0x33, 0xdf, 0xff, 0x70,
    0x0, 0x0, 0x0, 0x0, 0x7, 0xff, 0xfb, 0x0,
    0x0, 0x0, 0x0, 0x0, 0x3f, 0xff, 0xe1, 0x0,
    0x0, 0x0, 0x0, 0x1, 0xef, 0xff, 0x40, 0x0,
    0x0, 0x0, 0x0, 0xb, 0xff, 0xf7, 0x0, 0x0,
    0x0, 0x0, 0x0, 0x7f, 0xff, 0xb0, 0x0, 0x0,
    0x0, 0x0, 0x3, 0xff, 0xfe, 0x10, 0x0, 0x0,
    0x0, 0x0, 0x1e, 0xff, 0xf4, 0x0, 0x0, 0x0,
    0x0, 0x0, 0xbf, 0xff, 0x80, 0x0, 0x0, 0x0,
    0x0, 0x7, 0xff, 0xfc, 0x0, 0x0, 0x0, 0x0,
    0x0, 0x3f, 0xff, 0xe1, 0x0, 0x0, 0x0, 0x0,
    0x1, 0xef, 0xff, 0x40, 0x0, 0x0, 0x0, 0x0,
    0xb, 0xff, 0xfa, 0x33, 0x33, 0x33, 0x33, 0x30,
    0x4f, 0xff, 0xff, 0xff, 0xff, 0xff, 0xff, 0xf1,
    0x5f, 0xff, 0xff, 0xff, 0xff, 0xff, 0xff, 0xf1,
    0x5f, 0xff, 0xff, 0xff, 0xff, 0xff, 0xff, 0xf1,

    /* U+007B "{" */
    0x0, 0x0, 0x0, 0x17, 0xbe, 0xf2, 0x0, 0x0,
    0x4, 0xef, 0xff, 0xf3, 0x0, 0x0, 0x1f, 0xff,
    0xff, 0xf3, 0x0, 0x0, 0x8f, 0xff, 0xc4, 0x10,
    0x0, 0x0, 0xdf, 0xfe, 0x0, 0x0, 0x0, 0x0,
    0xff, 0xfa, 0x0, 0x0, 0x0, 0x1, 0xff, 0xf8,
    0x0, 0x0, 0x0, 0x1, 0xff, 0xf7, 0x0, 0x0,
    0x0, 0x2, 0xff, 0xf7, 0x0, 0x0, 0x0, 0x2,
    0xff, 0xf7, 0x0, 0x0, 0x0, 0x2, 0xff, 0xf7,
    0x0, 0x0, 0x0, 0x2, 0xff, 0xf7, 0x0, 0x0,
    0x0, 0x3, 0xff, 0xf6, 0x0, 0x0, 0x0, 0x8,
    0xff, 0xf4, 0x0, 0x0, 0x1, 0x7f, 0xff, 0xe0,
    0x0, 0x0, 0xff, 0xff, 0xff, 0x50, 0x0, 0x0,
    0xff, 0xff, 0xc3, 0x0, 0x0, 0x0, 0xff, 0xff,
    0xf8, 0x0, 0x0, 0x0, 0xbc, 0xff, 0xff, 0xa0,
    0x0, 0x0, 0x0, 0x2e, 0xff, 0xf2, 0x0, 0x0,
    0x0, 0x7, 0xff, 0xf5, 0x0, 0x0, 0x0, 0x3,
    0xff, 0xf7, 0x0, 0x0, 0x0, 0x2, 0xff, 0xf7,
    0x0, 0x0, 0x0, 0x2, 0xff, 0xf7, 0x0, 0x0,
    0x0, 0x2, 0xff, 0xf7, 0x0, 0x0, 0x0, 0x2,
    0xff, 0xf7, 0x0, 0x0, 0x0, 0x1, 0xff, 0xf7,
    0x0, 0x0, 0x0, 0x0, 0xff, 0xf9, 0x0, 0x0,
    0x0, 0x0, 0xef, 0xfe, 0x0, 0x0, 0x0, 0x0,
    0x9f, 0xff, 0xb4, 0x10, 0x0, 0x0, 0x2f, 0xff,
    0xff, 0xf3, 0x0, 0x0, 0x5, 0xff, 0xff, 0xf3,
    0x0, 0x0, 0x0, 0x17, 0xbe, 0xf2,

    /* U+007C "|" */
    0xf, 0xff, 0x40, 0xff, 0xf4, 0xf, 0xff, 0x40,
    0xff, 0xf4, 0xf, 0xff, 0x40, 0xff, 0xf4, 0xf,
    0xff, 0x40, 0xff, 0xf4, 0xf, 0xff, 0x40, 0xff,
    0xf4, 0xf, 0xff, 0x40, 0xff, 0xf4, 0xf, 0xff,
    0x40, 0xff, 0xf4, 0xf, 0xff, 0x40, 0xff, 0xf4,
    0xf, 0xff, 0x40, 0xff, 0xf4, 0xf, 0xff, 0x40,
    0xff, 0xf4, 0xf, 0xff, 0x40, 0xff, 0xf4, 0xf,
    0xff, 0x40, 0xff, 0xf4, 0xf, 0xff, 0x40, 0xff,
    0xf4, 0xf, 0xff, 0x40, 0xff, 0xf4, 0xf, 0xff,
    0x40, 0xff, 0xf4, 0xf, 0xff, 0x40, 0xff, 0xf4,
    0xf, 0xff, 0x40, 0xff, 0xf4, 0xf, 0xff, 0x40,
    0xff, 0xf4, 0xf, 0xff, 0x40, 0xff, 0xf4, 0xf,
    0xff, 0x40, 0xff, 0xf4, 0xf, 0xff, 0x40, 0xff,
    0xf4, 0xf, 0xff, 0x40,

    /* U+007D "}" */
    0xae, 0xd9, 0x30, 0x0, 0x0, 0x0, 0xaf, 0xff,
    0xfa, 0x0, 0x0, 0x0, 0xaf, 0xff, 0xff, 0x80,
    0x0, 0x0, 0x2, 0x7f, 0xff, 0xf1, 0x0, 0x0,
    0x0, 0x7, 0xff, 0xf5, 0x0, 0x0, 0x0, 0x2,
    0xff, 0xf8, 0x0, 0x0, 0x0, 0x0, 0xff, 0xf9,
    0x0, 0x0, 0x0, 0x0, 0xff, 0xf9, 0x0, 0x0,
    0x0, 0x0, 0xff, 0xfa, 0x0, 0x0, 0x0, 0x0,
    0xff, 0xfa, 0x0, 0x0, 0x0, 0x0, 0xff, 0xfa,
    0x0, 0x0, 0x0, 0x0, 0xff, 0xfa, 0x0, 0x0,
    0x0, 0x0, 0xef, 0xfc, 0x0, 0x0, 0x0, 0x0,
    0xcf, 0xff, 0x10, 0x0, 0x0, 0x0, 0x7f, 0xff,
    0xd4, 0x10, 0x0, 0x0, 0xc, 0xff, 0xff, 0xf8,
    0x0, 0x0, 0x0, 0x7f, 0xff, 0xf8, 0x0, 0x0,
    0x4, 0xdf, 0xff, 0xf8, 0x0, 0x0, 0x2f, 0xff,
    0xfe, 0xa4, 0x0, 0x0, 0xaf, 0xff, 0x80, 0x0,
    0x0, 0x0, 0xdf, 0xfe, 0x0, 0x0, 0x0, 0x0,
    0xff, 0xfb, 0x0, 0x0, 0x0, 0x0, 0xff, 0xfa,
    0x0, 0x0, 0x0, 0x0, 0xff, 0xfa, 0x0, 0x0,
    0x0, 0x0, 0xff, 0xfa, 0x0, 0x0, 0x0, 0x0,
    0xff, 0xfa, 0x0, 0x0, 0x0, 0x0, 0xff, 0xf9,
    0x0, 0x0, 0x0, 0x1, 0xff, 0xf8, 0x0, 0x0,
    0x0, 0x6, 0xff, 0xf6, 0x0, 0x0, 0x2, 0x7f,
    0xff, 0xf1, 0x0, 0x0, 0xaf, 0xff, 0xff, 0xa0,
    0x0, 0x0, 0xaf, 0xff, 0xfb, 0x0, 0x0, 0x0,
    0xaf, 0xda, 0x40, 0x0, 0x0, 0x0,

    /* U+007E "~" */
    0x0, 0x18, 0xdf, 0xe9, 0x20, 0x0, 0x0, 0x3,
    0x55, 0x20, 0x2e, 0xff, 0xff, 0xff, 0x70, 0x0,
    0x0, 0xbf, 0xf7, 0xc, 0xff, 0xff, 0xff, 0xff,
    0xa0, 0x0, 0x1f, 0xff, 0x63, 0xff, 0xfc, 0x56,
    0xdf, 0xff, 0xd6, 0x6d, 0xff, 0xf1, 0x7f, 0xfe,
    0x0, 0x0, 0xbf, 0xff, 0xff, 0xff, 0xfb, 0x9,
    0xff, 0xa0, 0x0, 0x0, 0x8f, 0xff, 0xff, 0xfd,
    0x10, 0x35, 0x53, 0x0, 0x0, 0x0, 0x3a, 0xef,
    0xd8, 0x0, 0x0
};


/*---------------------
 *  GLYPH DESCRIPTION
 *--------------------*/

static const lv_font_fmt_txt_glyph_dsc_t glyph_dsc[] = {
    {.bitmap_index = 0, .adv_w = 0, .box_w = 0, .box_h = 0, .ofs_x = 0, .ofs_y = 0} /* id = 0 reserved */,
    {.bitmap_index = 0, .adv_w = 137, .box_w = 0, .box_h = 0, .ofs_x = 0, .ofs_y = 0},
    {.bitmap_index = 0, .adv_w = 132, .box_w = 6, .box_h = 26, .ofs_x = 1, .ofs_y = 0},
    {.bitmap_index = 78, .adv_w = 246, .box_w = 11, .box_h = 10, .ofs_x = 2, .ofs_y = 16},
    {.bitmap_index = 133, .adv_w = 350, .box_w = 22, .box_h = 26, .ofs_x = 0, .ofs_y = 0},
    {.bitmap_index = 419, .adv_w = 361, .box_w = 21, .box_h = 34, .ofs_x = 1, .ofs_y = -4},
    {.bitmap_index = 776, .adv_w = 504, .box_w = 28, .box_h = 26, .ofs_x = 2, .ofs_y = 0},
    {.bitmap_index = 1140, .adv_w = 358, .box_w = 22, .box_h = 26, .ofs_x = 1, .ofs_y = 0},
    {.bitmap_index = 1426, .adv_w = 150, .box_w = 5, .box_h = 10, .ofs_x = 2, .ofs_y = 16},
    {.bitmap_index = 1451, .adv_w = 178, .box_w = 9, .box_h = 33, .ofs_x = 2, .ofs_y = -5},
    {.bitmap_index = 1600, .adv_w = 178, .box_w = 9, .box_h = 33, .ofs_x = 0, .ofs_y = -5},
    {.bitmap_index = 1749, .adv_w = 283, .box_w = 15, .box_h = 15, .ofs_x = 1, .ofs_y = 11},
    {.bitmap_index = 1862, .adv_w = 367, .box_w = 19, .box_h = 18, .ofs_x = 2, .ofs_y = 1},
    {.bitmap_index = 2033, .adv_w = 131, .box_w = 7, .box_h = 9, .ofs_x = 0, .ofs_y = -5},
    {.bitmap_index = 2065, .adv_w = 250, .box_w = 12, .box_h = 4, .ofs_x = 2, .ofs_y = 9},
    {.bitmap_index = 2089, .adv_w = 131, .box_w = 6, .box_h = 5, .ofs_x = 1, .ofs_y = 0},
    {.bitmap_index = 2104, .adv_w = 195, .box_w = 12, .box_h = 32, .ofs_x = 0, .ofs_y = -4},
    {.bitmap_index = 2296, .adv_w = 360, .box_w = 21, .box_h = 26, .ofs_x = 1, .ofs_y = 0},
    {.bitmap_index = 2569, .adv_w = 214, .box_w = 11, .box_h = 26, .ofs_x = 0, .ofs_y = 0},
    {.bitmap_index = 2712, .adv_w = 330, .box_w = 19, .box_h = 26, .ofs_x = 1, .ofs_y = 0},
    {.bitmap_index = 2959, .adv_w = 349, .box_w = 20, .box_h = 26, .ofs_x = 1, .ofs_y = 0},
    {.bitmap_index = 3219, .adv_w = 363, .box_w = 22, .box_h = 26, .ofs_x = 0, .ofs_y = 0},
    {.bitmap_index = 3505, .adv_w = 336, .box_w = 19, .box_h = 26, .ofs_x = 1, .ofs_y = 0},
    {.bitmap_index = 3752, .adv_w = 343, .box_w = 19, .box_h = 26, .ofs_x = 1, .ofs_y = 0},
    {.bitmap_index = 3999, .adv_w = 303, .box_w = 19, .box_h = 26, .ofs_x = 0, .ofs_y = 0},
    {.bitmap_index = 4246, .adv_w = 341, .box_w = 19, .box_h = 26, .ofs_x = 1, .ofs_y = 0},
    {.bitmap_index = 4493, .adv_w = 343, .box_w = 19, .box_h = 26, .ofs_x = 1, .ofs_y = 0},
    {.bitmap_index = 4740, .adv_w = 131, .box_w = 6, .box_h = 18, .ofs_x = 1, .ofs_y = 0},
    {.bitmap_index = 4794, .adv_w = 133, .box_w = 7, .box_h = 23, .ofs_x = 0, .ofs_y = -5},
    {.bitmap_index = 4875, .adv_w = 367, .box_w = 18, .box_h = 20, .ofs_x = 2, .ofs_y = 0},
    {.bitmap_index = 5055, .adv_w = 367, .box_w = 17, .box_h = 11, .ofs_x = 3, .ofs_y = 5},
    {.bitmap_index = 5149, .adv_w = 367, .box_w = 18, .box_h = 20, .ofs_x = 3, .ofs_y = 0},
    {.bitmap_index = 5329, .adv_w = 310, .box_w = 17, .box_h = 26, .ofs_x = 1, .ofs_y = 0},
    {.bitmap_index = 5550, .adv_w = 567, .box_w = 34, .box_h = 33, .ofs_x = 1, .ofs_y = -7},
    {.bitmap_index = 6111, .adv_w = 388, .box_w = 24, .box_h = 26, .ofs_x = 0, .ofs_y = 0},
    {.bitmap_index = 6423, .adv_w = 369, .box_w = 20, .box_h = 26, .ofs_x = 2, .ofs_y = 0},
    {.bitmap_index = 6683, .adv_w = 417, .box_w = 24, .box_h = 26, .ofs_x = 1, .ofs_y = 0},
    {.bitmap_index = 6995, .adv_w = 399, .box_w = 22, .box_h = 26, .ofs_x = 2, .ofs_y = 0},
    {.bitmap_index = 7281, .adv_w = 339, .box_w = 18, .box_h = 26, .ofs_x = 2, .ofs_y = 0},
    {.bitmap_index = 7515, .adv_w = 325, .box_w = 18, .box_h = 26, .ofs_x = 2, .ofs_y = 0},
    {.bitmap_index = 7749, .adv_w = 422, .box_w = 24, .box_h = 26, .ofs_x = 1, .ofs_y = 0},
    {.bitmap_index = 8061, .adv_w = 410, .box_w = 22, .box_h = 26, .ofs_x = 2, .ofs_y = 0},
    {.bitmap_index = 8347, .adv_w = 139, .box_w = 5, .box_h = 26, .ofs_x = 2, .ofs_y = 0},
    {.bitmap_index = 8412, .adv_w = 313, .box_w = 17, .box_h = 26, .ofs_x = 1, .ofs_y = 0},
    {.bitmap_index = 8633, .adv_w = 375, .box_w = 22, .box_h = 26, .ofs_x = 2, .ofs_y = 0},
    {.bitmap_index = 8919, .adv_w = 312, .box_w = 17, .box_h = 26, .ofs_x = 2, .ofs_y = 0},
    {.bitmap_index = 9140, .adv_w = 501, .box_w = 27, .box_h = 26, .ofs_x = 2, .ofs_y = 0},
    {.bitmap_index = 9491, .adv_w = 412, .box_w = 22, .box_h = 26, .ofs_x = 2, .ofs_y = 0},
    {.bitmap_index = 9777, .adv_w = 431, .box_w = 25, .box_h = 26, .ofs_x = 1, .ofs_y = 0},
    {.bitmap_index = 10102, .adv_w = 356, .box_w = 20, .box_h = 26, .ofs_x = 2, .ofs_y = 0},
    {.bitmap_index = 10362, .adv_w = 431, .box_w = 25, .box_h = 28, .ofs_x = 1, .ofs_y = -2},
    {.bitmap_index = 10712, .adv_w = 368, .box_w = 20, .box_h = 26, .ofs_x = 2, .ofs_y = 0},
    {.bitmap_index = 10972, .adv_w = 361, .box_w = 21, .box_h = 26, .ofs_x = 1, .ofs_y = 0},
    {.bitmap_index = 11245, .adv_w = 356, .box_w = 22, .box_h = 26, .ofs_x = 0, .ofs_y = 0},
    {.bitmap_index = 11531, .adv_w = 405, .box_w = 22, .box_h = 26, .ofs_x = 2, .ofs_y = 0},
    {.bitmap_index = 11817, .adv_w = 386, .box_w = 24, .box_h = 26, .ofs_x = 0, .ofs_y = 0},
    {.bitmap_index = 12129, .adv_w = 556, .box_w = 35, .box_h = 26, .ofs_x = 0, .ofs_y = 0},
    {.bitmap_index = 12584, .adv_w = 382, .box_w = 24, .box_h = 26, .ofs_x = 0, .ofs_y = 0},
    {.bitmap_index = 12896, .adv_w = 379, .box_w = 24, .box_h = 26, .ofs_x = 0, .ofs_y = 0},
    {.bitmap_index = 13208, .adv_w = 357, .box_w = 21, .box_h = 26, .ofs_x = 1, .ofs_y = 0},
    {.bitmap_index = 13481, .adv_w = 178, .box_w = 8, .box_h = 33, .ofs_x = 2, .ofs_y = -5},
    {.bitmap_index = 13613, .adv_w = 195, .box_w = 12, .box_h = 32, .ofs_x = 0, .ofs_y = -4},
    {.bitmap_index = 13805, .adv_w = 178, .box_w = 8, .box_h = 33, .ofs_x = 1, .ofs_y = -5},
    {.bitmap_index = 13937, .adv_w = 257, .box_w = 16, .box_h = 11, .ofs_x = 0, .ofs_y = 14},
    {.bitmap_index = 14025, .adv_w = 266, .box_w = 17, .box_h = 4, .ofs_x = 0, .ofs_y = -3},
    {.bitmap_index = 14059, .adv_w = 149, .box_w = 7, .box_h = 6, .ofs_x = 1, .ofs_y = 21},
    {.bitmap_index = 14080, .adv_w = 305, .box_w = 16, .box_h = 19, .ofs_x = 1, .ofs_y = 0},
    {.bitmap_index = 14232, .adv_w = 332, .box_w = 18, .box_h = 26, .ofs_x = 2, .ofs_y = 0},
    {.bitmap_index = 14466, .adv_w = 307, .box_w = 18, .box_h = 19, .ofs_x = 1, .ofs_y = 0},
    {.bitmap_index = 14637, .adv_w = 332, .box_w = 18, .box_h = 26, .ofs_x = 1, .ofs_y = 0},
    {.bitmap_index = 14871, .adv_w = 314, .box_w = 18, .box_h = 19, .ofs_x = 1, .ofs_y = 0},
    {.bitmap_index = 15042, .adv_w = 189, .box_w = 12, .box_h = 26, .ofs_x = 0, .ofs_y = 0},
    {.bitmap_index = 15198, .adv_w = 332, .box_w = 18, .box_h = 26, .ofs_x = 1, .ofs_y = -7},
    {.bitmap_index = 15432, .adv_w = 322, .box_w = 17, .box_h = 26, .ofs_x = 2, .ofs_y = 0},
    {.bitmap_index = 15653, .adv_w = 126, .box_w = 6, .box_h = 26, .ofs_x = 1, .ofs_y = 0},
    {.bitmap_index = 15731, .adv_w = 126, .box_w = 9, .box_h = 33, .ofs_x = -2, .ofs_y = -7},
    {.bitmap_index = 15880, .adv_w = 300, .box_w = 17, .box_h = 26, .ofs_x = 2, .ofs_y = 0},
    {.bitmap_index = 16101, .adv_w = 126, .box_w = 4, .box_h = 26, .ofs_x = 2, .ofs_y = 0},
    {.bitmap_index = 16153, .adv_w = 492, .box_w = 27, .box_h = 19, .ofs_x = 2, .ofs_y = 0},
    {.bitmap_index = 16410, .adv_w = 322, .box_w = 17, .box_h = 19, .ofs_x = 2, .ofs_y = 0},
    {.bitmap_index = 16572, .adv_w = 322, .box_w = 18, .box_h = 19, .ofs_x = 1, .ofs_y = 0},
    {.bitmap_index = 16743, .adv_w = 332, .box_w = 18, .box_h = 26, .ofs_x = 2, .ofs_y = -7},
    {.bitmap_index = 16977, .adv_w = 332, .box_w = 18, .box_h = 26, .ofs_x = 1, .ofs_y = -7},
    {.bitmap_index = 17211, .adv_w = 195, .box_w = 10, .box_h = 19, .ofs_x = 2, .ofs_y = 0},
    {.bitmap_index = 17306, .adv_w = 282, .box_w = 16, .box_h = 19, .ofs_x = 1, .ofs_y = 0},
    {.bitmap_index = 17458, .adv_w = 190, .box_w = 12, .box_h = 24, .ofs_x = 0, .ofs_y = 0},
    {.bitmap_index = 17602, .adv_w = 322, .box_w = 17, .box_h = 19, .ofs_x = 2, .ofs_y = 0},
    {.bitmap_index = 17764, .adv_w = 303, .box_w = 19, .box_h = 19, .ofs_x = 0, .ofs_y = 0},
    {.bitmap_index = 17945, .adv_w = 446, .box_w = 28, .box_h = 19, .ofs_x = 0, .ofs_y = 0},
    {.bitmap_index = 18211, .adv_w = 298, .box_w = 19, .box_h = 19, .ofs_x = 0, .ofs_y = 0},
    {.bitmap_index = 18392, .adv_w = 303, .box_w = 19, .box_h = 26, .ofs_x = 0, .ofs_y = -7},
    {.bitmap_index = 18639, .adv_w = 284, .box_w = 16, .box_h = 19, .ofs_x = 1, .ofs_y = 0},
    {.bitmap_index = 18791, .adv_w = 232, .box_w = 12, .box_h = 33, .ofs_x = 2, .ofs_y = -5},
    {.bitmap_index = 18989, .adv_w = 180, .box_w = 5, .box_h = 43, .ofs_x = 3, .ofs_y = -8},
    {.bitmap_index = 19097, .adv_w = 232, .box_w = 12, .box_h = 33, .ofs_x = 1, .ofs_y = -5},
    {.bitmap_index = 19295, .adv_w = 367, .box_w = 19, .box_h = 7, .ofs_x = 2, .ofs_y = 7}
};

/*---------------------
 *  CHARACTER MAPPING
 *--------------------*/



/*Collect the unicode lists and glyph_id offsets*/
static const lv_font_fmt_txt_cmap_t cmaps[] =
{
    {
        .range_start = 32, .range_length = 95, .glyph_id_start = 1,
        .unicode_list = NULL, .glyph_id_ofs_list = NULL, .list_length = 0, .type = LV_FONT_FMT_TXT_CMAP_FORMAT0_TINY
    }
};



/*--------------------
 *  ALL CUSTOM DATA
 *--------------------*/

#if LVGL_VERSION_MAJOR == 8
/*Store all the custom data of the font*/
static  lv_font_fmt_txt_glyph_cache_t cache;
#endif

#if LVGL_VERSION_MAJOR >= 8
static const lv_font_fmt_txt_dsc_t font_dsc = {
#else
static lv_font_fmt_txt_dsc_t font_dsc = {
#endif
    .glyph_bitmap = glyph_bitmap,
    .glyph_dsc = glyph_dsc,
    .cmaps = cmaps,
    .kern_dsc = NULL,
    .kern_scale = 0,
    .cmap_num = 1,
    .bpp = 4,
    .kern_classes = 0,
    .bitmap_format = 0,
#if LVGL_VERSION_MAJOR == 8
    .cache = &cache
#endif
};



/*-----------------
 *  PUBLIC FONT
 *----------------*/

/*Initialize a public general font descriptor*/
#if LVGL_VERSION_MAJOR >= 8
const lv_font_t lv_font_inter_36 = {
#else
lv_font_t lv_font_inter_36 = {
#endif
    .get_glyph_dsc = lv_font_get_glyph_dsc_fmt_txt,    /*Function pointer to get glyph's data*/
    .get_glyph_bitmap = lv_font_get_bitmap_fmt_txt,    /*Function pointer to get glyph's bitmap*/
    .line_height = 43,          /*The maximum line height required by the font*/
    .base_line = 8,             /*Baseline measured from the bottom of the line*/
#if !(LVGL_VERSION_MAJOR == 6 && LVGL_VERSION_MINOR == 0)
    .subpx = LV_FONT_SUBPX_NONE,
#endif
#if LV_VERSION_CHECK(7, 4, 0) || LVGL_VERSION_MAJOR >= 8
    .underline_position = -3,
    .underline_thickness = 3,
#endif
    .dsc = &font_dsc,          /*The custom font data. Will be accessed by `get_glyph_bitmap/dsc` */
#if LV_VERSION_CHECK(8, 2, 0) || LVGL_VERSION_MAJOR >= 9
    .fallback = NULL,
#endif
    .user_data = NULL,
};



#endif /*#if LV_FONT_INTER_36*/

