/*******************************************************************************
 * Size: 48 px
 * Bpp: 4
 * Opts: --font extras/ttf/InterDisplay-Medium.ttf --range 0x20-0x7F --size 48 --bpp 4 --format lvgl --no-compress -o /home/hk/Desktop/esp32/carcluster/main/fonts/lv_font_inter_48.c
 ******************************************************************************/

#ifdef LV_LVGL_H_INCLUDE_SIMPLE
#include "lvgl.h"
#else
#include "lvgl.h"
#endif

#ifndef LV_FONT_INTER_48
#define LV_FONT_INTER_48 1
#endif

#if LV_FONT_INTER_48

/*-----------------
 *    BITMAPS
 *----------------*/

/*Store the image of the glyphs*/
static LV_ATTRIBUTE_LARGE_CONST const uint8_t glyph_bitmap[] = {
    /* U+0020 " " */

    /* U+0021 "!" */
    0x2f, 0xff, 0xff, 0x22, 0xff, 0xff, 0xf2, 0x2f,
    0xff, 0xff, 0x22, 0xff, 0xff, 0xf2, 0x1f, 0xff,
    0xff, 0x11, 0xff, 0xff, 0xf1, 0x1f, 0xff, 0xff,
    0x11, 0xff, 0xff, 0xf0, 0xf, 0xff, 0xff, 0x0,
    0xff, 0xff, 0xf0, 0xf, 0xff, 0xff, 0x0, 0xff,
    0xff, 0xf0, 0xf, 0xff, 0xff, 0x0, 0xff, 0xff,
    0xf0, 0xf, 0xff, 0xff, 0x0, 0xff, 0xff, 0xe0,
    0xe, 0xff, 0xfe, 0x0, 0xef, 0xff, 0xe0, 0xe,
    0xff, 0xfd, 0x0, 0xdf, 0xff, 0xd0, 0xd, 0xff,
    0xfd, 0x0, 0xdf, 0xff, 0xd0, 0xd, 0xff, 0xfc,
    0x0, 0xcf, 0xff, 0xc0, 0xb, 0xee, 0xeb, 0x0,
    0x0, 0x0, 0x0, 0x0, 0x0, 0x0, 0x0, 0x0,
    0x0, 0x0, 0x4, 0xce, 0xc3, 0x3, 0xff, 0xff,
    0xf3, 0xaf, 0xff, 0xff, 0x9b, 0xff, 0xff, 0xfb,
    0x8f, 0xff, 0xff, 0x70, 0xcf, 0xff, 0xb0, 0x0,
    0x47, 0x40, 0x0,

    /* U+0022 "\"" */
    0x1f, 0xff, 0xf9, 0x0, 0x1f, 0xff, 0xf9, 0xf,
    0xff, 0xf8, 0x0, 0x1f, 0xff, 0xf8, 0xf, 0xff,
    0xf7, 0x0, 0xf, 0xff, 0xf7, 0xf, 0xff, 0xf7,
    0x0, 0xf, 0xff, 0xf7, 0xe, 0xff, 0xf6, 0x0,
    0xf, 0xff, 0xf6, 0xe, 0xff, 0xf5, 0x0, 0xe,
    0xff, 0xf5, 0xd, 0xff, 0xf5, 0x0, 0xd, 0xff,
    0xf4, 0xc, 0xff, 0xf4, 0x0, 0xc, 0xff, 0xf4,
    0xc, 0xff, 0xf3, 0x0, 0xc, 0xff, 0xf3, 0xb,
    0xff, 0xf2, 0x0, 0xb, 0xff, 0xf2, 0xa, 0xff,
    0xf2, 0x0, 0xa, 0xff, 0xf2, 0x9, 0xff, 0xf1,
    0x0, 0xa, 0xff, 0xf1, 0x1, 0x22, 0x20, 0x0,
    0x1, 0x22, 0x20,

    /* U+0023 "#" */
    0x0, 0x0, 0x0, 0x0, 0xc, 0xff, 0xf3, 0x0,
    0x0, 0x0, 0x7, 0xff, 0xf8, 0x0, 0x0, 0x0,
    0x0, 0x0, 0x0, 0xf, 0xff, 0xf0, 0x0, 0x0,
    0x0, 0xa, 0xff, 0xf5, 0x0, 0x0, 0x0, 0x0,
    0x0, 0x0, 0x1f, 0xff, 0xe0, 0x0, 0x0, 0x0,
    0xd, 0xff, 0xf2, 0x0, 0x0, 0x0, 0x0, 0x0,
    0x0, 0x4f, 0xff, 0xb0, 0x0, 0x0, 0x0, 0xf,
    0xff, 0xf0, 0x0, 0x0, 0x0, 0x0, 0x0, 0x0,
    0x7f, 0xff, 0x80, 0x0, 0x0, 0x0, 0x2f, 0xff,
    0xd0, 0x0, 0x0, 0x0, 0x0, 0x0, 0x0, 0xaf,
    0xff, 0x50, 0x0, 0x0, 0x0, 0x5f, 0xff, 0xa0,
    0x0, 0x0, 0x0, 0x0, 0x0, 0x0, 0xcf, 0xff,
    0x30, 0x0, 0x0, 0x0, 0x8f, 0xff, 0x70, 0x0,
    0x0, 0x0, 0x0, 0x0, 0x0, 0xff, 0xff, 0x0,
    0x0, 0x0, 0x0, 0xbf, 0xff, 0x40, 0x0, 0x0,
    0x0, 0x0, 0x0, 0x2, 0xff, 0xfd, 0x0, 0x0,
    0x0, 0x0, 0xdf, 0xff, 0x20, 0x0, 0x0, 0x0,
    0x5f, 0xff, 0xff, 0xff, 0xff, 0xff, 0xff, 0xff,
    0xff, 0xff, 0xff, 0xff, 0xff, 0xf0, 0x0, 0x8f,
    0xff, 0xff, 0xff, 0xff, 0xff, 0xff, 0xff, 0xff,
    0xff, 0xff, 0xff, 0xff, 0xe0, 0x0, 0xaf, 0xff,
    0xff, 0xff, 0xff, 0xff, 0xff, 0xff, 0xff, 0xff,
    0xff, 0xff, 0xff, 0xb0, 0x0, 0xdf, 0xff, 0xff,
    0xff, 0xff, 0xff, 0xff, 0xff, 0xff, 0xff, 0xff,
    0xff, 0xff, 0x80, 0x0, 0x0, 0x0, 0xf, 0xff,
    0xf0, 0x0, 0x0, 0x0, 0xb, 0xff, 0xf4, 0x0,
    0x0, 0x0, 0x0, 0x0, 0x0, 0x2f, 0xff, 0xd0,
    0x0, 0x0, 0x0, 0xd, 0xff, 0xf2, 0x0, 0x0,
    0x0, 0x0, 0x0, 0x0, 0x4f, 0xff, 0xb0, 0x0,
    0x0, 0x0, 0xf, 0xff, 0xf0, 0x0, 0x0, 0x0,
    0x0, 0x0, 0x0, 0x7f, 0xff, 0x80, 0x0, 0x0,
    0x0, 0x3f, 0xff, 0xc0, 0x0, 0x0, 0x0, 0x0,
    0x0, 0x0, 0xaf, 0xff, 0x50, 0x0, 0x0, 0x0,
    0x5f, 0xff, 0xa0, 0x0, 0x0, 0x0, 0x0, 0x0,
    0x0, 0xcf, 0xff, 0x30, 0x0, 0x0, 0x0, 0x8f,
    0xff, 0x70, 0x0, 0x0, 0x0, 0x0, 0x0, 0x0,
    0xff, 0xff, 0x0, 0x0, 0x0, 0x0, 0xbf, 0xff,
    0x40, 0x0, 0x0, 0x0, 0x0, 0x0, 0x1, 0xff,
    0xfe, 0x0, 0x0, 0x0, 0x0, 0xdf, 0xff, 0x20,
    0x0, 0x0, 0x0, 0x6f, 0xff, 0xff, 0xff, 0xff,
    0xff, 0xff, 0xff, 0xff, 0xff, 0xff, 0xff, 0xff,
    0xf0, 0x0, 0x8f, 0xff, 0xff, 0xff, 0xff, 0xff,
    0xff, 0xff, 0xff, 0xff, 0xff, 0xff, 0xff, 0xd0,
    0x0, 0xbf, 0xff, 0xff, 0xff, 0xff, 0xff, 0xff,
    0xff, 0xff, 0xff, 0xff, 0xff, 0xff, 0xa0, 0x0,
    0xdf, 0xff, 0xff, 0xff, 0xff, 0xff, 0xff, 0xff,
    0xff, 0xff, 0xff, 0xff, 0xff, 0x70, 0x0, 0x0,
    0x0, 0xf, 0xff, 0xf0, 0x0, 0x0, 0x0, 0xb,
    0xff, 0xf4, 0x0, 0x0, 0x0, 0x0, 0x0, 0x0,
    0x2f, 0xff, 0xd0, 0x0, 0x0, 0x0, 0xe, 0xff,
    0xf2, 0x0, 0x0, 0x0, 0x0, 0x0, 0x0, 0x4f,
    0xff, 0xb0, 0x0, 0x0, 0x0, 0xf, 0xff, 0xf0,
    0x0, 0x0, 0x0, 0x0, 0x0, 0x0, 0x7f, 0xff,
    0x80, 0x0, 0x0, 0x0, 0x3f, 0xff, 0xc0, 0x0,
    0x0, 0x0, 0x0, 0x0, 0x0, 0xaf, 0xff, 0x50,
    0x0, 0x0, 0x0, 0x6f, 0xff, 0xa0, 0x0, 0x0,
    0x0, 0x0, 0x0, 0x0, 0xcf, 0xff, 0x30, 0x0,
    0x0, 0x0, 0x8f, 0xff, 0x70, 0x0, 0x0, 0x0,
    0x0, 0x0, 0x0, 0xff, 0xff, 0x0, 0x0, 0x0,
    0x0, 0xbf, 0xff, 0x40, 0x0, 0x0, 0x0, 0x0,
    0x0, 0x2, 0xff, 0xfd, 0x0, 0x0, 0x0, 0x0,
    0xef, 0xff, 0x20, 0x0, 0x0, 0x0, 0x0, 0x0,
    0x5, 0xff, 0xfa, 0x0, 0x0, 0x0, 0x1, 0xff,
    0xff, 0x0, 0x0, 0x0, 0x0, 0x0,

    /* U+0024 "$" */
    0x0, 0x0, 0x0, 0x0, 0x0, 0x0, 0x78, 0x88,
    0x0, 0x0, 0x0, 0x0, 0x0, 0x0, 0x0, 0x0,
    0x0, 0x0, 0x0, 0x0, 0xef, 0xff, 0x10, 0x0,
    0x0, 0x0, 0x0, 0x0, 0x0, 0x0, 0x0, 0x0,
    0x0, 0x0, 0xef, 0xff, 0x10, 0x0, 0x0, 0x0,
    0x0, 0x0, 0x0, 0x0, 0x0, 0x0, 0x0, 0x0,
    0xef, 0xff, 0x10, 0x0, 0x0, 0x0, 0x0, 0x0,
    0x0, 0x0, 0x0, 0x0, 0x0, 0x0, 0xef, 0xff,
    0x10, 0x0, 0x0, 0x0, 0x0, 0x0, 0x0, 0x0,
    0x0, 0x0, 0x38, 0xbe, 0xff, 0xff, 0xda, 0x72,
    0x0, 0x0, 0x0, 0x0, 0x0, 0x0, 0x0, 0x5d,
    0xff, 0xff, 0xff, 0xff, 0xff, 0xff, 0xb3, 0x0,
    0x0, 0x0, 0x0, 0x0, 0x1c, 0xff, 0xff, 0xff,
    0xff, 0xff, 0xff, 0xff, 0xff, 0x80, 0x0, 0x0,
    0x0, 0x1, 0xef, 0xff, 0xff, 0xff, 0xff, 0xff,
    0xff, 0xff, 0xff, 0xfa, 0x0, 0x0, 0x0, 0xd,
    0xff, 0xff, 0xff, 0xe9, 0xff, 0xff, 0xaf, 0xff,
    0xff, 0xff, 0x70, 0x0, 0x0, 0x7f, 0xff, 0xff,
    0xe5, 0x0, 0xef, 0xff, 0x10, 0x8f, 0xff, 0xff,
    0xf1, 0x0, 0x0, 0xef, 0xff, 0xfd, 0x10, 0x0,
    0xef, 0xff, 0x10, 0x5, 0xff, 0xff, 0xf9, 0x0,
    0x3, 0xff, 0xff, 0xf2, 0x0, 0x0, 0xef, 0xff,
    0x10, 0x0, 0x8f, 0xff, 0xfe, 0x0, 0x6, 0xff,
    0xff, 0xc0, 0x0, 0x0, 0xef, 0xff, 0x10, 0x0,
    0x1f, 0xff, 0xff, 0x20, 0x7, 0xff, 0xff, 0xa0,
    0x0, 0x0, 0xef, 0xff, 0x10, 0x0, 0xc, 0xff,
    0xff, 0x40, 0x7, 0xff, 0xff, 0xc0, 0x0, 0x0,
    0xef, 0xff, 0x10, 0x0, 0x5, 0x88, 0x88, 0x30,
    0x5, 0xff, 0xff, 0xf4, 0x0, 0x0, 0xef, 0xff,
    0x10, 0x0, 0x0, 0x0, 0x0, 0x0, 0x1, 0xff,
    0xff, 0xfe, 0x40, 0x0, 0xef, 0xff, 0x10, 0x0,
    0x0, 0x0, 0x0, 0x0, 0x0, 0xaf, 0xff, 0xff,
    0xfb, 0x50, 0xef, 0xff, 0x10, 0x0, 0x0, 0x0,
    0x0, 0x0, 0x0, 0x2e, 0xff, 0xff, 0xff, 0xff,
    0xff, 0xff, 0x10, 0x0, 0x0, 0x0, 0x0, 0x0,
    0x0, 0x3, 0xef, 0xff, 0xff, 0xff, 0xff, 0xff,
    0xc7, 0x30, 0x0, 0x0, 0x0, 0x0, 0x0, 0x0,
    0x1b, 0xff, 0xff, 0xff, 0xff, 0xff, 0xff, 0xfe,
    0x82, 0x0, 0x0, 0x0, 0x0, 0x0, 0x0, 0x4b,
    0xff, 0xff, 0xff, 0xff, 0xff, 0xff, 0xff, 0xa1,
    0x0, 0x0, 0x0, 0x0, 0x0, 0x0, 0x17, 0xbf,
    0xff, 0xff, 0xff, 0xff, 0xff, 0xfe, 0x40, 0x0,
    0x0, 0x0, 0x0, 0x0, 0x0, 0x0, 0xef, 0xff,
    0xff, 0xff, 0xff, 0xff, 0xf5, 0x0, 0x0, 0x0,
    0x0, 0x0, 0x0, 0x0, 0xef, 0xff, 0x37, 0xdf,
    0xff, 0xff, 0xff, 0x10, 0x0, 0x0, 0x0, 0x0,
    0x0, 0x0, 0xef, 0xff, 0x10, 0x5, 0xef, 0xff,
    0xff, 0x90, 0x0, 0x0, 0x0, 0x0, 0x0, 0x0,
    0xef, 0xff, 0x10, 0x0, 0x1d, 0xff, 0xff, 0xf0,
    0x18, 0x88, 0x87, 0x0, 0x0, 0x0, 0xef, 0xff,
    0x10, 0x0, 0x4, 0xff, 0xff, 0xf3, 0x2f, 0xff,
    0xff, 0x0, 0x0, 0x0, 0xef, 0xff, 0x10, 0x0,
    0x0, 0xff, 0xff, 0xf4, 0x1f, 0xff, 0xff, 0x30,
    0x0, 0x0, 0xef, 0xff, 0x10, 0x0, 0x0, 0xef,
    0xff, 0xf4, 0xe, 0xff, 0xff, 0x80, 0x0, 0x0,
    0xef, 0xff, 0x10, 0x0, 0x0, 0xff, 0xff, 0xf3,
    0xa, 0xff, 0xff, 0xe1, 0x0, 0x0, 0xef, 0xff,
    0x10, 0x0, 0x6, 0xff, 0xff, 0xf0, 0x4, 0xff,
    0xff, 0xfc, 0x0, 0x0, 0xef, 0xff, 0x10, 0x0,
    0x2e, 0xff, 0xff, 0xb0, 0x0, 0xcf, 0xff, 0xff,
    0xd3, 0x0, 0xef, 0xff, 0x10, 0x5, 0xef, 0xff,
    0xff, 0x40, 0x0, 0x2f, 0xff, 0xff, 0xff, 0xc7,
    0xff, 0xff, 0x68, 0xef, 0xff, 0xff, 0xfb, 0x0,
    0x0, 0x5, 0xff, 0xff, 0xff, 0xff, 0xff, 0xff,
    0xff, 0xff, 0xff, 0xff, 0xc0, 0x0, 0x0, 0x0,
    0x4f, 0xff, 0xff, 0xff, 0xff, 0xff, 0xff, 0xff,
    0xff, 0xfb, 0x10, 0x0, 0x0, 0x0, 0x1, 0xaf,
    0xff, 0xff, 0xff, 0xff, 0xff, 0xff, 0xfe, 0x60,
    0x0, 0x0, 0x0, 0x0, 0x0, 0x2, 0x7c, 0xff,
    0xff, 0xff, 0xff, 0xea, 0x50, 0x0, 0x0, 0x0,
    0x0, 0x0, 0x0, 0x0, 0x0, 0x2, 0xff, 0xff,
    0x41, 0x0, 0x0, 0x0, 0x0, 0x0, 0x0, 0x0,
    0x0, 0x0, 0x0, 0x0, 0xef, 0xff, 0x10, 0x0,
    0x0, 0x0, 0x0, 0x0, 0x0, 0x0, 0x0, 0x0,
    0x0, 0x0, 0xef, 0xff, 0x10, 0x0, 0x0, 0x0,
    0x0, 0x0, 0x0, 0x0, 0x0, 0x0, 0x0, 0x0,
    0xef, 0xff, 0x10, 0x0, 0x0, 0x0, 0x0, 0x0,
    0x0, 0x0, 0x0, 0x0, 0x0, 0x0, 0xef, 0xff,
    0x10, 0x0, 0x0, 0x0, 0x0, 0x0,

    /* U+0025 "%" */
    0x0, 0x0, 0x5b, 0xdf, 0xec, 0x71, 0x0, 0x0,
    0x0, 0x0, 0x0, 0x0, 0x0, 0x9, 0xff, 0xfc,
    0x0, 0x0, 0x0, 0x2d, 0xff, 0xff, 0xff, 0xfe,
    0x40, 0x0, 0x0, 0x0, 0x0, 0x0, 0x0, 0x5f,
    0xff, 0xf2, 0x0, 0x0, 0x2, 0xff, 0xff, 0xff,
    0xff, 0xff, 0xf5, 0x0, 0x0, 0x0, 0x0, 0x0,
    0x1, 0xef, 0xff, 0x60, 0x0, 0x0, 0xc, 0xff,
    0xff, 0x96, 0x8e, 0xff, 0xfe, 0x10, 0x0, 0x0,
    0x0, 0x0, 0xb, 0xff, 0xfa, 0x0, 0x0, 0x0,
    0x4f, 0xff, 0xf2, 0x0, 0x1, 0xdf, 0xff, 0x70,
    0x0, 0x0, 0x0, 0x0, 0x7f, 0xff, 0xe1, 0x0,
    0x0, 0x0, 0xaf, 0xff, 0x80, 0x0, 0x0, 0x5f,
    0xff, 0xd0, 0x0, 0x0, 0x0, 0x2, 0xff, 0xff,
    0x40, 0x0, 0x0, 0x0, 0xcf, 0xff, 0x40, 0x0,
    0x0, 0xf, 0xff, 0xf0, 0x0, 0x0, 0x0, 0xd,
    0xff, 0xf9, 0x0, 0x0, 0x0, 0x0, 0xef, 0xff,
    0x20, 0x0, 0x0, 0xe, 0xff, 0xf1, 0x0, 0x0,
    0x0, 0x8f, 0xff, 0xd0, 0x0, 0x0, 0x0, 0x0,
    0xef, 0xff, 0x20, 0x0, 0x0, 0xe, 0xff, 0xf1,
    0x0, 0x0, 0x4, 0xff, 0xff, 0x20, 0x0, 0x0,
    0x0, 0x0, 0xcf, 0xff, 0x40, 0x0, 0x0, 0xf,
    0xff, 0xf0, 0x0, 0x0, 0x1e, 0xff, 0xf7, 0x0,
    0x0, 0x0, 0x0, 0x0, 0xaf, 0xff, 0x80, 0x0,
    0x0, 0x5f, 0xff, 0xd0, 0x0, 0x0, 0xaf, 0xff,
    0xb0, 0x0, 0x0, 0x0, 0x0, 0x0, 0x4f, 0xff,
    0xf2, 0x0, 0x1, 0xdf, 0xff, 0x70, 0x0, 0x6,
    0xff, 0xfe, 0x10, 0x0, 0x0, 0x0, 0x0, 0x0,
    0xc, 0xff, 0xff, 0x96, 0x8e, 0xff, 0xfe, 0x10,
    0x0, 0x2f, 0xff, 0xf5, 0x0, 0x0, 0x0, 0x0,
    0x0, 0x0, 0x2, 0xff, 0xff, 0xff, 0xff, 0xff,
    0xf4, 0x0, 0x0, 0xcf, 0xff, 0xa0, 0x0, 0x0,
    0x0, 0x0, 0x0, 0x0, 0x0, 0x2d, 0xff, 0xff,
    0xff, 0xfe, 0x40, 0x0, 0x8, 0xff, 0xfd, 0x0,
    0x0, 0x0, 0x0, 0x0, 0x0, 0x0, 0x0, 0x0,
    0x5b, 0xef, 0xec, 0x71, 0x0, 0x0, 0x3f, 0xff,
    0xf3, 0x0, 0x0, 0x0, 0x0, 0x0, 0x0, 0x0,
    0x0, 0x0, 0x0, 0x0, 0x0, 0x0, 0x0, 0x0,
    0xdf, 0xff, 0x80, 0x0, 0x0, 0x0, 0x0, 0x0,
    0x0, 0x0, 0x0, 0x0, 0x0, 0x0, 0x0, 0x0,
    0x0, 0x9, 0xff, 0xfc, 0x0, 0x0, 0x0, 0x25,
    0x65, 0x20, 0x0, 0x0, 0x0, 0x0, 0x0, 0x0,
    0x0, 0x0, 0x0, 0x5f, 0xff, 0xf2, 0x0, 0x0,
    0x5d, 0xff, 0xff, 0xfc, 0x30, 0x0, 0x0, 0x0,
    0x0, 0x0, 0x0, 0x0, 0x1, 0xef, 0xff, 0x60,
    0x0, 0x9, 0xff, 0xff, 0xff, 0xff, 0xf6, 0x0,
    0x0, 0x0, 0x0, 0x0, 0x0, 0x0, 0xb, 0xff,
    0xfa, 0x0, 0x0, 0x7f, 0xff, 0xff, 0xff, 0xff,
    0xff, 0x40, 0x0, 0x0, 0x0, 0x0, 0x0, 0x0,
    0x7f, 0xff, 0xe1, 0x0, 0x2, 0xff, 0xff, 0xa2,
    0x3, 0xbf, 0xff, 0xe0, 0x0, 0x0, 0x0, 0x0,
    0x0, 0x2, 0xff, 0xff, 0x40, 0x0, 0x8, 0xff,
    0xfb, 0x0, 0x0, 0xe, 0xff, 0xf5, 0x0, 0x0,
    0x0, 0x0, 0x0, 0xd, 0xff, 0xf9, 0x0, 0x0,
    0xd, 0xff, 0xf4, 0x0, 0x0, 0x7, 0xff, 0xfb,
    0x0, 0x0, 0x0, 0x0, 0x0, 0x8f, 0xff, 0xd0,
    0x0, 0x0, 0xf, 0xff, 0xf0, 0x0, 0x0, 0x3,
    0xff, 0xfd, 0x0, 0x0, 0x0, 0x0, 0x4, 0xff,
    0xff, 0x20, 0x0, 0x0, 0x1f, 0xff, 0xf0, 0x0,
    0x0, 0x1, 0xff, 0xfe, 0x0, 0x0, 0x0, 0x0,
    0x1e, 0xff, 0xf7, 0x0, 0x0, 0x0, 0x1f, 0xff,
    0xf0, 0x0, 0x0, 0x1, 0xff, 0xfe, 0x0, 0x0,
    0x0, 0x0, 0xaf, 0xff, 0xb0, 0x0, 0x0, 0x0,
    0xf, 0xff, 0xf0, 0x0, 0x0, 0x3, 0xff, 0xfd,
    0x0, 0x0, 0x0, 0x6, 0xff, 0xfe, 0x10, 0x0,
    0x0, 0x0, 0xd, 0xff, 0xf3, 0x0, 0x0, 0x6,
    0xff, 0xfb, 0x0, 0x0, 0x0, 0x2f, 0xff, 0xf5,
    0x0, 0x0, 0x0, 0x0, 0x8, 0xff, 0xfb, 0x0,
    0x0, 0xd, 0xff, 0xf6, 0x0, 0x0, 0x0, 0xcf,
    0xff, 0xa0, 0x0, 0x0, 0x0, 0x0, 0x2, 0xff,
    0xff, 0x91, 0x1, 0xbf, 0xff, 0xf0, 0x0, 0x0,
    0x8, 0xff, 0xfd, 0x0, 0x0, 0x0, 0x0, 0x0,
    0x0, 0x8f, 0xff, 0xff, 0xff, 0xff, 0xff, 0x50,
    0x0, 0x0, 0x3f, 0xff, 0xf3, 0x0, 0x0, 0x0,
    0x0, 0x0, 0x0, 0xa, 0xff, 0xff, 0xff, 0xff,
    0xf8, 0x0, 0x0, 0x0, 0xdf, 0xff, 0x80, 0x0,
    0x0, 0x0, 0x0, 0x0, 0x0, 0x0, 0x6e, 0xff,
    0xff, 0xfe, 0x50, 0x0, 0x0, 0x0, 0x0, 0x0,
    0x0, 0x0, 0x0, 0x0, 0x0, 0x0, 0x0, 0x0,
    0x0, 0x47, 0x76, 0x30, 0x0, 0x0,

    /* U+0026 "&" */
    0x0, 0x0, 0x0, 0x0, 0x5a, 0xdf, 0xfe, 0xc7,
    0x20, 0x0, 0x0, 0x0, 0x0, 0x0, 0x0, 0x0,
    0x0, 0x5, 0xef, 0xff, 0xff, 0xff, 0xff, 0x91,
    0x0, 0x0, 0x0, 0x0, 0x0, 0x0, 0x0, 0x7,
    0xff, 0xff, 0xff, 0xff, 0xff, 0xff, 0xd1, 0x0,
    0x0, 0x0, 0x0, 0x0, 0x0, 0x5, 0xff, 0xff,
    0xff, 0xff, 0xff, 0xff, 0xff, 0xc0, 0x0, 0x0,
    0x0, 0x0, 0x0, 0x0, 0xef, 0xff, 0xff, 0x73,
    0x24, 0xbf, 0xff, 0xff, 0x50, 0x0, 0x0, 0x0,
    0x0, 0x0, 0x4f, 0xff, 0xfe, 0x20, 0x0, 0x0,
    0x9f, 0xff, 0xfa, 0x0, 0x0, 0x0, 0x0, 0x0,
    0x7, 0xff, 0xff, 0x70, 0x0, 0x0, 0x0, 0xff,
    0xff, 0xd0, 0x0, 0x0, 0x0, 0x0, 0x0, 0x9f,
    0xff, 0xf3, 0x0, 0x0, 0x0, 0xc, 0xff, 0xfd,
    0x0, 0x0, 0x0, 0x0, 0x0, 0x8, 0xff, 0xff,
    0x20, 0x0, 0x0, 0x0, 0xef, 0xff, 0xb0, 0x0,
    0x0, 0x0, 0x0, 0x0, 0x5f, 0xff, 0xf5, 0x0,
    0x0, 0x0, 0x3f, 0xff, 0xf7, 0x0, 0x0, 0x0,
    0x0, 0x0, 0x0, 0xff, 0xff, 0xc0, 0x0, 0x0,
    0x1d, 0xff, 0xff, 0x10, 0x0, 0x0, 0x0, 0x0,
    0x0, 0x9, 0xff, 0xff, 0x60, 0x0, 0x1d, 0xff,
    0xff, 0x60, 0x0, 0x0, 0x0, 0x0, 0x0, 0x0,
    0x1e, 0xff, 0xff, 0x20, 0x5e, 0xff, 0xff, 0x90,
    0x0, 0x0, 0x0, 0x0, 0x0, 0x0, 0x0, 0x4f,
    0xff, 0xfd, 0xaf, 0xff, 0xff, 0x90, 0x0, 0x0,
    0x0, 0x0, 0x0, 0x0, 0x0, 0x0, 0x8f, 0xff,
    0xff, 0xff, 0xff, 0x50, 0x0, 0x0, 0x0, 0x0,
    0x0, 0x0, 0x0, 0x0, 0x0, 0xdf, 0xff, 0xff,
    0xfc, 0x20, 0x0, 0x0, 0x0, 0x0, 0x0, 0x0,
    0x0, 0x0, 0x1, 0xcf, 0xff, 0xff, 0xff, 0x20,
    0x0, 0x0, 0x0, 0x0, 0x0, 0x0, 0x0, 0x0,
    0x3, 0xef, 0xff, 0xff, 0xff, 0xfd, 0x0, 0x0,
    0x0, 0x0, 0x0, 0x0, 0x0, 0x0, 0x4, 0xff,
    0xff, 0xff, 0xff, 0xff, 0xfb, 0x0, 0x0, 0x0,
    0x69, 0x99, 0x80, 0x0, 0x3, 0xff, 0xff, 0xfe,
    0x43, 0xff, 0xff, 0xf9, 0x0, 0x0, 0xb, 0xff,
    0xfc, 0x0, 0x1, 0xef, 0xff, 0xfd, 0x20, 0x5,
    0xff, 0xff, 0xf7, 0x0, 0x0, 0xdf, 0xff, 0xb0,
    0x0, 0x9f, 0xff, 0xfe, 0x10, 0x0, 0x7, 0xff,
    0xff, 0xf5, 0x0, 0x1f, 0xff, 0xf9, 0x0, 0xf,
    0xff, 0xff, 0x40, 0x0, 0x0, 0xa, 0xff, 0xff,
    0xf3, 0x6, 0xff, 0xff, 0x60, 0x4, 0xff, 0xff,
    0xd0, 0x0, 0x0, 0x0, 0xb, 0xff, 0xff, 0xe1,
    0xcf, 0xff, 0xf2, 0x0, 0x6f, 0xff, 0xfa, 0x0,
    0x0, 0x0, 0x0, 0x1d, 0xff, 0xff, 0xef, 0xff,
    0xfd, 0x0, 0x6, 0xff, 0xff, 0xb0, 0x0, 0x0,
    0x0, 0x0, 0x2e, 0xff, 0xff, 0xff, 0xff, 0x60,
    0x0, 0x4f, 0xff, 0xfe, 0x0, 0x0, 0x0, 0x0,
    0x0, 0x3f, 0xff, 0xff, 0xff, 0xe0, 0x0, 0x1,
    0xff, 0xff, 0xf7, 0x0, 0x0, 0x0, 0x0, 0x0,
    0x5f, 0xff, 0xff, 0xf5, 0x0, 0x0, 0xb, 0xff,
    0xff, 0xf5, 0x0, 0x0, 0x0, 0x0, 0x1b, 0xff,
    0xff, 0xff, 0x40, 0x0, 0x0, 0x3f, 0xff, 0xff,
    0xf9, 0x20, 0x0, 0x1, 0x7e, 0xff, 0xff, 0xff,
    0xff, 0x20, 0x0, 0x0, 0x8f, 0xff, 0xff, 0xff,
    0xdb, 0xbd, 0xff, 0xff, 0xff, 0xff, 0xff, 0xfd,
    0x10, 0x0, 0x0, 0x9f, 0xff, 0xff, 0xff, 0xff,
    0xff, 0xff, 0xff, 0xf9, 0xdf, 0xff, 0xfc, 0x0,
    0x0, 0x0, 0x6f, 0xff, 0xff, 0xff, 0xff, 0xff,
    0xff, 0xd4, 0x2, 0xef, 0xff, 0xfa, 0x0, 0x0,
    0x0, 0x18, 0xef, 0xff, 0xff, 0xff, 0xfb, 0x50,
    0x0, 0x3, 0xff, 0xff, 0xf8, 0x0, 0x0, 0x0,
    0x0, 0x25, 0x67, 0x75, 0x30, 0x0, 0x0, 0x0,
    0x0, 0x0, 0x0, 0x0,

    /* U+0027 "'" */
    0x1f, 0xff, 0xf9, 0xf, 0xff, 0xf8, 0xf, 0xff,
    0xf7, 0xf, 0xff, 0xf7, 0xe, 0xff, 0xf6, 0xe,
    0xff, 0xf5, 0xd, 0xff, 0xf5, 0xc, 0xff, 0xf4,
    0xc, 0xff, 0xf3, 0xb, 0xff, 0xf2, 0xa, 0xff,
    0xf2, 0x9, 0xff, 0xf1, 0x1, 0x22, 0x20,

    /* U+0028 "(" */
    0x0, 0x0, 0x0, 0x11, 0x11, 0x0, 0x0, 0x0,
    0x7f, 0xff, 0xf6, 0x0, 0x0, 0x1f, 0xff, 0xfe,
    0x0, 0x0, 0x8, 0xff, 0xff, 0x80, 0x0, 0x0,
    0xef, 0xff, 0xf1, 0x0, 0x0, 0x5f, 0xff, 0xfb,
    0x0, 0x0, 0xb, 0xff, 0xff, 0x60, 0x0, 0x1,
    0xff, 0xff, 0xf1, 0x0, 0x0, 0x6f, 0xff, 0xfb,
    0x0, 0x0, 0xa, 0xff, 0xff, 0x60, 0x0, 0x0,
    0xff, 0xff, 0xf2, 0x0, 0x0, 0x3f, 0xff, 0xfd,
    0x0, 0x0, 0x7, 0xff, 0xff, 0xa0, 0x0, 0x0,
    0xaf, 0xff, 0xf6, 0x0, 0x0, 0xd, 0xff, 0xff,
    0x30, 0x0, 0x0, 0xff, 0xff, 0xf0, 0x0, 0x0,
    0x2f, 0xff, 0xfd, 0x0, 0x0, 0x4, 0xff, 0xff,
    0xb0, 0x0, 0x0, 0x6f, 0xff, 0xf9, 0x0, 0x0,
    0x8, 0xff, 0xff, 0x70, 0x0, 0x0, 0x9f, 0xff,
    0xf6, 0x0, 0x0, 0xa, 0xff, 0xff, 0x50, 0x0,
    0x0, 0xbf, 0xff, 0xf4, 0x0, 0x0, 0xb, 0xff,
    0xff, 0x40, 0x0, 0x0, 0xbf, 0xff, 0xf4, 0x0,
    0x0, 0xa, 0xff, 0xff, 0x50, 0x0, 0x0, 0x9f,
    0xff, 0xf6, 0x0, 0x0, 0x8, 0xff, 0xff, 0x70,
    0x0, 0x0, 0x6f, 0xff, 0xf9, 0x0, 0x0, 0x4,
    0xff, 0xff, 0xc0, 0x0, 0x0, 0x2f, 0xff, 0xfe,
    0x0, 0x0, 0x0, 0xff, 0xff, 0xf2, 0x0, 0x0,
    0xb, 0xff, 0xff, 0x60, 0x0, 0x0, 0x7f, 0xff,
    0xfa, 0x0, 0x0, 0x3, 0xff, 0xff, 0xe0, 0x0,
    0x0, 0xe, 0xff, 0xff, 0x30, 0x0, 0x0, 0x9f,
    0xff, 0xf9, 0x0, 0x0, 0x3, 0xff, 0xff, 0xe0,
    0x0, 0x0, 0xd, 0xff, 0xff, 0x40, 0x0, 0x0,
    0x7f, 0xff, 0xfb, 0x0, 0x0, 0x0, 0xef, 0xff,
    0xf1, 0x0, 0x0, 0x8, 0xff, 0xff, 0x80, 0x0,
    0x0, 0xe, 0xff, 0xfe, 0x0, 0x0, 0x0, 0x6f,
    0xff, 0xf7,

    /* U+0029 ")" */
    0x1, 0x11, 0x10, 0x0, 0x0, 0x8, 0xff, 0xff,
    0x50, 0x0, 0x0, 0x1f, 0xff, 0xfd, 0x0, 0x0,
    0x0, 0xaf, 0xff, 0xf6, 0x0, 0x0, 0x3, 0xff,
    0xff, 0xd0, 0x0, 0x0, 0xd, 0xff, 0xff, 0x30,
    0x0, 0x0, 0x8f, 0xff, 0xf9, 0x0, 0x0, 0x2,
    0xff, 0xff, 0xf0, 0x0, 0x0, 0xd, 0xff, 0xff,
    0x40, 0x0, 0x0, 0x8f, 0xff, 0xf8, 0x0, 0x0,
    0x4, 0xff, 0xff, 0xd0, 0x0, 0x0, 0xf, 0xff,
    0xff, 0x10, 0x0, 0x0, 0xcf, 0xff, 0xf5, 0x0,
    0x0, 0x8, 0xff, 0xff, 0x80, 0x0, 0x0, 0x5f,
    0xff, 0xfb, 0x0, 0x0, 0x2, 0xff, 0xff, 0xe0,
    0x0, 0x0, 0xf, 0xff, 0xff, 0x0, 0x0, 0x0,
    0xdf, 0xff, 0xf2, 0x0, 0x0, 0xb, 0xff, 0xff,
    0x50, 0x0, 0x0, 0x9f, 0xff, 0xf6, 0x0, 0x0,
    0x8, 0xff, 0xff, 0x70, 0x0, 0x0, 0x7f, 0xff,
    0xf8, 0x0, 0x0, 0x7, 0xff, 0xff, 0x90, 0x0,
    0x0, 0x6f, 0xff, 0xf9, 0x0, 0x0, 0x6, 0xff,
    0xff, 0x90, 0x0, 0x0, 0x7f, 0xff, 0xf8, 0x0,
    0x0, 0x8, 0xff, 0xff, 0x80, 0x0, 0x0, 0xaf,
    0xff, 0xf6, 0x0, 0x0, 0xb, 0xff, 0xff, 0x50,
    0x0, 0x0, 0xef, 0xff, 0xf2, 0x0, 0x0, 0x1f,
    0xff, 0xff, 0x0, 0x0, 0x4, 0xff, 0xff, 0xd0,
    0x0, 0x0, 0x8f, 0xff, 0xf9, 0x0, 0x0, 0xc,
    0xff, 0xff, 0x60, 0x0, 0x1, 0xff, 0xff, 0xf1,
    0x0, 0x0, 0x5f, 0xff, 0xfc, 0x0, 0x0, 0xb,
    0xff, 0xff, 0x70, 0x0, 0x1, 0xff, 0xff, 0xf2,
    0x0, 0x0, 0x6f, 0xff, 0xfb, 0x0, 0x0, 0xd,
    0xff, 0xff, 0x50, 0x0, 0x3, 0xff, 0xff, 0xd0,
    0x0, 0x0, 0xaf, 0xff, 0xf6, 0x0, 0x0, 0x1f,
    0xff, 0xfd, 0x0, 0x0, 0x8, 0xff, 0xff, 0x40,
    0x0, 0x0,

    /* U+002A "*" */
    0x0, 0x0, 0x0, 0x0, 0xff, 0xf9, 0x0, 0x0,
    0x0, 0x0, 0x0, 0x0, 0x0, 0x0, 0xff, 0xf8,
    0x0, 0x0, 0x0, 0x0, 0x0, 0x0, 0x0, 0x0,
    0xff, 0xf8, 0x0, 0x0, 0x0, 0x0, 0x0, 0x70,
    0x0, 0x0, 0xef, 0xf7, 0x0, 0x0, 0x26, 0x0,
    0x8, 0xfd, 0x40, 0x0, 0xdf, 0xf6, 0x0, 0x8,
    0xff, 0x20, 0x2f, 0xff, 0xfa, 0x10, 0xcf, 0xf5,
    0x4, 0xdf, 0xff, 0xa0, 0x5f, 0xff, 0xff, 0xe6,
    0xbf, 0xf6, 0xaf, 0xff, 0xff, 0xc0, 0x1, 0x8f,
    0xff, 0xff, 0xff, 0xff, 0xff, 0xff, 0xd5, 0x0,
    0x0, 0x1, 0x8f, 0xff, 0xff, 0xff, 0xff, 0xd5,
    0x0, 0x0, 0x0, 0x0, 0x1, 0xbf, 0xff, 0xff,
    0xf6, 0x0, 0x0, 0x0, 0x0, 0x0, 0x29, 0xff,
    0xff, 0xff, 0xfe, 0x60, 0x0, 0x0, 0x0, 0x29,
    0xff, 0xff, 0xff, 0xff, 0xff, 0xfd, 0x60, 0x0,
    0x19, 0xff, 0xff, 0xfc, 0xdf, 0xfa, 0xef, 0xff,
    0xfd, 0x60, 0x5f, 0xff, 0xff, 0x60, 0xcf, 0xf5,
    0x1a, 0xff, 0xff, 0xe0, 0xc, 0xff, 0xa1, 0x0,
    0xdf, 0xf6, 0x0, 0x4e, 0xff, 0x50, 0x2, 0xd4,
    0x0, 0x0, 0xdf, 0xf7, 0x0, 0x0, 0x9b, 0x0,
    0x0, 0x0, 0x0, 0x0, 0xef, 0xf7, 0x0, 0x0,
    0x0, 0x0, 0x0, 0x0, 0x0, 0x0, 0xff, 0xf8,
    0x0, 0x0, 0x0, 0x0, 0x0, 0x0, 0x0, 0x0,
    0xff, 0xf9, 0x0, 0x0, 0x0, 0x0, 0x0, 0x0,
    0x0, 0x0, 0x66, 0x63, 0x0, 0x0, 0x0, 0x0,

    /* U+002B "+" */
    0x0, 0x0, 0x0, 0x0, 0x0, 0xff, 0xff, 0x80,
    0x0, 0x0, 0x0, 0x0, 0x0, 0x0, 0x0, 0x0,
    0x0, 0xff, 0xff, 0x80, 0x0, 0x0, 0x0, 0x0,
    0x0, 0x0, 0x0, 0x0, 0x0, 0xff, 0xff, 0x80,
    0x0, 0x0, 0x0, 0x0, 0x0, 0x0, 0x0, 0x0,
    0x0, 0xff, 0xff, 0x80, 0x0, 0x0, 0x0, 0x0,
    0x0, 0x0, 0x0, 0x0, 0x0, 0xff, 0xff, 0x80,
    0x0, 0x0, 0x0, 0x0, 0x0, 0x0, 0x0, 0x0,
    0x0, 0xff, 0xff, 0x80, 0x0, 0x0, 0x0, 0x0,
    0x0, 0x0, 0x0, 0x0, 0x0, 0xff, 0xff, 0x80,
    0x0, 0x0, 0x0, 0x0, 0x0, 0x0, 0x0, 0x0,
    0x0, 0xff, 0xff, 0x80, 0x0, 0x0, 0x0, 0x0,
    0x0, 0x0, 0x0, 0x0, 0x0, 0xff, 0xff, 0x80,
    0x0, 0x0, 0x0, 0x0, 0x3f, 0xff, 0xff, 0xff,
    0xff, 0xff, 0xff, 0xff, 0xff, 0xff, 0xff, 0xfc,
    0x3f, 0xff, 0xff, 0xff, 0xff, 0xff, 0xff, 0xff,
    0xff, 0xff, 0xff, 0xfc, 0x3f, 0xff, 0xff, 0xff,
    0xff, 0xff, 0xff, 0xff, 0xff, 0xff, 0xff, 0xfc,
    0x3f, 0xff, 0xff, 0xff, 0xff, 0xff, 0xff, 0xff,
    0xff, 0xff, 0xff, 0xfc, 0x4, 0x44, 0x44, 0x44,
    0x44, 0xff, 0xff, 0xa4, 0x44, 0x44, 0x44, 0x43,
    0x0, 0x0, 0x0, 0x0, 0x0, 0xff, 0xff, 0x80,
    0x0, 0x0, 0x0, 0x0, 0x0, 0x0, 0x0, 0x0,
    0x0, 0xff, 0xff, 0x80, 0x0, 0x0, 0x0, 0x0,
    0x0, 0x0, 0x0, 0x0, 0x0, 0xff, 0xff, 0x80,
    0x0, 0x0, 0x0, 0x0, 0x0, 0x0, 0x0, 0x0,
    0x0, 0xff, 0xff, 0x80, 0x0, 0x0, 0x0, 0x0,
    0x0, 0x0, 0x0, 0x0, 0x0, 0xff, 0xff, 0x80,
    0x0, 0x0, 0x0, 0x0, 0x0, 0x0, 0x0, 0x0,
    0x0, 0xff, 0xff, 0x80, 0x0, 0x0, 0x0, 0x0,
    0x0, 0x0, 0x0, 0x0, 0x0, 0xff, 0xff, 0x80,
    0x0, 0x0, 0x0, 0x0, 0x0, 0x0, 0x0, 0x0,
    0x0, 0xff, 0xff, 0x80, 0x0, 0x0, 0x0, 0x0,
    0x0, 0x0, 0x0, 0x0, 0x0, 0xab, 0xbb, 0x50,
    0x0, 0x0, 0x0, 0x0,

    /* U+002C "," */
    0x0, 0xbd, 0xdd, 0xd1, 0x0, 0xff, 0xff, 0xd0,
    0x3, 0xff, 0xff, 0x90, 0x5, 0xff, 0xff, 0x40,
    0x8, 0xff, 0xff, 0x0, 0xb, 0xff, 0xfa, 0x0,
    0xd, 0xff, 0xf6, 0x0, 0xf, 0xff, 0xf1, 0x0,
    0x2f, 0xff, 0xc0, 0x0, 0x5f, 0xff, 0x80, 0x0,
    0x8f, 0xff, 0x30, 0x0, 0xaf, 0xfe, 0x0, 0x0,

    /* U+002D "-" */
    0x14, 0x44, 0x44, 0x44, 0x44, 0x44, 0x44, 0x44,
    0x5, 0xff, 0xff, 0xff, 0xff, 0xff, 0xff, 0xff,
    0xf2, 0x5f, 0xff, 0xff, 0xff, 0xff, 0xff, 0xff,
    0xff, 0x25, 0xff, 0xff, 0xff, 0xff, 0xff, 0xff,
    0xff, 0xf2, 0x5f, 0xff, 0xff, 0xff, 0xff, 0xff,
    0xff, 0xff, 0x20,

    /* U+002E "." */
    0x4, 0xce, 0xc3, 0x3, 0xff, 0xff, 0xf2, 0xaf,
    0xff, 0xff, 0x9b, 0xff, 0xff, 0xfb, 0x8f, 0xff,
    0xff, 0x70, 0xcf, 0xff, 0xb0, 0x0, 0x47, 0x40,
    0x0,

    /* U+002F "/" */
    0x0, 0x0, 0x0, 0x0, 0x0, 0x4, 0x88, 0x87,
    0x0, 0x0, 0x0, 0x0, 0x0, 0xc, 0xff, 0xfb,
    0x0, 0x0, 0x0, 0x0, 0x0, 0xf, 0xff, 0xf7,
    0x0, 0x0, 0x0, 0x0, 0x0, 0x4f, 0xff, 0xf2,
    0x0, 0x0, 0x0, 0x0, 0x0, 0x9f, 0xff, 0xe0,
    0x0, 0x0, 0x0, 0x0, 0x0, 0xdf, 0xff, 0xa0,
    0x0, 0x0, 0x0, 0x0, 0x1, 0xff, 0xff, 0x50,
    0x0, 0x0, 0x0, 0x0, 0x6, 0xff, 0xff, 0x10,
    0x0, 0x0, 0x0, 0x0, 0xa, 0xff, 0xfd, 0x0,
    0x0, 0x0, 0x0, 0x0, 0xe, 0xff, 0xf8, 0x0,
    0x0, 0x0, 0x0, 0x0, 0x3f, 0xff, 0xf4, 0x0,
    0x0, 0x0, 0x0, 0x0, 0x7f, 0xff, 0xf0, 0x0,
    0x0, 0x0, 0x0, 0x0, 0xbf, 0xff, 0xb0, 0x0,
    0x0, 0x0, 0x0, 0x0, 0xff, 0xff, 0x70, 0x0,
    0x0, 0x0, 0x0, 0x4, 0xff, 0xff, 0x30, 0x0,
    0x0, 0x0, 0x0, 0x8, 0xff, 0xfe, 0x0, 0x0,
    0x0, 0x0, 0x0, 0xd, 0xff, 0xfa, 0x0, 0x0,
    0x0, 0x0, 0x0, 0x1f, 0xff, 0xf5, 0x0, 0x0,
    0x0, 0x0, 0x0, 0x5f, 0xff, 0xf1, 0x0, 0x0,
    0x0, 0x0, 0x0, 0xaf, 0xff, 0xd0, 0x0, 0x0,
    0x0, 0x0, 0x0, 0xef, 0xff, 0x80, 0x0, 0x0,
    0x0, 0x0, 0x2, 0xff, 0xff, 0x40, 0x0, 0x0,
    0x0, 0x0, 0x7, 0xff, 0xff, 0x0, 0x0, 0x0,
    0x0, 0x0, 0xb, 0xff, 0xfb, 0x0, 0x0, 0x0,
    0x0, 0x0, 0xf, 0xff, 0xf7, 0x0, 0x0, 0x0,
    0x0, 0x0, 0x4f, 0xff, 0xf3, 0x0, 0x0, 0x0,
    0x0, 0x0, 0x8f, 0xff, 0xe0, 0x0, 0x0, 0x0,
    0x0, 0x0, 0xcf, 0xff, 0xa0, 0x0, 0x0, 0x0,
    0x0, 0x1, 0xff, 0xff, 0x60, 0x0, 0x0, 0x0,
    0x0, 0x5, 0xff, 0xff, 0x10, 0x0, 0x0, 0x0,
    0x0, 0x9, 0xff, 0xfd, 0x0, 0x0, 0x0, 0x0,
    0x0, 0xe, 0xff, 0xf9, 0x0, 0x0, 0x0, 0x0,
    0x0, 0x2f, 0xff, 0xf4, 0x0, 0x0, 0x0, 0x0,
    0x0, 0x6f, 0xff, 0xf0, 0x0, 0x0, 0x0, 0x0,
    0x0, 0xbf, 0xff, 0xc0, 0x0, 0x0, 0x0, 0x0,
    0x0, 0xff, 0xff, 0x70, 0x0, 0x0, 0x0, 0x0,
    0x3, 0xff, 0xff, 0x30, 0x0, 0x0, 0x0, 0x0,
    0x8, 0xff, 0xff, 0x0, 0x0, 0x0, 0x0, 0x0,
    0xc, 0xff, 0xfa, 0x0, 0x0, 0x0, 0x0, 0x0,
    0x1f, 0xff, 0xf6, 0x0, 0x0, 0x0, 0x0, 0x0,
    0x5f, 0xff, 0xf2, 0x0, 0x0, 0x0, 0x0, 0x0,
    0x9f, 0xff, 0xd0, 0x0, 0x0, 0x0, 0x0, 0x0,

    /* U+0030 "0" */
    0x0, 0x0, 0x0, 0x0, 0x2, 0x8b, 0xef, 0xfe,
    0xc8, 0x30, 0x0, 0x0, 0x0, 0x0, 0x0, 0x0,
    0x0, 0x2, 0xcf, 0xff, 0xff, 0xff, 0xff, 0xfc,
    0x30, 0x0, 0x0, 0x0, 0x0, 0x0, 0x0, 0x7f,
    0xff, 0xff, 0xff, 0xff, 0xff, 0xff, 0xf7, 0x0,
    0x0, 0x0, 0x0, 0x0, 0x8, 0xff, 0xff, 0xff,
    0xff, 0xff, 0xff, 0xff, 0xff, 0x90, 0x0, 0x0,
    0x0, 0x0, 0x6f, 0xff, 0xff, 0xfd, 0x97, 0x68,
    0xdf, 0xff, 0xff, 0xf7, 0x0, 0x0, 0x0, 0x2,
    0xff, 0xff, 0xff, 0x50, 0x0, 0x0, 0x5, 0xef,
    0xff, 0xff, 0x20, 0x0, 0x0, 0xb, 0xff, 0xff,
    0xe2, 0x0, 0x0, 0x0, 0x0, 0x2e, 0xff, 0xff,
    0xc0, 0x0, 0x0, 0x3f, 0xff, 0xff, 0x40, 0x0,
    0x0, 0x0, 0x0, 0x4, 0xff, 0xff, 0xf3, 0x0,
    0x0, 0xaf, 0xff, 0xfa, 0x0, 0x0, 0x0, 0x0,
    0x0, 0x0, 0xaf, 0xff, 0xfa, 0x0, 0x0, 0xff,
    0xff, 0xf2, 0x0, 0x0, 0x0, 0x0, 0x0, 0x0,
    0x2f, 0xff, 0xff, 0x0, 0x4, 0xff, 0xff, 0xc0,
    0x0, 0x0, 0x0, 0x0, 0x0, 0x0, 0xc, 0xff,
    0xff, 0x40, 0x8, 0xff, 0xff, 0x70, 0x0, 0x0,
    0x0, 0x0, 0x0, 0x0, 0x7, 0xff, 0xff, 0x80,
    0xb, 0xff, 0xff, 0x40, 0x0, 0x0, 0x0, 0x0,
    0x0, 0x0, 0x3, 0xff, 0xff, 0xb0, 0xd, 0xff,
    0xff, 0x10, 0x0, 0x0, 0x0, 0x0, 0x0, 0x0,
    0x1, 0xff, 0xff, 0xd0, 0xf, 0xff, 0xff, 0x0,
    0x0, 0x0, 0x0, 0x0, 0x0, 0x0, 0x0, 0xff,
    0xff, 0xf0, 0xf, 0xff, 0xfe, 0x0, 0x0, 0x0,
    0x0, 0x0, 0x0, 0x0, 0x0, 0xef, 0xff, 0xf0,
    0x1f, 0xff, 0xfd, 0x0, 0x0, 0x0, 0x0, 0x0,
    0x0, 0x0, 0x0, 0xdf, 0xff, 0xf1, 0x1f, 0xff,
    0xfd, 0x0, 0x0, 0x0, 0x0, 0x0, 0x0, 0x0,
    0x0, 0xdf, 0xff, 0xf1, 0xf, 0xff, 0xfe, 0x0,
    0x0, 0x0, 0x0, 0x0, 0x0, 0x0, 0x0, 0xdf,
    0xff, 0xf1, 0xf, 0xff, 0xfe, 0x0, 0x0, 0x0,
    0x0, 0x0, 0x0, 0x0, 0x0, 0xef, 0xff, 0xf0,
    0xe, 0xff, 0xff, 0x0, 0x0, 0x0, 0x0, 0x0,
    0x0, 0x0, 0x0, 0xff, 0xff, 0xf0, 0xc, 0xff,
    0xff, 0x30, 0x0, 0x0, 0x0, 0x0, 0x0, 0x0,
    0x2, 0xff, 0xff, 0xd0, 0xa, 0xff, 0xff, 0x50,
    0x0, 0x0, 0x0, 0x0, 0x0, 0x0, 0x5, 0xff,
    0xff, 0xa0, 0x6, 0xff, 0xff, 0xa0, 0x0, 0x0,
    0x0, 0x0, 0x0, 0x0, 0x9, 0xff, 0xff, 0x60,
    0x2, 0xff, 0xff, 0xe0, 0x0, 0x0, 0x0, 0x0,
    0x0, 0x0, 0xe, 0xff, 0xff, 0x20, 0x0, 0xdf,
    0xff, 0xf6, 0x0, 0x0, 0x0, 0x0, 0x0, 0x0,
    0x5f, 0xff, 0xfd, 0x0, 0x0, 0x7f, 0xff, 0xfe,
    0x0, 0x0, 0x0, 0x0, 0x0, 0x0, 0xdf, 0xff,
    0xf7, 0x0, 0x0, 0xe, 0xff, 0xff, 0xa0, 0x0,
    0x0, 0x0, 0x0, 0x9, 0xff, 0xff, 0xf1, 0x0,
    0x0, 0x7, 0xff, 0xff, 0xf9, 0x0, 0x0, 0x0,
    0x0, 0x8f, 0xff, 0xff, 0x70, 0x0, 0x0, 0x0,
    0xcf, 0xff, 0xff, 0xd5, 0x0, 0x0, 0x5c, 0xff,
    0xff, 0xfc, 0x0, 0x0, 0x0, 0x0, 0x1e, 0xff,
    0xff, 0xff, 0xfe, 0xef, 0xff, 0xff, 0xff, 0xe1,
    0x0, 0x0, 0x0, 0x0, 0x2, 0xdf, 0xff, 0xff,
    0xff, 0xff, 0xff, 0xff, 0xfe, 0x20, 0x0, 0x0,
    0x0, 0x0, 0x0, 0x1a, 0xff, 0xff, 0xff, 0xff,
    0xff, 0xff, 0xb1, 0x0, 0x0, 0x0, 0x0, 0x0,
    0x0, 0x0, 0x4a, 0xff, 0xff, 0xff, 0xff, 0xb4,
    0x0, 0x0, 0x0, 0x0, 0x0, 0x0, 0x0, 0x0,
    0x0, 0x4, 0x67, 0x76, 0x40, 0x0, 0x0, 0x0,
    0x0, 0x0,

    /* U+0031 "1" */
    0x0, 0x0, 0x0, 0x3, 0xdf, 0xff, 0xfa, 0x0,
    0x0, 0x0, 0x8f, 0xff, 0xff, 0xfa, 0x0, 0x0,
    0x4d, 0xff, 0xff, 0xff, 0xfa, 0x0, 0x1a, 0xff,
    0xff, 0xff, 0xff, 0xfa, 0x5, 0xef, 0xff, 0xff,
    0xff, 0xff, 0xfa, 0xbf, 0xff, 0xff, 0xfa, 0x7f,
    0xff, 0xfa, 0xff, 0xff, 0xfe, 0x40, 0x6f, 0xff,
    0xfa, 0xff, 0xff, 0x90, 0x0, 0x6f, 0xff, 0xfa,
    0xff, 0xd3, 0x0, 0x0, 0x6f, 0xff, 0xfa, 0xe7,
    0x0, 0x0, 0x0, 0x6f, 0xff, 0xfa, 0x20, 0x0,
    0x0, 0x0, 0x6f, 0xff, 0xfa, 0x0, 0x0, 0x0,
    0x0, 0x6f, 0xff, 0xfa, 0x0, 0x0, 0x0, 0x0,
    0x6f, 0xff, 0xfa, 0x0, 0x0, 0x0, 0x0, 0x6f,
    0xff, 0xfa, 0x0, 0x0, 0x0, 0x0, 0x6f, 0xff,
    0xfa, 0x0, 0x0, 0x0, 0x0, 0x6f, 0xff, 0xfa,
    0x0, 0x0, 0x0, 0x0, 0x6f, 0xff, 0xfa, 0x0,
    0x0, 0x0, 0x0, 0x6f, 0xff, 0xfa, 0x0, 0x0,
    0x0, 0x0, 0x6f, 0xff, 0xfa, 0x0, 0x0, 0x0,
    0x0, 0x6f, 0xff, 0xfa, 0x0, 0x0, 0x0, 0x0,
    0x6f, 0xff, 0xfa, 0x0, 0x0, 0x0, 0x0, 0x6f,
    0xff, 0xfa, 0x0, 0x0, 0x0, 0x0, 0x6f, 0xff,
    0xfa, 0x0, 0x0, 0x0, 0x0, 0x6f, 0xff, 0xfa,
    0x0, 0x0, 0x0, 0x0, 0x6f, 0xff, 0xfa, 0x0,
    0x0, 0x0, 0x0, 0x6f, 0xff, 0xfa, 0x0, 0x0,
    0x0, 0x0, 0x6f, 0xff, 0xfa, 0x0, 0x0, 0x0,
    0x0, 0x6f, 0xff, 0xfa, 0x0, 0x0, 0x0, 0x0,
    0x6f, 0xff, 0xfa, 0x0, 0x0, 0x0, 0x0, 0x6f,
    0xff, 0xfa, 0x0, 0x0, 0x0, 0x0, 0x6f, 0xff,
    0xfa, 0x0, 0x0, 0x0, 0x0, 0x6f, 0xff, 0xfa,
    0x0, 0x0, 0x0, 0x0, 0x6f, 0xff, 0xfa, 0x0,
    0x0, 0x0, 0x0, 0x6f, 0xff, 0xfa,

    /* U+0032 "2" */
    0x0, 0x0, 0x0, 0x0, 0x59, 0xce, 0xff, 0xec,
    0x84, 0x0, 0x0, 0x0, 0x0, 0x0, 0x0, 0x7,
    0xef, 0xff, 0xff, 0xff, 0xff, 0xfd, 0x50, 0x0,
    0x0, 0x0, 0x0, 0x1c, 0xff, 0xff, 0xff, 0xff,
    0xff, 0xff, 0xff, 0xa0, 0x0, 0x0, 0x0, 0x1e,
    0xff, 0xff, 0xff, 0xff, 0xff, 0xff, 0xff, 0xff,
    0xc0, 0x0, 0x0, 0xc, 0xff, 0xff, 0xff, 0xb7,
    0x66, 0x8c, 0xff, 0xff, 0xff, 0xa0, 0x0, 0x7,
    0xff, 0xff, 0xfa, 0x10, 0x0, 0x0, 0x3, 0xdf,
    0xff, 0xff, 0x40, 0x0, 0xef, 0xff, 0xf9, 0x0,
    0x0, 0x0, 0x0, 0x0, 0xdf, 0xff, 0xfb, 0x0,
    0x5f, 0xff, 0xfd, 0x0, 0x0, 0x0, 0x0, 0x0,
    0x3, 0xff, 0xff, 0xf1, 0xa, 0xff, 0xff, 0x60,
    0x0, 0x0, 0x0, 0x0, 0x0, 0xc, 0xff, 0xff,
    0x40, 0xdf, 0xff, 0xf1, 0x0, 0x0, 0x0, 0x0,
    0x0, 0x0, 0x9f, 0xff, 0xf5, 0xf, 0xff, 0xfe,
    0x0, 0x0, 0x0, 0x0, 0x0, 0x0, 0x8, 0xff,
    0xff, 0x60, 0xaa, 0xaa, 0x80, 0x0, 0x0, 0x0,
    0x0, 0x0, 0x0, 0x9f, 0xff, 0xf4, 0x0, 0x0,
    0x0, 0x0, 0x0, 0x0, 0x0, 0x0, 0x0, 0xc,
    0xff, 0xff, 0x10, 0x0, 0x0, 0x0, 0x0, 0x0,
    0x0, 0x0, 0x0, 0x2, 0xff, 0xff, 0xd0, 0x0,
    0x0, 0x0, 0x0, 0x0, 0x0, 0x0, 0x0, 0x0,
    0xcf, 0xff, 0xf7, 0x0, 0x0, 0x0, 0x0, 0x0,
    0x0, 0x0, 0x0, 0x0, 0x8f, 0xff, 0xfd, 0x0,
    0x0, 0x0, 0x0, 0x0, 0x0, 0x0, 0x0, 0x0,
    0x7f, 0xff, 0xff, 0x40, 0x0, 0x0, 0x0, 0x0,
    0x0, 0x0, 0x0, 0x0, 0x7f, 0xff, 0xff, 0x70,
    0x0, 0x0, 0x0, 0x0, 0x0, 0x0, 0x0, 0x0,
    0x9f, 0xff, 0xff, 0x90, 0x0, 0x0, 0x0, 0x0,
    0x0, 0x0, 0x0, 0x0, 0xaf, 0xff, 0xff, 0x90,
    0x0, 0x0, 0x0, 0x0, 0x0, 0x0, 0x0, 0x1,
    0xcf, 0xff, 0xff, 0x90, 0x0, 0x0, 0x0, 0x0,
    0x0, 0x0, 0x0, 0x3, 0xef, 0xff, 0xff, 0x70,
    0x0, 0x0, 0x0, 0x0, 0x0, 0x0, 0x0, 0x4,
    0xff, 0xff, 0xff, 0x50, 0x0, 0x0, 0x0, 0x0,
    0x0, 0x0, 0x0, 0x7, 0xff, 0xff, 0xfe, 0x30,
    0x0, 0x0, 0x0, 0x0, 0x0, 0x0, 0x0, 0x9,
    0xff, 0xff, 0xfd, 0x20, 0x0, 0x0, 0x0, 0x0,
    0x0, 0x0, 0x0, 0x1b, 0xff, 0xff, 0xfc, 0x10,
    0x0, 0x0, 0x0, 0x0, 0x0, 0x0, 0x0, 0x2d,
    0xff, 0xff, 0xfa, 0x0, 0x0, 0x0, 0x0, 0x0,
    0x0, 0x0, 0x0, 0x3e, 0xff, 0xff, 0xf7, 0x0,
    0x0, 0x0, 0x0, 0x0, 0x0, 0x0, 0x0, 0x5f,
    0xff, 0xff, 0xf5, 0x0, 0x0, 0x0, 0x0, 0x0,
    0x0, 0x0, 0x0, 0x8f, 0xff, 0xff, 0xfa, 0x66,
    0x66, 0x66, 0x66, 0x66, 0x66, 0x66, 0x63, 0xf,
    0xff, 0xff, 0xff, 0xff, 0xff, 0xff, 0xff, 0xff,
    0xff, 0xff, 0xff, 0x90, 0xff, 0xff, 0xff, 0xff,
    0xff, 0xff, 0xff, 0xff, 0xff, 0xff, 0xff, 0xf9,
    0xf, 0xff, 0xff, 0xff, 0xff, 0xff, 0xff, 0xff,
    0xff, 0xff, 0xff, 0xff, 0x90, 0xff, 0xff, 0xff,
    0xff, 0xff, 0xff, 0xff, 0xff, 0xff, 0xff, 0xff,
    0xf9,

    /* U+0033 "3" */
    0x0, 0x0, 0x0, 0x2, 0x7b, 0xdf, 0xff, 0xdb,
    0x73, 0x0, 0x0, 0x0, 0x0, 0x0, 0x0, 0x3,
    0xcf, 0xff, 0xff, 0xff, 0xff, 0xff, 0xc4, 0x0,
    0x0, 0x0, 0x0, 0x0, 0x8f, 0xff, 0xff, 0xff,
    0xff, 0xff, 0xff, 0xff, 0xa0, 0x0, 0x0, 0x0,
    0xa, 0xff, 0xff, 0xff, 0xff, 0xff, 0xff, 0xff,
    0xff, 0xfc, 0x0, 0x0, 0x0, 0x8f, 0xff, 0xff,
    0xfb, 0x75, 0x45, 0x7b, 0xff, 0xff, 0xff, 0xa0,
    0x0, 0x2, 0xff, 0xff, 0xfd, 0x30, 0x0, 0x0,
    0x0, 0x2c, 0xff, 0xff, 0xf4, 0x0, 0x9, 0xff,
    0xff, 0xd1, 0x0, 0x0, 0x0, 0x0, 0x0, 0xdf,
    0xff, 0xfb, 0x0, 0xe, 0xff, 0xff, 0x40, 0x0,
    0x0, 0x0, 0x0, 0x0, 0x4f, 0xff, 0xff, 0x0,
    0x1f, 0xff, 0xff, 0x0, 0x0, 0x0, 0x0, 0x0,
    0x0, 0xf, 0xff, 0xff, 0x0, 0x2f, 0xff, 0xfc,
    0x0, 0x0, 0x0, 0x0, 0x0, 0x0, 0xe, 0xff,
    0xff, 0x0, 0x0, 0x0, 0x0, 0x0, 0x0, 0x0,
    0x0, 0x0, 0x0, 0x1f, 0xff, 0xfe, 0x0, 0x0,
    0x0, 0x0, 0x0, 0x0, 0x0, 0x0, 0x0, 0x0,
    0x8f, 0xff, 0xf8, 0x0, 0x0, 0x0, 0x0, 0x0,
    0x0, 0x0, 0x0, 0x0, 0x8, 0xff, 0xff, 0xe1,
    0x0, 0x0, 0x0, 0x0, 0x0, 0x0, 0x0, 0x1,
    0x38, 0xef, 0xff, 0xfe, 0x30, 0x0, 0x0, 0x0,
    0x0, 0x0, 0xe, 0xff, 0xff, 0xff, 0xff, 0xff,
    0xc2, 0x0, 0x0, 0x0, 0x0, 0x0, 0x0, 0xe,
    0xff, 0xff, 0xff, 0xff, 0xa4, 0x0, 0x0, 0x0,
    0x0, 0x0, 0x0, 0x0, 0xe, 0xff, 0xff, 0xff,
    0xff, 0xd9, 0x30, 0x0, 0x0, 0x0, 0x0, 0x0,
    0x0, 0xe, 0xff, 0xff, 0xff, 0xff, 0xff, 0xfa,
    0x0, 0x0, 0x0, 0x0, 0x0, 0x0, 0x2, 0x33,
    0x34, 0x7a, 0xff, 0xff, 0xff, 0xc1, 0x0, 0x0,
    0x0, 0x0, 0x0, 0x0, 0x0, 0x0, 0x0, 0x19,
    0xff, 0xff, 0xfb, 0x0, 0x0, 0x0, 0x0, 0x0,
    0x0, 0x0, 0x0, 0x0, 0x0, 0x5f, 0xff, 0xff,
    0x40, 0x0, 0x0, 0x0, 0x0, 0x0, 0x0, 0x0,
    0x0, 0x0, 0x9, 0xff, 0xff, 0xb0, 0x23, 0x33,
    0x30, 0x0, 0x0, 0x0, 0x0, 0x0, 0x0, 0x2,
    0xff, 0xff, 0xf0, 0xef, 0xff, 0xf4, 0x0, 0x0,
    0x0, 0x0, 0x0, 0x0, 0x0, 0xff, 0xff, 0xf1,
    0xdf, 0xff, 0xf5, 0x0, 0x0, 0x0, 0x0, 0x0,
    0x0, 0x0, 0xff, 0xff, 0xf2, 0xaf, 0xff, 0xf9,
    0x0, 0x0, 0x0, 0x0, 0x0, 0x0, 0x2, 0xff,
    0xff, 0xf1, 0x6f, 0xff, 0xfe, 0x0, 0x0, 0x0,
    0x0, 0x0, 0x0, 0x7, 0xff, 0xff, 0xd0, 0x1f,
    0xff, 0xff, 0x80, 0x0, 0x0, 0x0, 0x0, 0x0,
    0x2f, 0xff, 0xff, 0x80, 0x8, 0xff, 0xff, 0xf7,
    0x0, 0x0, 0x0, 0x0, 0x2, 0xef, 0xff, 0xff,
    0x20, 0x0, 0xdf, 0xff, 0xff, 0xc4, 0x0, 0x0,
    0x3, 0x9f, 0xff, 0xff, 0xf8, 0x0, 0x0, 0x3f,
    0xff, 0xff, 0xff, 0xfd, 0xdd, 0xff, 0xff, 0xff,
    0xff, 0xb0, 0x0, 0x0, 0x3, 0xef, 0xff, 0xff,
    0xff, 0xff, 0xff, 0xff, 0xff, 0xfa, 0x0, 0x0,
    0x0, 0x0, 0x1a, 0xff, 0xff, 0xff, 0xff, 0xff,
    0xff, 0xfe, 0x60, 0x0, 0x0, 0x0, 0x0, 0x0,
    0x3a, 0xef, 0xff, 0xff, 0xff, 0xfc, 0x60, 0x0,
    0x0, 0x0, 0x0, 0x0, 0x0, 0x0, 0x3, 0x57,
    0x77, 0x64, 0x10, 0x0, 0x0, 0x0, 0x0,

    /* U+0034 "4" */
    0x0, 0x0, 0x0, 0x0, 0x0, 0x0, 0x0, 0x0,
    0xcf, 0xff, 0xff, 0xe0, 0x0, 0x0, 0x0, 0x0,
    0x0, 0x0, 0x0, 0x0, 0x0, 0x9, 0xff, 0xff,
    0xff, 0xe0, 0x0, 0x0, 0x0, 0x0, 0x0, 0x0,
    0x0, 0x0, 0x0, 0x5f, 0xff, 0xff, 0xff, 0xe0,
    0x0, 0x0, 0x0, 0x0, 0x0, 0x0, 0x0, 0x0,
    0x2, 0xff, 0xff, 0xff, 0xff, 0xe0, 0x0, 0x0,
    0x0, 0x0, 0x0, 0x0, 0x0, 0x0, 0xc, 0xff,
    0xff, 0xff, 0xff, 0xe0, 0x0, 0x0, 0x0, 0x0,
    0x0, 0x0, 0x0, 0x0, 0x8f, 0xff, 0xfc, 0xff,
    0xff, 0xe0, 0x0, 0x0, 0x0, 0x0, 0x0, 0x0,
    0x0, 0x4, 0xff, 0xff, 0xe2, 0xff, 0xff, 0xe0,
    0x0, 0x0, 0x0, 0x0, 0x0, 0x0, 0x0, 0x1e,
    0xff, 0xff, 0x40, 0xff, 0xff, 0xe0, 0x0, 0x0,
    0x0, 0x0, 0x0, 0x0, 0x0, 0xcf, 0xff, 0xf8,
    0x0, 0xff, 0xff, 0xe0, 0x0, 0x0, 0x0, 0x0,
    0x0, 0x0, 0x8, 0xff, 0xff, 0xc0, 0x0, 0xff,
    0xff, 0xe0, 0x0, 0x0, 0x0, 0x0, 0x0, 0x0,
    0x4f, 0xff, 0xfe, 0x20, 0x0, 0xff, 0xff, 0xe0,
    0x0, 0x0, 0x0, 0x0, 0x0, 0x1, 0xef, 0xff,
    0xf5, 0x0, 0x0, 0xff, 0xff, 0xe0, 0x0, 0x0,
    0x0, 0x0, 0x0, 0xc, 0xff, 0xff, 0x90, 0x0,
    0x0, 0xff, 0xff, 0xe0, 0x0, 0x0, 0x0, 0x0,
    0x0, 0x8f, 0xff, 0xfc, 0x0, 0x0, 0x0, 0xff,
    0xff, 0xe0, 0x0, 0x0, 0x0, 0x0, 0x4, 0xff,
    0xff, 0xf2, 0x0, 0x0, 0x0, 0xff, 0xff, 0xe0,
    0x0, 0x0, 0x0, 0x0, 0x1e, 0xff, 0xff, 0x50,
    0x0, 0x0, 0x0, 0xff, 0xff, 0xe0, 0x0, 0x0,
    0x0, 0x0, 0xbf, 0xff, 0xf9, 0x0, 0x0, 0x0,
    0x0, 0xff, 0xff, 0xe0, 0x0, 0x0, 0x0, 0x7,
    0xff, 0xff, 0xd0, 0x0, 0x0, 0x0, 0x0, 0xff,
    0xff, 0xe0, 0x0, 0x0, 0x0, 0x3f, 0xff, 0xff,
    0x20, 0x0, 0x0, 0x0, 0x0, 0xff, 0xff, 0xe0,
    0x0, 0x0, 0x1, 0xef, 0xff, 0xf6, 0x0, 0x0,
    0x0, 0x0, 0x0, 0xff, 0xff, 0xe0, 0x0, 0x0,
    0xb, 0xff, 0xff, 0xa0, 0x0, 0x0, 0x0, 0x0,
    0x0, 0xff, 0xff, 0xe0, 0x0, 0x0, 0x7f, 0xff,
    0xff, 0x55, 0x55, 0x55, 0x55, 0x55, 0x55, 0xff,
    0xff, 0xe5, 0x55, 0x55, 0xbf, 0xff, 0xff, 0xff,
    0xff, 0xff, 0xff, 0xff, 0xff, 0xff, 0xff, 0xff,
    0xff, 0xff, 0xbf, 0xff, 0xff, 0xff, 0xff, 0xff,
    0xff, 0xff, 0xff, 0xff, 0xff, 0xff, 0xff, 0xff,
    0xbf, 0xff, 0xff, 0xff, 0xff, 0xff, 0xff, 0xff,
    0xff, 0xff, 0xff, 0xff, 0xff, 0xff, 0xbf, 0xff,
    0xff, 0xff, 0xff, 0xff, 0xff, 0xff, 0xff, 0xff,
    0xff, 0xff, 0xff, 0xff, 0x0, 0x0, 0x0, 0x0,
    0x0, 0x0, 0x0, 0x0, 0x0, 0xff, 0xff, 0xe0,
    0x0, 0x0, 0x0, 0x0, 0x0, 0x0, 0x0, 0x0,
    0x0, 0x0, 0x0, 0xff, 0xff, 0xe0, 0x0, 0x0,
    0x0, 0x0, 0x0, 0x0, 0x0, 0x0, 0x0, 0x0,
    0x0, 0xff, 0xff, 0xe0, 0x0, 0x0, 0x0, 0x0,
    0x0, 0x0, 0x0, 0x0, 0x0, 0x0, 0x0, 0xff,
    0xff, 0xe0, 0x0, 0x0, 0x0, 0x0, 0x0, 0x0,
    0x0, 0x0, 0x0, 0x0, 0x0, 0xff, 0xff, 0xe0,
    0x0, 0x0, 0x0, 0x0, 0x0, 0x0, 0x0, 0x0,
    0x0, 0x0, 0x0, 0xff, 0xff, 0xe0, 0x0, 0x0,
    0x0, 0x0, 0x0, 0x0, 0x0, 0x0, 0x0, 0x0,
    0x0, 0xff, 0xff, 0xe0, 0x0, 0x0, 0x0, 0x0,
    0x0, 0x0, 0x0, 0x0, 0x0, 0x0, 0x0, 0xff,
    0xff, 0xe0, 0x0, 0x0,

    /* U+0035 "5" */
    0x0, 0xcf, 0xff, 0xff, 0xff, 0xff, 0xff, 0xff,
    0xff, 0xff, 0xff, 0xf2, 0x0, 0x0, 0xcf, 0xff,
    0xff, 0xff, 0xff, 0xff, 0xff, 0xff, 0xff, 0xff,
    0xf2, 0x0, 0x0, 0xdf, 0xff, 0xff, 0xff, 0xff,
    0xff, 0xff, 0xff, 0xff, 0xff, 0xf2, 0x0, 0x0,
    0xef, 0xff, 0xff, 0xff, 0xff, 0xff, 0xff, 0xff,
    0xff, 0xff, 0xf2, 0x0, 0x0, 0xff, 0xff, 0xf6,
    0x66, 0x66, 0x66, 0x66, 0x66, 0x66, 0x66, 0x61,
    0x0, 0x0, 0xff, 0xff, 0xd0, 0x0, 0x0, 0x0,
    0x0, 0x0, 0x0, 0x0, 0x0, 0x0, 0x1, 0xff,
    0xff, 0xc0, 0x0, 0x0, 0x0, 0x0, 0x0, 0x0,
    0x0, 0x0, 0x0, 0x2, 0xff, 0xff, 0xb0, 0x0,
    0x0, 0x0, 0x0, 0x0, 0x0, 0x0, 0x0, 0x0,
    0x3, 0xff, 0xff, 0xa0, 0x0, 0x0, 0x0, 0x0,
    0x0, 0x0, 0x0, 0x0, 0x0, 0x4, 0xff, 0xff,
    0x80, 0x0, 0x0, 0x0, 0x0, 0x0, 0x0, 0x0,
    0x0, 0x0, 0x5, 0xff, 0xff, 0x70, 0x0, 0x0,
    0x0, 0x0, 0x0, 0x0, 0x0, 0x0, 0x0, 0x6,
    0xff, 0xff, 0x60, 0x1, 0x6b, 0xdf, 0xfe, 0xb7,
    0x10, 0x0, 0x0, 0x0, 0x7, 0xff, 0xff, 0x40,
    0x8f, 0xff, 0xff, 0xff, 0xff, 0xf9, 0x10, 0x0,
    0x0, 0x8, 0xff, 0xff, 0x5d, 0xff, 0xff, 0xff,
    0xff, 0xff, 0xff, 0xe3, 0x0, 0x0, 0x9, 0xff,
    0xff, 0xff, 0xff, 0xff, 0xff, 0xff, 0xff, 0xff,
    0xff, 0x30, 0x0, 0xa, 0xff, 0xff, 0xff, 0xff,
    0xa7, 0x55, 0x6a, 0xff, 0xff, 0xff, 0xe0, 0x0,
    0xb, 0xff, 0xff, 0xff, 0x80, 0x0, 0x0, 0x0,
    0x1b, 0xff, 0xff, 0xf9, 0x0, 0xb, 0xff, 0xff,
    0xf4, 0x0, 0x0, 0x0, 0x0, 0x0, 0xbf, 0xff,
    0xff, 0x10, 0xc, 0xff, 0xff, 0x80, 0x0, 0x0,
    0x0, 0x0, 0x0, 0x1e, 0xff, 0xff, 0x70, 0x6,
    0x77, 0x77, 0x0, 0x0, 0x0, 0x0, 0x0, 0x0,
    0x7, 0xff, 0xff, 0xc0, 0x0, 0x0, 0x0, 0x0,
    0x0, 0x0, 0x0, 0x0, 0x0, 0x2, 0xff, 0xff,
    0xf0, 0x0, 0x0, 0x0, 0x0, 0x0, 0x0, 0x0,
    0x0, 0x0, 0x0, 0xff, 0xff, 0xf1, 0x0, 0x0,
    0x0, 0x0, 0x0, 0x0, 0x0, 0x0, 0x0, 0x0,
    0xef, 0xff, 0xf1, 0x2, 0x22, 0x21, 0x0, 0x0,
    0x0, 0x0, 0x0, 0x0, 0x0, 0xef, 0xff, 0xf1,
    0x3f, 0xff, 0xfe, 0x0, 0x0, 0x0, 0x0, 0x0,
    0x0, 0x0, 0xff, 0xff, 0xf0, 0x1f, 0xff, 0xff,
    0x20, 0x0, 0x0, 0x0, 0x0, 0x0, 0x4, 0xff,
    0xff, 0xd0, 0xd, 0xff, 0xff, 0x80, 0x0, 0x0,
    0x0, 0x0, 0x0, 0xb, 0xff, 0xff, 0x90, 0x8,
    0xff, 0xff, 0xf3, 0x0, 0x0, 0x0, 0x0, 0x0,
    0x5f, 0xff, 0xff, 0x30, 0x1, 0xff, 0xff, 0xff,
    0x40, 0x0, 0x0, 0x0, 0x5, 0xff, 0xff, 0xfc,
    0x0, 0x0, 0x6f, 0xff, 0xff, 0xfa, 0x30, 0x0,
    0x3, 0xaf, 0xff, 0xff, 0xf2, 0x0, 0x0, 0xa,
    0xff, 0xff, 0xff, 0xff, 0xdd, 0xff, 0xff, 0xff,
    0xff, 0x60, 0x0, 0x0, 0x0, 0x9f, 0xff, 0xff,
    0xff, 0xff, 0xff, 0xff, 0xff, 0xf7, 0x0, 0x0,
    0x0, 0x0, 0x5, 0xef, 0xff, 0xff, 0xff, 0xff,
    0xff, 0xfd, 0x40, 0x0, 0x0, 0x0, 0x0, 0x0,
    0x6, 0xcf, 0xff, 0xff, 0xff, 0xfc, 0x60, 0x0,
    0x0, 0x0, 0x0, 0x0, 0x0, 0x0, 0x1, 0x46,
    0x77, 0x64, 0x10, 0x0, 0x0, 0x0, 0x0,

    /* U+0036 "6" */
    0x0, 0x0, 0x0, 0x0, 0x3, 0x8c, 0xef, 0xfe,
    0xc9, 0x50, 0x0, 0x0, 0x0, 0x0, 0x0, 0x0,
    0x3, 0xcf, 0xff, 0xff, 0xff, 0xff, 0xfe, 0x60,
    0x0, 0x0, 0x0, 0x0, 0x0, 0x8f, 0xff, 0xff,
    0xff, 0xff, 0xff, 0xff, 0xfd, 0x10, 0x0, 0x0,
    0x0, 0x9, 0xff, 0xff, 0xff, 0xff, 0xff, 0xff,
    0xff, 0xff, 0xd1, 0x0, 0x0, 0x0, 0x6f, 0xff,
    0xff, 0xfb, 0x75, 0x56, 0x9e, 0xff, 0xff, 0xfd,
    0x0, 0x0, 0x2, 0xff, 0xff, 0xfb, 0x20, 0x0,
    0x0, 0x0, 0x9f, 0xff, 0xff, 0x70, 0x0, 0xb,
    0xff, 0xff, 0xa0, 0x0, 0x0, 0x0, 0x0, 0x9,
    0xff, 0xff, 0xd0, 0x0, 0x2f, 0xff, 0xfc, 0x0,
    0x0, 0x0, 0x0, 0x0, 0x0, 0xff, 0xff, 0xf2,
    0x0, 0x9f, 0xff, 0xf3, 0x0, 0x0, 0x0, 0x0,
    0x0, 0x0, 0x58, 0x88, 0x82, 0x0, 0xef, 0xff,
    0xc0, 0x0, 0x0, 0x0, 0x0, 0x0, 0x0, 0x0,
    0x0, 0x0, 0x2, 0xff, 0xff, 0x70, 0x0, 0x0,
    0x0, 0x0, 0x0, 0x0, 0x0, 0x0, 0x0, 0x6,
    0xff, 0xff, 0x30, 0x0, 0x59, 0xdf, 0xfe, 0xd9,
    0x40, 0x0, 0x0, 0x0, 0x9, 0xff, 0xff, 0x0,
    0x5e, 0xff, 0xff, 0xff, 0xff, 0xfd, 0x40, 0x0,
    0x0, 0xc, 0xff, 0xfe, 0x9, 0xff, 0xff, 0xff,
    0xff, 0xff, 0xff, 0xf8, 0x0, 0x0, 0xd, 0xff,
    0xfd, 0x9f, 0xff, 0xff, 0xff, 0xff, 0xff, 0xff,
    0xff, 0x90, 0x0, 0xf, 0xff, 0xff, 0xff, 0xff,
    0xf9, 0x64, 0x58, 0xef, 0xff, 0xff, 0xf6, 0x0,
    0xf, 0xff, 0xff, 0xff, 0xfa, 0x10, 0x0, 0x0,
    0x6, 0xff, 0xff, 0xff, 0x10, 0x1f, 0xff, 0xff,
    0xff, 0x80, 0x0, 0x0, 0x0, 0x0, 0x4f, 0xff,
    0xff, 0x90, 0x1f, 0xff, 0xff, 0xfb, 0x0, 0x0,
    0x0, 0x0, 0x0, 0x8, 0xff, 0xff, 0xf0, 0xf,
    0xff, 0xff, 0xf3, 0x0, 0x0, 0x0, 0x0, 0x0,
    0x1, 0xff, 0xff, 0xf4, 0xf, 0xff, 0xff, 0xd0,
    0x0, 0x0, 0x0, 0x0, 0x0, 0x0, 0xaf, 0xff,
    0xf7, 0xe, 0xff, 0xff, 0xa0, 0x0, 0x0, 0x0,
    0x0, 0x0, 0x0, 0x7f, 0xff, 0xf9, 0xc, 0xff,
    0xff, 0x80, 0x0, 0x0, 0x0, 0x0, 0x0, 0x0,
    0x6f, 0xff, 0xfa, 0x9, 0xff, 0xff, 0x90, 0x0,
    0x0, 0x0, 0x0, 0x0, 0x0, 0x7f, 0xff, 0xf9,
    0x6, 0xff, 0xff, 0xb0, 0x0, 0x0, 0x0, 0x0,
    0x0, 0x0, 0x9f, 0xff, 0xf8, 0x2, 0xff, 0xff,
    0xf1, 0x0, 0x0, 0x0, 0x0, 0x0, 0x0, 0xef,
    0xff, 0xf5, 0x0, 0xcf, 0xff, 0xf8, 0x0, 0x0,
    0x0, 0x0, 0x0, 0x5, 0xff, 0xff, 0xf1, 0x0,
    0x6f, 0xff, 0xff, 0x30, 0x0, 0x0, 0x0, 0x0,
    0x1e, 0xff, 0xff, 0xb0, 0x0, 0xd, 0xff, 0xff,
    0xe4, 0x0, 0x0, 0x0, 0x2, 0xdf, 0xff, 0xff,
    0x40, 0x0, 0x4, 0xff, 0xff, 0xff, 0x92, 0x0,
    0x2, 0x8f, 0xff, 0xff, 0xfa, 0x0, 0x0, 0x0,
    0x9f, 0xff, 0xff, 0xff, 0xfd, 0xff, 0xff, 0xff,
    0xff, 0xd1, 0x0, 0x0, 0x0, 0xa, 0xff, 0xff,
    0xff, 0xff, 0xff, 0xff, 0xff, 0xfd, 0x10, 0x0,
    0x0, 0x0, 0x0, 0x7f, 0xff, 0xff, 0xff, 0xff,
    0xff, 0xff, 0x90, 0x0, 0x0, 0x0, 0x0, 0x0,
    0x1, 0x8e, 0xff, 0xff, 0xff, 0xfe, 0x92, 0x0,
    0x0, 0x0, 0x0, 0x0, 0x0, 0x0, 0x0, 0x25,
    0x77, 0x75, 0x30, 0x0, 0x0, 0x0, 0x0,

    /* U+0037 "7" */
    0xef, 0xff, 0xff, 0xff, 0xff, 0xff, 0xff, 0xff,
    0xff, 0xff, 0xff, 0xf2, 0xef, 0xff, 0xff, 0xff,
    0xff, 0xff, 0xff, 0xff, 0xff, 0xff, 0xff, 0xf2,
    0xef, 0xff, 0xff, 0xff, 0xff, 0xff, 0xff, 0xff,
    0xff, 0xff, 0xff, 0xf2, 0xef, 0xff, 0xff, 0xff,
    0xff, 0xff, 0xff, 0xff, 0xff, 0xff, 0xff, 0xf2,
    0x67, 0x77, 0x77, 0x77, 0x77, 0x77, 0x77, 0x77,
    0x79, 0xff, 0xff, 0xf2, 0x0, 0x0, 0x0, 0x0,
    0x0, 0x0, 0x0, 0x0, 0x9, 0xff, 0xff, 0xb0,
    0x0, 0x0, 0x0, 0x0, 0x0, 0x0, 0x0, 0x0,
    0x2f, 0xff, 0xff, 0x20, 0x0, 0x0, 0x0, 0x0,
    0x0, 0x0, 0x0, 0x0, 0xaf, 0xff, 0xfa, 0x0,
    0x0, 0x0, 0x0, 0x0, 0x0, 0x0, 0x0, 0x2,
    0xff, 0xff, 0xf2, 0x0, 0x0, 0x0, 0x0, 0x0,
    0x0, 0x0, 0x0, 0xb, 0xff, 0xff, 0x90, 0x0,
    0x0, 0x0, 0x0, 0x0, 0x0, 0x0, 0x0, 0x3f,
    0xff, 0xff, 0x20, 0x0, 0x0, 0x0, 0x0, 0x0,
    0x0, 0x0, 0x0, 0xbf, 0xff, 0xf9, 0x0, 0x0,
    0x0, 0x0, 0x0, 0x0, 0x0, 0x0, 0x4, 0xff,
    0xff, 0xf1, 0x0, 0x0, 0x0, 0x0, 0x0, 0x0,
    0x0, 0x0, 0xc, 0xff, 0xff, 0x80, 0x0, 0x0,
    0x0, 0x0, 0x0, 0x0, 0x0, 0x0, 0x4f, 0xff,
    0xff, 0x10, 0x0, 0x0, 0x0, 0x0, 0x0, 0x0,
    0x0, 0x0, 0xdf, 0xff, 0xf8, 0x0, 0x0, 0x0,
    0x0, 0x0, 0x0, 0x0, 0x0, 0x5, 0xff, 0xff,
    0xe1, 0x0, 0x0, 0x0, 0x0, 0x0, 0x0, 0x0,
    0x0, 0xd, 0xff, 0xff, 0x70, 0x0, 0x0, 0x0,
    0x0, 0x0, 0x0, 0x0, 0x0, 0x6f, 0xff, 0xfe,
    0x0, 0x0, 0x0, 0x0, 0x0, 0x0, 0x0, 0x0,
    0x0, 0xef, 0xff, 0xf7, 0x0, 0x0, 0x0, 0x0,
    0x0, 0x0, 0x0, 0x0, 0x6, 0xff, 0xff, 0xe0,
    0x0, 0x0, 0x0, 0x0, 0x0, 0x0, 0x0, 0x0,
    0xe, 0xff, 0xff, 0x60, 0x0, 0x0, 0x0, 0x0,
    0x0, 0x0, 0x0, 0x0, 0x7f, 0xff, 0xfd, 0x0,
    0x0, 0x0, 0x0, 0x0, 0x0, 0x0, 0x0, 0x0,
    0xef, 0xff, 0xf5, 0x0, 0x0, 0x0, 0x0, 0x0,
    0x0, 0x0, 0x0, 0x8, 0xff, 0xff, 0xd0, 0x0,
    0x0, 0x0, 0x0, 0x0, 0x0, 0x0, 0x0, 0x1f,
    0xff, 0xff, 0x50, 0x0, 0x0, 0x0, 0x0, 0x0,
    0x0, 0x0, 0x0, 0x8f, 0xff, 0xfd, 0x0, 0x0,
    0x0, 0x0, 0x0, 0x0, 0x0, 0x0, 0x1, 0xff,
    0xff, 0xf4, 0x0, 0x0, 0x0, 0x0, 0x0, 0x0,
    0x0, 0x0, 0x9, 0xff, 0xff, 0xc0, 0x0, 0x0,
    0x0, 0x0, 0x0, 0x0, 0x0, 0x0, 0x2f, 0xff,
    0xff, 0x40, 0x0, 0x0, 0x0, 0x0, 0x0, 0x0,
    0x0, 0x0, 0xaf, 0xff, 0xfb, 0x0, 0x0, 0x0,
    0x0, 0x0, 0x0, 0x0, 0x0, 0x2, 0xff, 0xff,
    0xf3, 0x0, 0x0, 0x0, 0x0, 0x0, 0x0, 0x0,
    0x0, 0xa, 0xff, 0xff, 0xb0, 0x0, 0x0, 0x0,
    0x0, 0x0, 0x0, 0x0, 0x0, 0x3f, 0xff, 0xff,
    0x30, 0x0, 0x0, 0x0, 0x0, 0x0, 0x0, 0x0,

    /* U+0038 "8" */
    0x0, 0x0, 0x0, 0x0, 0x38, 0xce, 0xff, 0xfd,
    0xa6, 0x10, 0x0, 0x0, 0x0, 0x0, 0x0, 0x0,
    0x5d, 0xff, 0xff, 0xff, 0xff, 0xff, 0xf9, 0x10,
    0x0, 0x0, 0x0, 0x0, 0xb, 0xff, 0xff, 0xff,
    0xff, 0xff, 0xff, 0xff, 0xe4, 0x0, 0x0, 0x0,
    0x0, 0xcf, 0xff, 0xff, 0xff, 0xff, 0xff, 0xff,
    0xff, 0xff, 0x40, 0x0, 0x0, 0xa, 0xff, 0xff,
    0xff, 0xa6, 0x43, 0x58, 0xef, 0xff, 0xff, 0xf1,
    0x0, 0x0, 0x3f, 0xff, 0xff, 0xc2, 0x0, 0x0,
    0x0, 0x8, 0xff, 0xff, 0xf9, 0x0, 0x0, 0x8f,
    0xff, 0xfe, 0x10, 0x0, 0x0, 0x0, 0x0, 0x8f,
    0xff, 0xff, 0x0, 0x0, 0xcf, 0xff, 0xf7, 0x0,
    0x0, 0x0, 0x0, 0x0, 0xf, 0xff, 0xff, 0x30,
    0x0, 0xdf, 0xff, 0xf3, 0x0, 0x0, 0x0, 0x0,
    0x0, 0xc, 0xff, 0xff, 0x40, 0x0, 0xcf, 0xff,
    0xf3, 0x0, 0x0, 0x0, 0x0, 0x0, 0xc, 0xff,
    0xff, 0x30, 0x0, 0x9f, 0xff, 0xf6, 0x0, 0x0,
    0x0, 0x0, 0x0, 0xe, 0xff, 0xff, 0x0, 0x0,
    0x4f, 0xff, 0xfd, 0x0, 0x0, 0x0, 0x0, 0x0,
    0x6f, 0xff, 0xfb, 0x0, 0x0, 0xb, 0xff, 0xff,
    0xa0, 0x0, 0x0, 0x0, 0x4, 0xff, 0xff, 0xf3,
    0x0, 0x0, 0x1, 0xdf, 0xff, 0xfe, 0x72, 0x0,
    0x14, 0xaf, 0xff, 0xff, 0x50, 0x0, 0x0, 0x0,
    0x1a, 0xff, 0xff, 0xff, 0xff, 0xff, 0xff, 0xff,
    0xe4, 0x0, 0x0, 0x0, 0x0, 0x0, 0x39, 0xef,
    0xff, 0xff, 0xff, 0xff, 0xb6, 0x0, 0x0, 0x0,
    0x0, 0x0, 0x1, 0x9d, 0xff, 0xff, 0xff, 0xff,
    0xff, 0xfb, 0x40, 0x0, 0x0, 0x0, 0x0, 0x7f,
    0xff, 0xff, 0xff, 0xff, 0xff, 0xff, 0xff, 0xfc,
    0x10, 0x0, 0x0, 0x9, 0xff, 0xff, 0xff, 0x95,
    0x32, 0x47, 0xcf, 0xff, 0xff, 0xe2, 0x0, 0x0,
    0x6f, 0xff, 0xff, 0x90, 0x0, 0x0, 0x0, 0x5,
    0xef, 0xff, 0xfd, 0x0, 0x1, 0xff, 0xff, 0xf8,
    0x0, 0x0, 0x0, 0x0, 0x0, 0x2e, 0xff, 0xff,
    0x80, 0x7, 0xff, 0xff, 0xc0, 0x0, 0x0, 0x0,
    0x0, 0x0, 0x6, 0xff, 0xff, 0xf0, 0xd, 0xff,
    0xff, 0x60, 0x0, 0x0, 0x0, 0x0, 0x0, 0x0,
    0xff, 0xff, 0xf4, 0xf, 0xff, 0xff, 0x20, 0x0,
    0x0, 0x0, 0x0, 0x0, 0x0, 0xbf, 0xff, 0xf7,
    0x1f, 0xff, 0xff, 0x10, 0x0, 0x0, 0x0, 0x0,
    0x0, 0x0, 0xaf, 0xff, 0xf8, 0xf, 0xff, 0xff,
    0x20, 0x0, 0x0, 0x0, 0x0, 0x0, 0x0, 0xcf,
    0xff, 0xf8, 0xe, 0xff, 0xff, 0x70, 0x0, 0x0,
    0x0, 0x0, 0x0, 0x0, 0xff, 0xff, 0xf5, 0xa,
    0xff, 0xff, 0xe1, 0x0, 0x0, 0x0, 0x0, 0x0,
    0x8, 0xff, 0xff, 0xf1, 0x4, 0xff, 0xff, 0xfc,
    0x10, 0x0, 0x0, 0x0, 0x0, 0x6f, 0xff, 0xff,
    0xb0, 0x0, 0xbf, 0xff, 0xff, 0xe7, 0x10, 0x0,
    0x0, 0x4b, 0xff, 0xff, 0xff, 0x20, 0x0, 0x1d,
    0xff, 0xff, 0xff, 0xfd, 0xbb, 0xcf, 0xff, 0xff,
    0xff, 0xf6, 0x0, 0x0, 0x1, 0xdf, 0xff, 0xff,
    0xff, 0xff, 0xff, 0xff, 0xff, 0xff, 0x60, 0x0,
    0x0, 0x0, 0x8, 0xff, 0xff, 0xff, 0xff, 0xff,
    0xff, 0xff, 0xc3, 0x0, 0x0, 0x0, 0x0, 0x0,
    0x18, 0xdf, 0xff, 0xff, 0xff, 0xff, 0xa4, 0x0,
    0x0, 0x0, 0x0, 0x0, 0x0, 0x0, 0x1, 0x46,
    0x77, 0x75, 0x30, 0x0, 0x0, 0x0, 0x0,

    /* U+0039 "9" */
    0x0, 0x0, 0x0, 0x0, 0x49, 0xce, 0xff, 0xec,
    0x94, 0x0, 0x0, 0x0, 0x0, 0x0, 0x0, 0x0,
    0x7e, 0xff, 0xff, 0xff, 0xff, 0xff, 0xd5, 0x0,
    0x0, 0x0, 0x0, 0x0, 0x2d, 0xff, 0xff, 0xff,
    0xff, 0xff, 0xff, 0xff, 0xa0, 0x0, 0x0, 0x0,
    0x2, 0xef, 0xff, 0xff, 0xff, 0xff, 0xff, 0xff,
    0xff, 0xfb, 0x0, 0x0, 0x0, 0x1e, 0xff, 0xff,
    0xff, 0xc8, 0x66, 0x8c, 0xff, 0xff, 0xff, 0x80,
    0x0, 0x0, 0xaf, 0xff, 0xff, 0xd3, 0x0, 0x0,
    0x0, 0x3d, 0xff, 0xff, 0xf2, 0x0, 0x2, 0xff,
    0xff, 0xfc, 0x0, 0x0, 0x0, 0x0, 0x0, 0xcf,
    0xff, 0xfc, 0x0, 0x8, 0xff, 0xff, 0xe1, 0x0,
    0x0, 0x0, 0x0, 0x0, 0x1e, 0xff, 0xff, 0x20,
    0xc, 0xff, 0xff, 0x70, 0x0, 0x0, 0x0, 0x0,
    0x0, 0x8, 0xff, 0xff, 0x80, 0xf, 0xff, 0xff,
    0x10, 0x0, 0x0, 0x0, 0x0, 0x0, 0x2, 0xff,
    0xff, 0xe0, 0xf, 0xff, 0xff, 0x0, 0x0, 0x0,
    0x0, 0x0, 0x0, 0x0, 0xff, 0xff, 0xf1, 0x1f,
    0xff, 0xff, 0x0, 0x0, 0x0, 0x0, 0x0, 0x0,
    0x0, 0xff, 0xff, 0xf4, 0xf, 0xff, 0xff, 0x10,
    0x0, 0x0, 0x0, 0x0, 0x0, 0x2, 0xff, 0xff,
    0xf7, 0xd, 0xff, 0xff, 0x60, 0x0, 0x0, 0x0,
    0x0, 0x0, 0x7, 0xff, 0xff, 0xf8, 0x9, 0xff,
    0xff, 0xd0, 0x0, 0x0, 0x0, 0x0, 0x0, 0x1e,
    0xff, 0xff, 0xf9, 0x3, 0xff, 0xff, 0xfa, 0x0,
    0x0, 0x0, 0x0, 0x0, 0xcf, 0xff, 0xff, 0xfa,
    0x0, 0xbf, 0xff, 0xff, 0xb1, 0x0, 0x0, 0x0,
    0x2d, 0xff, 0xff, 0xff, 0xfa, 0x0, 0x2f, 0xff,
    0xff, 0xff, 0xa6, 0x45, 0x7c, 0xff, 0xff, 0xff,
    0xff, 0xf9, 0x0, 0x4, 0xff, 0xff, 0xff, 0xff,
    0xff, 0xff, 0xff, 0xff, 0x8f, 0xff, 0xf9, 0x0,
    0x0, 0x4f, 0xff, 0xff, 0xff, 0xff, 0xff, 0xff,
    0xf4, 0x6f, 0xff, 0xf7, 0x0, 0x0, 0x1, 0xaf,
    0xff, 0xff, 0xff, 0xff, 0xfb, 0x20, 0x7f, 0xff,
    0xf6, 0x0, 0x0, 0x0, 0x2, 0x7b, 0xef, 0xfe,
    0xc8, 0x30, 0x0, 0x9f, 0xff, 0xf4, 0x0, 0x0,
    0x0, 0x0, 0x0, 0x0, 0x0, 0x0, 0x0, 0x0,
    0xdf, 0xff, 0xf1, 0x0, 0x0, 0x0, 0x0, 0x0,
    0x0, 0x0, 0x0, 0x0, 0x1, 0xff, 0xff, 0xd0,
    0x0, 0x0, 0x0, 0x0, 0x0, 0x0, 0x0, 0x0,
    0x0, 0x5, 0xff, 0xff, 0x90, 0xb, 0xdd, 0xdd,
    0x20, 0x0, 0x0, 0x0, 0x0, 0x0, 0xb, 0xff,
    0xff, 0x40, 0xa, 0xff, 0xff, 0x70, 0x0, 0x0,
    0x0, 0x0, 0x0, 0x4f, 0xff, 0xfe, 0x0, 0x6,
    0xff, 0xff, 0xe1, 0x0, 0x0, 0x0, 0x0, 0x1,
    0xef, 0xff, 0xf7, 0x0, 0x0, 0xef, 0xff, 0xfb,
    0x0, 0x0, 0x0, 0x0, 0x1d, 0xff, 0xff, 0xe0,
    0x0, 0x0, 0x7f, 0xff, 0xff, 0xd5, 0x0, 0x0,
    0x17, 0xef, 0xff, 0xff, 0x50, 0x0, 0x0, 0xa,
    0xff, 0xff, 0xff, 0xfd, 0xde, 0xff, 0xff, 0xff,
    0xf8, 0x0, 0x0, 0x0, 0x0, 0xbf, 0xff, 0xff,
    0xff, 0xff, 0xff, 0xff, 0xff, 0x90, 0x0, 0x0,
    0x0, 0x0, 0x7, 0xff, 0xff, 0xff, 0xff, 0xff,
    0xff, 0xf6, 0x0, 0x0, 0x0, 0x0, 0x0, 0x0,
    0x29, 0xef, 0xff, 0xff, 0xff, 0xe8, 0x10, 0x0,
    0x0, 0x0, 0x0, 0x0, 0x0, 0x0, 0x3, 0x57,
    0x76, 0x52, 0x0, 0x0, 0x0, 0x0, 0x0,

    /* U+003A ":" */
    0x0, 0x46, 0x40, 0x0, 0xbf, 0xff, 0xb0, 0x7f,
    0xff, 0xff, 0x7b, 0xff, 0xff, 0xfb, 0xaf, 0xff,
    0xff, 0x93, 0xff, 0xff, 0xf3, 0x4, 0xcf, 0xc4,
    0x0, 0x0, 0x0, 0x0, 0x0, 0x0, 0x0, 0x0,
    0x0, 0x0, 0x0, 0x0, 0x0, 0x0, 0x0, 0x0,
    0x0, 0x0, 0x0, 0x0, 0x0, 0x0, 0x0, 0x0,
    0x0, 0x0, 0x0, 0x0, 0x0, 0x0, 0x0, 0x0,
    0x0, 0x0, 0x0, 0x0, 0x0, 0x0, 0x0, 0x4,
    0xce, 0xc3, 0x3, 0xff, 0xff, 0xf2, 0xaf, 0xff,
    0xff, 0x9b, 0xff, 0xff, 0xfb, 0x8f, 0xff, 0xff,
    0x70, 0xcf, 0xff, 0xb0, 0x0, 0x47, 0x40, 0x0,

    /* U+003B ";" */
    0x0, 0x4, 0x64, 0x0, 0x0, 0xaf, 0xff, 0xc0,
    0x5, 0xff, 0xff, 0xf8, 0x9, 0xff, 0xff, 0xfc,
    0x8, 0xff, 0xff, 0xfb, 0x2, 0xff, 0xff, 0xf4,
    0x0, 0x3c, 0xfd, 0x50, 0x0, 0x0, 0x0, 0x0,
    0x0, 0x0, 0x0, 0x0, 0x0, 0x0, 0x0, 0x0,
    0x0, 0x0, 0x0, 0x0, 0x0, 0x0, 0x0, 0x0,
    0x0, 0x0, 0x0, 0x0, 0x0, 0x0, 0x0, 0x0,
    0x0, 0x0, 0x0, 0x0, 0x0, 0x0, 0x0, 0x0,
    0x0, 0x0, 0x0, 0x0, 0x0, 0x0, 0x0, 0x0,
    0x0, 0x0, 0x0, 0x0, 0x0, 0xbd, 0xdd, 0xd1,
    0x0, 0xff, 0xff, 0xd0, 0x3, 0xff, 0xff, 0x90,
    0x5, 0xff, 0xff, 0x40, 0x8, 0xff, 0xff, 0x0,
    0xb, 0xff, 0xfa, 0x0, 0xd, 0xff, 0xf6, 0x0,
    0xf, 0xff, 0xf1, 0x0, 0x2f, 0xff, 0xc0, 0x0,
    0x5f, 0xff, 0x80, 0x0, 0x8f, 0xff, 0x30, 0x0,
    0xaf, 0xfe, 0x0, 0x0,

    /* U+003C "<" */
    0x0, 0x0, 0x0, 0x0, 0x0, 0x0, 0x0, 0x0,
    0x0, 0x0, 0x0, 0x0, 0x0, 0x0, 0x0, 0x0,
    0x0, 0x0, 0x0, 0x0, 0x0, 0x0, 0x17, 0xe1,
    0x0, 0x0, 0x0, 0x0, 0x0, 0x0, 0x0, 0x0,
    0x0, 0x18, 0xff, 0xf1, 0x0, 0x0, 0x0, 0x0,
    0x0, 0x0, 0x0, 0x0, 0x19, 0xff, 0xff, 0xf1,
    0x0, 0x0, 0x0, 0x0, 0x0, 0x0, 0x0, 0x29,
    0xff, 0xff, 0xff, 0xf1, 0x0, 0x0, 0x0, 0x0,
    0x0, 0x0, 0x2a, 0xff, 0xff, 0xff, 0xff, 0xf1,
    0x0, 0x0, 0x0, 0x0, 0x0, 0x3a, 0xff, 0xff,
    0xff, 0xff, 0xe8, 0x10, 0x0, 0x0, 0x0, 0x0,
    0x3b, 0xff, 0xff, 0xff, 0xff, 0xd7, 0x0, 0x0,
    0x0, 0x0, 0x0, 0x4c, 0xff, 0xff, 0xff, 0xff,
    0xc5, 0x0, 0x0, 0x0, 0x0, 0x0, 0x5c, 0xff,
    0xff, 0xff, 0xff, 0xb3, 0x0, 0x0, 0x0, 0x0,
    0x0, 0x5d, 0xff, 0xff, 0xff, 0xff, 0x92, 0x0,
    0x0, 0x0, 0x0, 0x0, 0x4d, 0xff, 0xff, 0xff,
    0xfe, 0x81, 0x0, 0x0, 0x0, 0x0, 0x0, 0x0,
    0x8f, 0xff, 0xff, 0xfd, 0x60, 0x0, 0x0, 0x0,
    0x0, 0x0, 0x0, 0x0, 0x8f, 0xff, 0xff, 0xc0,
    0x0, 0x0, 0x0, 0x0, 0x0, 0x0, 0x0, 0x0,
    0x8f, 0xff, 0xff, 0xfe, 0x81, 0x0, 0x0, 0x0,
    0x0, 0x0, 0x0, 0x0, 0x3b, 0xff, 0xff, 0xff,
    0xff, 0x92, 0x0, 0x0, 0x0, 0x0, 0x0, 0x0,
    0x0, 0x3b, 0xff, 0xff, 0xff, 0xff, 0xb4, 0x0,
    0x0, 0x0, 0x0, 0x0, 0x0, 0x0, 0x3a, 0xff,
    0xff, 0xff, 0xff, 0xc5, 0x0, 0x0, 0x0, 0x0,
    0x0, 0x0, 0x0, 0x2a, 0xff, 0xff, 0xff, 0xff,
    0xe7, 0x0, 0x0, 0x0, 0x0, 0x0, 0x0, 0x0,
    0x29, 0xff, 0xff, 0xff, 0xff, 0xf8, 0x10, 0x0,
    0x0, 0x0, 0x0, 0x0, 0x0, 0x19, 0xff, 0xff,
    0xff, 0xff, 0xfa, 0x30, 0x0, 0x0, 0x0, 0x0,
    0x0, 0x0, 0x18, 0xff, 0xff, 0xff, 0xff, 0xf1,
    0x0, 0x0, 0x0, 0x0, 0x0, 0x0, 0x0, 0x17,
    0xef, 0xff, 0xff, 0xf1, 0x0, 0x0, 0x0, 0x0,
    0x0, 0x0, 0x0, 0x0, 0x7, 0xef, 0xff, 0xf1,
    0x0, 0x0, 0x0, 0x0, 0x0, 0x0, 0x0, 0x0,
    0x0, 0x6, 0xdf, 0xf1, 0x0, 0x0, 0x0, 0x0,
    0x0, 0x0, 0x0, 0x0, 0x0, 0x0, 0x6, 0xd1,
    0x0, 0x0, 0x0, 0x0, 0x0, 0x0, 0x0, 0x0,
    0x0, 0x0, 0x0, 0x0,

    /* U+003D "=" */
    0x35, 0x55, 0x55, 0x55, 0x55, 0x55, 0x55, 0x55,
    0x55, 0x55, 0x55, 0x9, 0xff, 0xff, 0xff, 0xff,
    0xff, 0xff, 0xff, 0xff, 0xff, 0xff, 0xf2, 0x9f,
    0xff, 0xff, 0xff, 0xff, 0xff, 0xff, 0xff, 0xff,
    0xff, 0xff, 0x29, 0xff, 0xff, 0xff, 0xff, 0xff,
    0xff, 0xff, 0xff, 0xff, 0xff, 0xf2, 0x9f, 0xff,
    0xff, 0xff, 0xff, 0xff, 0xff, 0xff, 0xff, 0xff,
    0xff, 0x20, 0x0, 0x0, 0x0, 0x0, 0x0, 0x0,
    0x0, 0x0, 0x0, 0x0, 0x0, 0x0, 0x0, 0x0,
    0x0, 0x0, 0x0, 0x0, 0x0, 0x0, 0x0, 0x0,
    0x0, 0x0, 0x0, 0x0, 0x0, 0x0, 0x0, 0x0,
    0x0, 0x0, 0x0, 0x0, 0x0, 0x0, 0x0, 0x0,
    0x0, 0x0, 0x0, 0x0, 0x0, 0x0, 0x0, 0x0,
    0x0, 0x0, 0x0, 0x0, 0x0, 0x0, 0x0, 0x0,
    0x0, 0x0, 0x0, 0x36, 0x66, 0x66, 0x66, 0x66,
    0x66, 0x66, 0x66, 0x66, 0x66, 0x66, 0x9, 0xff,
    0xff, 0xff, 0xff, 0xff, 0xff, 0xff, 0xff, 0xff,
    0xff, 0xf2, 0x9f, 0xff, 0xff, 0xff, 0xff, 0xff,
    0xff, 0xff, 0xff, 0xff, 0xff, 0x29, 0xff, 0xff,
    0xff, 0xff, 0xff, 0xff, 0xff, 0xff, 0xff, 0xff,
    0xf2, 0x9f, 0xff, 0xff, 0xff, 0xff, 0xff, 0xff,
    0xff, 0xff, 0xff, 0xff, 0x20,

    /* U+003E ">" */
    0x10, 0x0, 0x0, 0x0, 0x0, 0x0, 0x0, 0x0,
    0x0, 0x0, 0x0, 0x0, 0x8c, 0x40, 0x0, 0x0,
    0x0, 0x0, 0x0, 0x0, 0x0, 0x0, 0x0, 0x0,
    0x8f, 0xfd, 0x50, 0x0, 0x0, 0x0, 0x0, 0x0,
    0x0, 0x0, 0x0, 0x0, 0x8f, 0xff, 0xfd, 0x50,
    0x0, 0x0, 0x0, 0x0, 0x0, 0x0, 0x0, 0x0,
    0x8f, 0xff, 0xff, 0xfd, 0x60, 0x0, 0x0, 0x0,
    0x0, 0x0, 0x0, 0x0, 0x7f, 0xff, 0xff, 0xff,
    0xfe, 0x70, 0x0, 0x0, 0x0, 0x0, 0x0, 0x0,
    0x4, 0xbf, 0xff, 0xff, 0xff, 0xfe, 0x70, 0x0,
    0x0, 0x0, 0x0, 0x0, 0x0, 0x2, 0x9f, 0xff,
    0xff, 0xff, 0xff, 0x81, 0x0, 0x0, 0x0, 0x0,
    0x0, 0x0, 0x1, 0x8e, 0xff, 0xff, 0xff, 0xff,
    0x81, 0x0, 0x0, 0x0, 0x0, 0x0, 0x0, 0x0,
    0x6d, 0xff, 0xff, 0xff, 0xff, 0x92, 0x0, 0x0,
    0x0, 0x0, 0x0, 0x0, 0x0, 0x5c, 0xff, 0xff,
    0xff, 0xff, 0xa2, 0x0, 0x0, 0x0, 0x0, 0x0,
    0x0, 0x0, 0x3a, 0xff, 0xff, 0xff, 0xff, 0xa0,
    0x0, 0x0, 0x0, 0x0, 0x0, 0x0, 0x0, 0x29,
    0xff, 0xff, 0xff, 0xf1, 0x0, 0x0, 0x0, 0x0,
    0x0, 0x0, 0x0, 0x0, 0x3f, 0xff, 0xff, 0xf1,
    0x0, 0x0, 0x0, 0x0, 0x0, 0x0, 0x0, 0x3b,
    0xff, 0xff, 0xff, 0xf1, 0x0, 0x0, 0x0, 0x0,
    0x0, 0x0, 0x5c, 0xff, 0xff, 0xff, 0xff, 0x80,
    0x0, 0x0, 0x0, 0x0, 0x0, 0x6d, 0xff, 0xff,
    0xff, 0xfe, 0x81, 0x0, 0x0, 0x0, 0x0, 0x1,
    0x8e, 0xff, 0xff, 0xff, 0xfe, 0x70, 0x0, 0x0,
    0x0, 0x0, 0x2, 0xaf, 0xff, 0xff, 0xff, 0xfe,
    0x60, 0x0, 0x0, 0x0, 0x0, 0x4, 0xbf, 0xff,
    0xff, 0xff, 0xfd, 0x60, 0x0, 0x0, 0x0, 0x0,
    0x5, 0xdf, 0xff, 0xff, 0xff, 0xfd, 0x50, 0x0,
    0x0, 0x0, 0x0, 0x0, 0x7f, 0xff, 0xff, 0xff,
    0xfc, 0x50, 0x0, 0x0, 0x0, 0x0, 0x0, 0x0,
    0x8f, 0xff, 0xff, 0xfc, 0x40, 0x0, 0x0, 0x0,
    0x0, 0x0, 0x0, 0x0, 0x8f, 0xff, 0xfb, 0x40,
    0x0, 0x0, 0x0, 0x0, 0x0, 0x0, 0x0, 0x0,
    0x8f, 0xfb, 0x30, 0x0, 0x0, 0x0, 0x0, 0x0,
    0x0, 0x0, 0x0, 0x0, 0x7a, 0x20, 0x0, 0x0,
    0x0, 0x0, 0x0, 0x0, 0x0, 0x0, 0x0, 0x0,
    0x0, 0x0, 0x0, 0x0, 0x0, 0x0, 0x0, 0x0,
    0x0, 0x0, 0x0, 0x0,

    /* U+003F "?" */
    0x0, 0x0, 0x0, 0x5, 0x9c, 0xef, 0xfe, 0xc9,
    0x40, 0x0, 0x0, 0x0, 0x0, 0x0, 0x6e, 0xff,
    0xff, 0xff, 0xff, 0xff, 0xd5, 0x0, 0x0, 0x0,
    0x1, 0xcf, 0xff, 0xff, 0xff, 0xff, 0xff, 0xff,
    0xfb, 0x0, 0x0, 0x1, 0xdf, 0xff, 0xff, 0xff,
    0xff, 0xff, 0xff, 0xff, 0xfc, 0x0, 0x0, 0xbf,
    0xff, 0xff, 0xfa, 0x64, 0x56, 0xaf, 0xff, 0xff,
    0xf8, 0x0, 0x4f, 0xff, 0xff, 0xb1, 0x0, 0x0,
    0x0, 0x2c, 0xff, 0xff, 0xf1, 0xc, 0xff, 0xff,
    0xb0, 0x0, 0x0, 0x0, 0x0, 0xe, 0xff, 0xff,
    0x71, 0xff, 0xff, 0xf2, 0x0, 0x0, 0x0, 0x0,
    0x0, 0x7f, 0xff, 0xfa, 0x4f, 0xff, 0xfc, 0x0,
    0x0, 0x0, 0x0, 0x0, 0x3, 0xff, 0xff, 0xc7,
    0xff, 0xff, 0x90, 0x0, 0x0, 0x0, 0x0, 0x0,
    0x3f, 0xff, 0xfb, 0x49, 0x99, 0x95, 0x0, 0x0,
    0x0, 0x0, 0x0, 0x6, 0xff, 0xff, 0x90, 0x0,
    0x0, 0x0, 0x0, 0x0, 0x0, 0x0, 0x0, 0xdf,
    0xff, 0xf5, 0x0, 0x0, 0x0, 0x0, 0x0, 0x0,
    0x0, 0x0, 0x6f, 0xff, 0xfe, 0x0, 0x0, 0x0,
    0x0, 0x0, 0x0, 0x0, 0x0, 0x6f, 0xff, 0xff,
    0x60, 0x0, 0x0, 0x0, 0x0, 0x0, 0x0, 0x1,
    0xaf, 0xff, 0xff, 0xa0, 0x0, 0x0, 0x0, 0x0,
    0x0, 0x0, 0x4, 0xef, 0xff, 0xff, 0xb0, 0x0,
    0x0, 0x0, 0x0, 0x0, 0x0, 0x9, 0xff, 0xff,
    0xff, 0x80, 0x0, 0x0, 0x0, 0x0, 0x0, 0x0,
    0xa, 0xff, 0xff, 0xfd, 0x30, 0x0, 0x0, 0x0,
    0x0, 0x0, 0x0, 0x5, 0xff, 0xff, 0xfa, 0x0,
    0x0, 0x0, 0x0, 0x0, 0x0, 0x0, 0x0, 0xcf,
    0xff, 0xfa, 0x0, 0x0, 0x0, 0x0, 0x0, 0x0,
    0x0, 0x0, 0xf, 0xff, 0xff, 0x10, 0x0, 0x0,
    0x0, 0x0, 0x0, 0x0, 0x0, 0x1, 0xff, 0xff,
    0xb0, 0x0, 0x0, 0x0, 0x0, 0x0, 0x0, 0x0,
    0x0, 0x2f, 0xff, 0xfa, 0x0, 0x0, 0x0, 0x0,
    0x0, 0x0, 0x0, 0x0, 0x2, 0xff, 0xff, 0xa0,
    0x0, 0x0, 0x0, 0x0, 0x0, 0x0, 0x0, 0x0,
    0x1a, 0xaa, 0xa6, 0x0, 0x0, 0x0, 0x0, 0x0,
    0x0, 0x0, 0x0, 0x0, 0x0, 0x0, 0x0, 0x0,
    0x0, 0x0, 0x0, 0x0, 0x0, 0x0, 0x0, 0x0,
    0x0, 0x0, 0x0, 0x0, 0x0, 0x0, 0x0, 0x0,
    0x0, 0x0, 0x0, 0x0, 0x0, 0x0, 0x0, 0x0,
    0x0, 0x0, 0x0, 0x0, 0x0, 0x0, 0x6, 0xde,
    0xb2, 0x0, 0x0, 0x0, 0x0, 0x0, 0x0, 0x0,
    0x0, 0x6, 0xff, 0xff, 0xe1, 0x0, 0x0, 0x0,
    0x0, 0x0, 0x0, 0x0, 0x0, 0xdf, 0xff, 0xff,
    0x60, 0x0, 0x0, 0x0, 0x0, 0x0, 0x0, 0x0,
    0xf, 0xff, 0xff, 0xf7, 0x0, 0x0, 0x0, 0x0,
    0x0, 0x0, 0x0, 0x0, 0xbf, 0xff, 0xff, 0x40,
    0x0, 0x0, 0x0, 0x0, 0x0, 0x0, 0x0, 0x2,
    0xef, 0xff, 0x80, 0x0, 0x0, 0x0, 0x0, 0x0,
    0x0, 0x0, 0x0, 0x0, 0x57, 0x30, 0x0, 0x0,
    0x0, 0x0, 0x0,

    /* U+0040 "@" */
    0x0, 0x0, 0x0, 0x0, 0x0, 0x0, 0x0, 0x0,
    0x0, 0x0, 0x11, 0x22, 0x21, 0x0, 0x0, 0x0,
    0x0, 0x0, 0x0, 0x0, 0x0, 0x0, 0x0, 0x0,
    0x0, 0x0, 0x0, 0x0, 0x0, 0x0, 0x16, 0x9c,
    0xff, 0xff, 0xff, 0xff, 0xd9, 0x61, 0x0, 0x0,
    0x0, 0x0, 0x0, 0x0, 0x0, 0x0, 0x0, 0x0,
    0x0, 0x0, 0x0, 0x5, 0xcf, 0xff, 0xff, 0xff,
    0xff, 0xff, 0xff, 0xff, 0xfc, 0x50, 0x0, 0x0,
    0x0, 0x0, 0x0, 0x0, 0x0, 0x0, 0x0, 0x0,
    0x0, 0x6e, 0xff, 0xff, 0xff, 0xff, 0xff, 0xff,
    0xff, 0xff, 0xff, 0xff, 0xe5, 0x0, 0x0, 0x0,
    0x0, 0x0, 0x0, 0x0, 0x0, 0x0, 0x3, 0xdf,
    0xff, 0xff, 0xff, 0xff, 0xff, 0xff, 0xff, 0xff,
    0xff, 0xff, 0xff, 0xfc, 0x20, 0x0, 0x0, 0x0,
    0x0, 0x0, 0x0, 0x0, 0x6, 0xff, 0xff, 0xff,
    0xff, 0xb7, 0x42, 0x10, 0x1, 0x24, 0x7b, 0xff,
    0xff, 0xff, 0xff, 0x40, 0x0, 0x0, 0x0, 0x0,
    0x0, 0x0, 0x8, 0xff, 0xff, 0xff, 0xc5, 0x0,
    0x0, 0x0, 0x0, 0x0, 0x0, 0x0, 0x5c, 0xff,
    0xff, 0xff, 0x60, 0x0, 0x0, 0x0, 0x0, 0x0,
    0x8, 0xff, 0xff, 0xfe, 0x40, 0x0, 0x0, 0x0,
    0x0, 0x0, 0x0, 0x0, 0x0, 0x5, 0xef, 0xff,
    0xff, 0x50, 0x0, 0x0, 0x0, 0x0, 0x7, 0xff,
    0xff, 0xfa, 0x0, 0x0, 0x0, 0x0, 0x0, 0x0,
    0x0, 0x0, 0x0, 0x0, 0x1, 0xcf, 0xff, 0xff,
    0x20, 0x0, 0x0, 0x0, 0x3, 0xff, 0xff, 0xf8,
    0x0, 0x0, 0x0, 0x0, 0x0, 0x0, 0x0, 0x0,
    0x0, 0x0, 0x0, 0x0, 0xaf, 0xff, 0xfd, 0x0,
    0x0, 0x0, 0x0, 0xdf, 0xff, 0xf9, 0x0, 0x0,
    0x0, 0x0, 0x0, 0x0, 0x0, 0x0, 0x0, 0x0,
    0x0, 0x0, 0x0, 0xcf, 0xff, 0xf7, 0x0, 0x0,
    0x0, 0x7f, 0xff, 0xfc, 0x0, 0x0, 0x0, 0x0,
    0x6, 0xbe, 0xff, 0xeb, 0x40, 0x6, 0x88, 0x83,
    0x0, 0x1, 0xef, 0xff, 0xf1, 0x0, 0x0, 0xe,
    0xff, 0xff, 0x20, 0x0, 0x0, 0x0, 0x5e, 0xff,
    0xff, 0xff, 0xff, 0xb1, 0xcf, 0xff, 0x60, 0x0,
    0x6, 0xff, 0xff, 0x80, 0x0, 0x6, 0xff, 0xff,
    0x80, 0x0, 0x0, 0x0, 0x9f, 0xff, 0xff, 0xff,
    0xff, 0xff, 0xdd, 0xff, 0xf6, 0x0, 0x0, 0xd,
    0xff, 0xfe, 0x0, 0x0, 0xcf, 0xff, 0xf1, 0x0,
    0x0, 0x0, 0x8f, 0xff, 0xff, 0xff, 0xff, 0xff,
    0xff, 0xff, 0xff, 0x60, 0x0, 0x0, 0x6f, 0xff,
    0xf4, 0x0, 0x1f, 0xff, 0xfa, 0x0, 0x0, 0x0,
    0x4f, 0xff, 0xff, 0xa4, 0x10, 0x15, 0xdf, 0xff,
    0xff, 0xf6, 0x0, 0x0, 0x1, 0xff, 0xff, 0x90,
    0x6, 0xff, 0xff, 0x50, 0x0, 0x0, 0xe, 0xff,
    0xff, 0x50, 0x0, 0x0, 0x0, 0xaf, 0xff, 0xff,
    0x60, 0x0, 0x0, 0xc, 0xff, 0xfd, 0x0, 0x9f,
    0xff, 0xf1, 0x0, 0x0, 0x5, 0xff, 0xff, 0x70,
    0x0, 0x0, 0x0, 0x0, 0xdf, 0xff, 0xf6, 0x0,
    0x0, 0x0, 0x8f, 0xff, 0xf0, 0xc, 0xff, 0xfe,
    0x0, 0x0, 0x0, 0xbf, 0xff, 0xe0, 0x0, 0x0,
    0x0, 0x0, 0x6, 0xff, 0xff, 0x60, 0x0, 0x0,
    0x6, 0xff, 0xff, 0x20, 0xef, 0xff, 0xb0, 0x0,
    0x0, 0xf, 0xff, 0xf9, 0x0, 0x0, 0x0, 0x0,
    0x0, 0x1f, 0xff, 0xf6, 0x0, 0x0, 0x0, 0x4f,
    0xff, 0xf4, 0xf, 0xff, 0xfa, 0x0, 0x0, 0x1,
    0xff, 0xff, 0x60, 0x0, 0x0, 0x0, 0x0, 0x0,
    0xdf, 0xff, 0x60, 0x0, 0x0, 0x3, 0xff, 0xff,
    0x50, 0xff, 0xff, 0x90, 0x0, 0x0, 0x3f, 0xff,
    0xf4, 0x0, 0x0, 0x0, 0x0, 0x0, 0xc, 0xff,
    0xf6, 0x0, 0x0, 0x0, 0x2f, 0xff, 0xf5, 0x1f,
    0xff, 0xf8, 0x0, 0x0, 0x3, 0xff, 0xff, 0x40,
    0x0, 0x0, 0x0, 0x0, 0x0, 0xbf, 0xff, 0x60,
    0x0, 0x0, 0x2, 0xff, 0xff, 0x50, 0xff, 0xff,
    0x90, 0x0, 0x0, 0x3f, 0xff, 0xf4, 0x0, 0x0,
    0x0, 0x0, 0x0, 0xc, 0xff, 0xf6, 0x0, 0x0,
    0x0, 0x3f, 0xff, 0xf4, 0xf, 0xff, 0xfa, 0x0,
    0x0, 0x1, 0xff, 0xff, 0x60, 0x0, 0x0, 0x0,
    0x0, 0x0, 0xef, 0xff, 0x60, 0x0, 0x0, 0x5,
    0xff, 0xff, 0x30, 0xef, 0xff, 0xc0, 0x0, 0x0,
    0xe, 0xff, 0xf9, 0x0, 0x0, 0x0, 0x0, 0x0,
    0x1f, 0xff, 0xf6, 0x0, 0x0, 0x0, 0x7f, 0xff,
    0xf0, 0xc, 0xff, 0xfe, 0x0, 0x0, 0x0, 0xaf,
    0xff, 0xe0, 0x0, 0x0, 0x0, 0x0, 0x6, 0xff,
    0xff, 0x60, 0x0, 0x0, 0xc, 0xff, 0xfd, 0x0,
    0x9f, 0xff, 0xf1, 0x0, 0x0, 0x5, 0xff, 0xff,
    0x70, 0x0, 0x0, 0x0, 0x0, 0xdf, 0xff, 0xf7,
    0x0, 0x0, 0x3, 0xff, 0xff, 0x80, 0x5, 0xff,
    0xff, 0x60, 0x0, 0x0, 0xd, 0xff, 0xff, 0x50,
    0x0, 0x0, 0x0, 0xaf, 0xff, 0xff, 0xb0, 0x0,
    0x0, 0xcf, 0xff, 0xf2, 0x0, 0x1f, 0xff, 0xfb,
    0x0, 0x0, 0x0, 0x4f, 0xff, 0xff, 0xa4, 0x10,
    0x26, 0xdf, 0xff, 0xff, 0xff, 0x82, 0x14, 0xdf,
    0xff, 0xfa, 0x0, 0x0, 0xbf, 0xff, 0xf2, 0x0,
    0x0, 0x0, 0x9f, 0xff, 0xff, 0xff, 0xff, 0xff,
    0xff, 0x7f, 0xff, 0xff, 0xff, 0xff, 0xff, 0xff,
    0x10, 0x0, 0x5, 0xff, 0xff, 0x90, 0x0, 0x0,
    0x0, 0xaf, 0xff, 0xff, 0xff, 0xff, 0xff, 0xa0,
    0x9f, 0xff, 0xff, 0xff, 0xff, 0xff, 0x30, 0x0,
    0x0, 0xe, 0xff, 0xff, 0x30, 0x0, 0x0, 0x0,
    0x6f, 0xff, 0xff, 0xff, 0xff, 0x90, 0x0, 0xbf,
    0xff, 0xff, 0xff, 0xfc, 0x30, 0x0, 0x0, 0x0,
    0x5f, 0xff, 0xfd, 0x0, 0x0, 0x0, 0x0, 0x17,
    0xbe, 0xff, 0xda, 0x30, 0x0, 0x0, 0x5b, 0xef,
    0xfd, 0xa5, 0x0, 0x0, 0x0, 0x0, 0x0, 0xcf,
    0xff, 0xfb, 0x0, 0x0, 0x0, 0x0, 0x0, 0x0,
    0x0, 0x0, 0x0, 0x0, 0x0, 0x0, 0x0, 0x0,
    0x0, 0x0, 0x0, 0x0, 0x0, 0x2, 0xff, 0xff,
    0xfa, 0x0, 0x0, 0x0, 0x0, 0x0, 0x0, 0x0,
    0x0, 0x0, 0x0, 0x0, 0x0, 0x0, 0x0, 0x0,
    0x0, 0x0, 0x0, 0x0, 0x5, 0xff, 0xff, 0xfc,
    0x20, 0x0, 0x0, 0x0, 0x0, 0x0, 0x0, 0x0,
    0x0, 0x0, 0x0, 0x0, 0x0, 0x0, 0x0, 0x0,
    0x0, 0x0, 0x0, 0x6, 0xff, 0xff, 0xff, 0x70,
    0x0, 0x0, 0x0, 0x0, 0x0, 0x0, 0x0, 0x0,
    0x0, 0x0, 0x0, 0x0, 0x0, 0x0, 0x0, 0x0,
    0x0, 0x0, 0x6, 0xff, 0xff, 0xff, 0xe8, 0x20,
    0x0, 0x0, 0x0, 0x0, 0x0, 0x0, 0x38, 0xd2,
    0x0, 0x0, 0x0, 0x0, 0x0, 0x0, 0x0, 0x0,
    0x0, 0x4, 0xef, 0xff, 0xff, 0xff, 0xda, 0x75,
    0x43, 0x34, 0x46, 0x9b, 0xff, 0xff, 0x80, 0x0,
    0x0, 0x0, 0x0, 0x0, 0x0, 0x0, 0x0, 0x0,
    0x1, 0xaf, 0xff, 0xff, 0xff, 0xff, 0xff, 0xff,
    0xff, 0xff, 0xff, 0xff, 0xfe, 0x0, 0x0, 0x0,
    0x0, 0x0, 0x0, 0x0, 0x0, 0x0, 0x0, 0x0,
    0x3c, 0xff, 0xff, 0xff, 0xff, 0xff, 0xff, 0xff,
    0xff, 0xff, 0xff, 0xf4, 0x0, 0x0, 0x0, 0x0,
    0x0, 0x0, 0x0, 0x0, 0x0, 0x0, 0x0, 0x3,
    0x9e, 0xff, 0xff, 0xff, 0xff, 0xff, 0xff, 0xff,
    0xfd, 0x83, 0x0, 0x0, 0x0, 0x0, 0x0, 0x0,
    0x0, 0x0, 0x0, 0x0, 0x0, 0x0, 0x0, 0x3,
    0x69, 0xce, 0xff, 0xfe, 0xed, 0xa8, 0x51, 0x0,
    0x0, 0x0, 0x0, 0x0, 0x0, 0x0,

    /* U+0041 "A" */
    0x0, 0x0, 0x0, 0x0, 0x0, 0x0, 0x2f, 0xff,
    0xff, 0xf8, 0x0, 0x0, 0x0, 0x0, 0x0, 0x0,
    0x0, 0x0, 0x0, 0x0, 0x0, 0x0, 0x8f, 0xff,
    0xff, 0xfe, 0x0, 0x0, 0x0, 0x0, 0x0, 0x0,
    0x0, 0x0, 0x0, 0x0, 0x0, 0x0, 0xdf, 0xff,
    0xff, 0xff, 0x40, 0x0, 0x0, 0x0, 0x0, 0x0,
    0x0, 0x0, 0x0, 0x0, 0x0, 0x3, 0xff, 0xff,
    0xff, 0xff, 0xa0, 0x0, 0x0, 0x0, 0x0, 0x0,
    0x0, 0x0, 0x0, 0x0, 0x0, 0x9, 0xff, 0xff,
    0xff, 0xff, 0xf0, 0x0, 0x0, 0x0, 0x0, 0x0,
    0x0, 0x0, 0x0, 0x0, 0x0, 0xf, 0xff, 0xfe,
    0x7f, 0xff, 0xf6, 0x0, 0x0, 0x0, 0x0, 0x0,
    0x0, 0x0, 0x0, 0x0, 0x0, 0x5f, 0xff, 0xf9,
    0x2f, 0xff, 0xfb, 0x0, 0x0, 0x0, 0x0, 0x0,
    0x0, 0x0, 0x0, 0x0, 0x0, 0xbf, 0xff, 0xf4,
    0xd, 0xff, 0xff, 0x10, 0x0, 0x0, 0x0, 0x0,
    0x0, 0x0, 0x0, 0x0, 0x1, 0xff, 0xff, 0xe0,
    0x8, 0xff, 0xff, 0x70, 0x0, 0x0, 0x0, 0x0,
    0x0, 0x0, 0x0, 0x0, 0x7, 0xff, 0xff, 0x90,
    0x3, 0xff, 0xff, 0xd0, 0x0, 0x0, 0x0, 0x0,
    0x0, 0x0, 0x0, 0x0, 0xd, 0xff, 0xff, 0x40,
    0x0, 0xdf, 0xff, 0xf3, 0x0, 0x0, 0x0, 0x0,
    0x0, 0x0, 0x0, 0x0, 0x3f, 0xff, 0xfe, 0x0,
    0x0, 0x8f, 0xff, 0xf9, 0x0, 0x0, 0x0, 0x0,
    0x0, 0x0, 0x0, 0x0, 0x9f, 0xff, 0xf9, 0x0,
    0x0, 0x2f, 0xff, 0xfe, 0x0, 0x0, 0x0, 0x0,
    0x0, 0x0, 0x0, 0x0, 0xff, 0xff, 0xf4, 0x0,
    0x0, 0xd, 0xff, 0xff, 0x50, 0x0, 0x0, 0x0,
    0x0, 0x0, 0x0, 0x5, 0xff, 0xff, 0xe0, 0x0,
    0x0, 0x8, 0xff, 0xff, 0xb0, 0x0, 0x0, 0x0,
    0x0, 0x0, 0x0, 0xb, 0xff, 0xff, 0x80, 0x0,
    0x0, 0x2, 0xff, 0xff, 0xf1, 0x0, 0x0, 0x0,
    0x0, 0x0, 0x0, 0x1f, 0xff, 0xff, 0x20, 0x0,
    0x0, 0x0, 0xcf, 0xff, 0xf7, 0x0, 0x0, 0x0,
    0x0, 0x0, 0x0, 0x7f, 0xff, 0xfc, 0x0, 0x0,
    0x0, 0x0, 0x7f, 0xff, 0xfd, 0x0, 0x0, 0x0,
    0x0, 0x0, 0x0, 0xdf, 0xff, 0xf7, 0x0, 0x0,
    0x0, 0x0, 0x1f, 0xff, 0xff, 0x20, 0x0, 0x0,
    0x0, 0x0, 0x3, 0xff, 0xff, 0xf1, 0x0, 0x0,
    0x0, 0x0, 0xb, 0xff, 0xff, 0x80, 0x0, 0x0,
    0x0, 0x0, 0x9, 0xff, 0xff, 0xd6, 0x66, 0x66,
    0x66, 0x66, 0x6a, 0xff, 0xff, 0xe0, 0x0, 0x0,
    0x0, 0x0, 0xe, 0xff, 0xff, 0xff, 0xff, 0xff,
    0xff, 0xff, 0xff, 0xff, 0xff, 0xf4, 0x0, 0x0,
    0x0, 0x0, 0x5f, 0xff, 0xff, 0xff, 0xff, 0xff,
    0xff, 0xff, 0xff, 0xff, 0xff, 0xfa, 0x0, 0x0,
    0x0, 0x0, 0xbf, 0xff, 0xff, 0xff, 0xff, 0xff,
    0xff, 0xff, 0xff, 0xff, 0xff, 0xff, 0x10, 0x0,
    0x0, 0x1, 0xff, 0xff, 0xff, 0xff, 0xff, 0xff,
    0xff, 0xff, 0xff, 0xff, 0xff, 0xff, 0x60, 0x0,
    0x0, 0x7, 0xff, 0xff, 0xe0, 0x0, 0x0, 0x0,
    0x0, 0x0, 0x0, 0xa, 0xff, 0xff, 0xc0, 0x0,
    0x0, 0xd, 0xff, 0xff, 0x80, 0x0, 0x0, 0x0,
    0x0, 0x0, 0x0, 0x4, 0xff, 0xff, 0xf2, 0x0,
    0x0, 0x3f, 0xff, 0xff, 0x30, 0x0, 0x0, 0x0,
    0x0, 0x0, 0x0, 0x0, 0xef, 0xff, 0xf8, 0x0,
    0x0, 0x9f, 0xff, 0xfd, 0x0, 0x0, 0x0, 0x0,
    0x0, 0x0, 0x0, 0x0, 0x9f, 0xff, 0xfe, 0x0,
    0x0, 0xef, 0xff, 0xf7, 0x0, 0x0, 0x0, 0x0,
    0x0, 0x0, 0x0, 0x0, 0x4f, 0xff, 0xff, 0x40,
    0x5, 0xff, 0xff, 0xf2, 0x0, 0x0, 0x0, 0x0,
    0x0, 0x0, 0x0, 0x0, 0xe, 0xff, 0xff, 0xa0,
    0xb, 0xff, 0xff, 0xc0, 0x0, 0x0, 0x0, 0x0,
    0x0, 0x0, 0x0, 0x0, 0x9, 0xff, 0xff, 0xf0,
    0x1f, 0xff, 0xff, 0x60, 0x0, 0x0, 0x0, 0x0,
    0x0, 0x0, 0x0, 0x0, 0x3, 0xff, 0xff, 0xf5,
    0x7f, 0xff, 0xff, 0x10, 0x0, 0x0, 0x0, 0x0,
    0x0, 0x0, 0x0, 0x0, 0x0, 0xef, 0xff, 0xfb,

    /* U+0042 "B" */
    0xdf, 0xff, 0xff, 0xff, 0xff, 0xff, 0xff, 0xed,
    0xb8, 0x30, 0x0, 0x0, 0x0, 0xd, 0xff, 0xff,
    0xff, 0xff, 0xff, 0xff, 0xff, 0xff, 0xff, 0xd5,
    0x0, 0x0, 0x0, 0xdf, 0xff, 0xff, 0xff, 0xff,
    0xff, 0xff, 0xff, 0xff, 0xff, 0xfb, 0x0, 0x0,
    0xd, 0xff, 0xff, 0xff, 0xff, 0xff, 0xff, 0xff,
    0xff, 0xff, 0xff, 0xfc, 0x0, 0x0, 0xdf, 0xff,
    0xf8, 0x55, 0x55, 0x55, 0x55, 0x69, 0xef, 0xff,
    0xff, 0xf8, 0x0, 0xd, 0xff, 0xff, 0x50, 0x0,
    0x0, 0x0, 0x0, 0x0, 0x7f, 0xff, 0xff, 0xf1,
    0x0, 0xdf, 0xff, 0xf5, 0x0, 0x0, 0x0, 0x0,
    0x0, 0x0, 0x5f, 0xff, 0xff, 0x60, 0xd, 0xff,
    0xff, 0x50, 0x0, 0x0, 0x0, 0x0, 0x0, 0x0,
    0xdf, 0xff, 0xf8, 0x0, 0xdf, 0xff, 0xf5, 0x0,
    0x0, 0x0, 0x0, 0x0, 0x0, 0x9, 0xff, 0xff,
    0xa0, 0xd, 0xff, 0xff, 0x50, 0x0, 0x0, 0x0,
    0x0, 0x0, 0x0, 0x8f, 0xff, 0xf9, 0x0, 0xdf,
    0xff, 0xf5, 0x0, 0x0, 0x0, 0x0, 0x0, 0x0,
    0xb, 0xff, 0xff, 0x60, 0xd, 0xff, 0xff, 0x50,
    0x0, 0x0, 0x0, 0x0, 0x0, 0x2, 0xff, 0xff,
    0xf1, 0x0, 0xdf, 0xff, 0xf5, 0x0, 0x0, 0x0,
    0x0, 0x0, 0x2, 0xdf, 0xff, 0xf9, 0x0, 0xd,
    0xff, 0xff, 0x50, 0x0, 0x0, 0x0, 0x1, 0x49,
    0xff, 0xff, 0xfb, 0x0, 0x0, 0xdf, 0xff, 0xff,
    0xff, 0xff, 0xff, 0xff, 0xff, 0xff, 0xff, 0xf8,
    0x0, 0x0, 0xd, 0xff, 0xff, 0xff, 0xff, 0xff,
    0xff, 0xff, 0xff, 0xff, 0x81, 0x0, 0x0, 0x0,
    0xdf, 0xff, 0xff, 0xff, 0xff, 0xff, 0xff, 0xff,
    0xff, 0xff, 0xc6, 0x0, 0x0, 0xd, 0xff, 0xff,
    0xff, 0xff, 0xff, 0xff, 0xff, 0xff, 0xff, 0xff,
    0xfd, 0x20, 0x0, 0xdf, 0xff, 0xf7, 0x33, 0x33,
    0x33, 0x33, 0x46, 0xaf, 0xff, 0xff, 0xfe, 0x20,
    0xd, 0xff, 0xff, 0x50, 0x0, 0x0, 0x0, 0x0,
    0x0, 0x9, 0xff, 0xff, 0xfd, 0x0, 0xdf, 0xff,
    0xf5, 0x0, 0x0, 0x0, 0x0, 0x0, 0x0, 0x8,
    0xff, 0xff, 0xf6, 0xd, 0xff, 0xff, 0x50, 0x0,
    0x0, 0x0, 0x0, 0x0, 0x0, 0xd, 0xff, 0xff,
    0xb0, 0xdf, 0xff, 0xf5, 0x0, 0x0, 0x0, 0x0,
    0x0, 0x0, 0x0, 0x7f, 0xff, 0xfe, 0xd, 0xff,
    0xff, 0x50, 0x0, 0x0, 0x0, 0x0, 0x0, 0x0,
    0x4, 0xff, 0xff, 0xf0, 0xdf, 0xff, 0xf5, 0x0,
    0x0, 0x0, 0x0, 0x0, 0x0, 0x0, 0x4f, 0xff,
    0xff, 0xd, 0xff, 0xff, 0x50, 0x0, 0x0, 0x0,
    0x0, 0x0, 0x0, 0x6, 0xff, 0xff, 0xe0, 0xdf,
    0xff, 0xf5, 0x0, 0x0, 0x0, 0x0, 0x0, 0x0,
    0x0, 0xcf, 0xff, 0xfc, 0xd, 0xff, 0xff, 0x50,
    0x0, 0x0, 0x0, 0x0, 0x0, 0x0, 0x6f, 0xff,
    0xff, 0x70, 0xdf, 0xff, 0xf5, 0x0, 0x0, 0x0,
    0x0, 0x0, 0x1, 0x9f, 0xff, 0xff, 0xf1, 0xd,
    0xff, 0xff, 0x85, 0x55, 0x55, 0x55, 0x56, 0x8b,
    0xff, 0xff, 0xff, 0xf7, 0x0, 0xdf, 0xff, 0xff,
    0xff, 0xff, 0xff, 0xff, 0xff, 0xff, 0xff, 0xff,
    0xfa, 0x0, 0xd, 0xff, 0xff, 0xff, 0xff, 0xff,
    0xff, 0xff, 0xff, 0xff, 0xff, 0xf9, 0x0, 0x0,
    0xdf, 0xff, 0xff, 0xff, 0xff, 0xff, 0xff, 0xff,
    0xff, 0xff, 0xc4, 0x0, 0x0, 0xd, 0xff, 0xff,
    0xff, 0xff, 0xff, 0xff, 0xff, 0xed, 0xa7, 0x20,
    0x0, 0x0, 0x0,

    /* U+0043 "C" */
    0x0, 0x0, 0x0, 0x0, 0x0, 0x1, 0x69, 0xce,
    0xff, 0xed, 0xa7, 0x20, 0x0, 0x0, 0x0, 0x0,
    0x0, 0x0, 0x0, 0x0, 0x3, 0xbf, 0xff, 0xff,
    0xff, 0xff, 0xff, 0xfc, 0x50, 0x0, 0x0, 0x0,
    0x0, 0x0, 0x0, 0x1, 0xbf, 0xff, 0xff, 0xff,
    0xff, 0xff, 0xff, 0xff, 0xfc, 0x20, 0x0, 0x0,
    0x0, 0x0, 0x0, 0x3e, 0xff, 0xff, 0xff, 0xff,
    0xff, 0xff, 0xff, 0xff, 0xff, 0xf5, 0x0, 0x0,
    0x0, 0x0, 0x4, 0xff, 0xff, 0xff, 0xff, 0xfd,
    0xcb, 0xce, 0xff, 0xff, 0xff, 0xff, 0x50, 0x0,
    0x0, 0x0, 0x3f, 0xff, 0xff, 0xff, 0xa4, 0x0,
    0x0, 0x0, 0x28, 0xff, 0xff, 0xff, 0xf3, 0x0,
    0x0, 0x0, 0xef, 0xff, 0xff, 0xd3, 0x0, 0x0,
    0x0, 0x0, 0x0, 0x1b, 0xff, 0xff, 0xfd, 0x0,
    0x0, 0x9, 0xff, 0xff, 0xfb, 0x0, 0x0, 0x0,
    0x0, 0x0, 0x0, 0x0, 0x9f, 0xff, 0xff, 0x70,
    0x0, 0x2f, 0xff, 0xff, 0xd0, 0x0, 0x0, 0x0,
    0x0, 0x0, 0x0, 0x0, 0xc, 0xff, 0xff, 0xe0,
    0x0, 0x9f, 0xff, 0xff, 0x20, 0x0, 0x0, 0x0,
    0x0, 0x0, 0x0, 0x0, 0x3, 0xff, 0xff, 0xf5,
    0x0, 0xff, 0xff, 0xf9, 0x0, 0x0, 0x0, 0x0,
    0x0, 0x0, 0x0, 0x0, 0x0, 0xcf, 0xff, 0xfa,
    0x4, 0xff, 0xff, 0xf2, 0x0, 0x0, 0x0, 0x0,
    0x0, 0x0, 0x0, 0x0, 0x0, 0x5b, 0xbb, 0xb9,
    0x9, 0xff, 0xff, 0xc0, 0x0, 0x0, 0x0, 0x0,
    0x0, 0x0, 0x0, 0x0, 0x0, 0x0, 0x0, 0x0,
    0xc, 0xff, 0xff, 0x80, 0x0, 0x0, 0x0, 0x0,
    0x0, 0x0, 0x0, 0x0, 0x0, 0x0, 0x0, 0x0,
    0xe, 0xff, 0xff, 0x50, 0x0, 0x0, 0x0, 0x0,
    0x0, 0x0, 0x0, 0x0, 0x0, 0x0, 0x0, 0x0,
    0xf, 0xff, 0xff, 0x30, 0x0, 0x0, 0x0, 0x0,
    0x0, 0x0, 0x0, 0x0, 0x0, 0x0, 0x0, 0x0,
    0xf, 0xff, 0xff, 0x20, 0x0, 0x0, 0x0, 0x0,
    0x0, 0x0, 0x0, 0x0, 0x0, 0x0, 0x0, 0x0,
    0x1f, 0xff, 0xff, 0x20, 0x0, 0x0, 0x0, 0x0,
    0x0, 0x0, 0x0, 0x0, 0x0, 0x0, 0x0, 0x0,
    0xf, 0xff, 0xff, 0x20, 0x0, 0x0, 0x0, 0x0,
    0x0, 0x0, 0x0, 0x0, 0x0, 0x0, 0x0, 0x0,
    0xf, 0xff, 0xff, 0x40, 0x0, 0x0, 0x0, 0x0,
    0x0, 0x0, 0x0, 0x0, 0x0, 0x0, 0x0, 0x0,
    0xd, 0xff, 0xff, 0x60, 0x0, 0x0, 0x0, 0x0,
    0x0, 0x0, 0x0, 0x0, 0x0, 0x0, 0x0, 0x0,
    0xa, 0xff, 0xff, 0xa0, 0x0, 0x0, 0x0, 0x0,
    0x0, 0x0, 0x0, 0x0, 0x0, 0x0, 0x0, 0x0,
    0x7, 0xff, 0xff, 0xe0, 0x0, 0x0, 0x0, 0x0,
    0x0, 0x0, 0x0, 0x0, 0x0, 0x13, 0x33, 0x32,
    0x2, 0xff, 0xff, 0xf5, 0x0, 0x0, 0x0, 0x0,
    0x0, 0x0, 0x0, 0x0, 0x0, 0x9f, 0xff, 0xfb,
    0x0, 0xdf, 0xff, 0xfd, 0x0, 0x0, 0x0, 0x0,
    0x0, 0x0, 0x0, 0x0, 0x0, 0xef, 0xff, 0xf8,
    0x0, 0x6f, 0xff, 0xff, 0x70, 0x0, 0x0, 0x0,
    0x0, 0x0, 0x0, 0x0, 0x7, 0xff, 0xff, 0xf2,
    0x0, 0xd, 0xff, 0xff, 0xf4, 0x0, 0x0, 0x0,
    0x0, 0x0, 0x0, 0x0, 0x3f, 0xff, 0xff, 0xc0,
    0x0, 0x4, 0xff, 0xff, 0xff, 0x50, 0x0, 0x0,
    0x0, 0x0, 0x0, 0x3, 0xef, 0xff, 0xff, 0x30,
    0x0, 0x0, 0x9f, 0xff, 0xff, 0xfa, 0x20, 0x0,
    0x0, 0x0, 0x1, 0x8f, 0xff, 0xff, 0xf9, 0x0,
    0x0, 0x0, 0xb, 0xff, 0xff, 0xff, 0xfc, 0x85,
    0x33, 0x46, 0xaf, 0xff, 0xff, 0xff, 0xc0, 0x0,
    0x0, 0x0, 0x0, 0xbf, 0xff, 0xff, 0xff, 0xff,
    0xff, 0xff, 0xff, 0xff, 0xff, 0xfc, 0x10, 0x0,
    0x0, 0x0, 0x0, 0x8, 0xff, 0xff, 0xff, 0xff,
    0xff, 0xff, 0xff, 0xff, 0xff, 0xa0, 0x0, 0x0,
    0x0, 0x0, 0x0, 0x0, 0x3b, 0xff, 0xff, 0xff,
    0xff, 0xff, 0xff, 0xff, 0xd4, 0x0, 0x0, 0x0,
    0x0, 0x0, 0x0, 0x0, 0x0, 0x39, 0xef, 0xff,
    0xff, 0xff, 0xff, 0xa4, 0x0, 0x0, 0x0, 0x0,
    0x0, 0x0, 0x0, 0x0, 0x0, 0x0, 0x1, 0x46,
    0x77, 0x75, 0x30, 0x0, 0x0, 0x0, 0x0, 0x0,

    /* U+0044 "D" */
    0xdf, 0xff, 0xff, 0xff, 0xff, 0xff, 0xfe, 0xda,
    0x73, 0x0, 0x0, 0x0, 0x0, 0x0, 0xd, 0xff,
    0xff, 0xff, 0xff, 0xff, 0xff, 0xff, 0xff, 0xfe,
    0x71, 0x0, 0x0, 0x0, 0x0, 0xdf, 0xff, 0xff,
    0xff, 0xff, 0xff, 0xff, 0xff, 0xff, 0xff, 0xf6,
    0x0, 0x0, 0x0, 0xd, 0xff, 0xff, 0xff, 0xff,
    0xff, 0xff, 0xff, 0xff, 0xff, 0xff, 0xfb, 0x0,
    0x0, 0x0, 0xdf, 0xff, 0xfa, 0x77, 0x77, 0x77,
    0x89, 0xbf, 0xff, 0xff, 0xff, 0xfd, 0x10, 0x0,
    0xd, 0xff, 0xff, 0x60, 0x0, 0x0, 0x0, 0x0,
    0x4, 0xcf, 0xff, 0xff, 0xfc, 0x0, 0x0, 0xdf,
    0xff, 0xf6, 0x0, 0x0, 0x0, 0x0, 0x0, 0x0,
    0x4f, 0xff, 0xff, 0xf8, 0x0, 0xd, 0xff, 0xff,
    0x60, 0x0, 0x0, 0x0, 0x0, 0x0, 0x0, 0x2e,
    0xff, 0xff, 0xf2, 0x0, 0xdf, 0xff, 0xf6, 0x0,
    0x0, 0x0, 0x0, 0x0, 0x0, 0x0, 0x4f, 0xff,
    0xff, 0xa0, 0xd, 0xff, 0xff, 0x60, 0x0, 0x0,
    0x0, 0x0, 0x0, 0x0, 0x0, 0x9f, 0xff, 0xff,
    0x10, 0xdf, 0xff, 0xf6, 0x0, 0x0, 0x0, 0x0,
    0x0, 0x0, 0x0, 0x1, 0xff, 0xff, 0xf7, 0xd,
    0xff, 0xff, 0x60, 0x0, 0x0, 0x0, 0x0, 0x0,
    0x0, 0x0, 0xa, 0xff, 0xff, 0xb0, 0xdf, 0xff,
    0xf6, 0x0, 0x0, 0x0, 0x0, 0x0, 0x0, 0x0,
    0x0, 0x6f, 0xff, 0xff, 0xd, 0xff, 0xff, 0x60,
    0x0, 0x0, 0x0, 0x0, 0x0, 0x0, 0x0, 0x2,
    0xff, 0xff, 0xf1, 0xdf, 0xff, 0xf6, 0x0, 0x0,
    0x0, 0x0, 0x0, 0x0, 0x0, 0x0, 0xf, 0xff,
    0xff, 0x4d, 0xff, 0xff, 0x60, 0x0, 0x0, 0x0,
    0x0, 0x0, 0x0, 0x0, 0x0, 0xff, 0xff, 0xf5,
    0xdf, 0xff, 0xf6, 0x0, 0x0, 0x0, 0x0, 0x0,
    0x0, 0x0, 0x0, 0xe, 0xff, 0xff, 0x5d, 0xff,
    0xff, 0x60, 0x0, 0x0, 0x0, 0x0, 0x0, 0x0,
    0x0, 0x0, 0xef, 0xff, 0xf5, 0xdf, 0xff, 0xf6,
    0x0, 0x0, 0x0, 0x0, 0x0, 0x0, 0x0, 0x0,
    0xf, 0xff, 0xff, 0x4d, 0xff, 0xff, 0x60, 0x0,
    0x0, 0x0, 0x0, 0x0, 0x0, 0x0, 0x0, 0xff,
    0xff, 0xf3, 0xdf, 0xff, 0xf6, 0x0, 0x0, 0x0,
    0x0, 0x0, 0x0, 0x0, 0x0, 0x3f, 0xff, 0xff,
    0x1d, 0xff, 0xff, 0x60, 0x0, 0x0, 0x0, 0x0,
    0x0, 0x0, 0x0, 0x6, 0xff, 0xff, 0xf0, 0xdf,
    0xff, 0xf6, 0x0, 0x0, 0x0, 0x0, 0x0, 0x0,
    0x0, 0x0, 0xbf, 0xff, 0xfb, 0xd, 0xff, 0xff,
    0x60, 0x0, 0x0, 0x0, 0x0, 0x0, 0x0, 0x0,
    0x2f, 0xff, 0xff, 0x60, 0xdf, 0xff, 0xf6, 0x0,
    0x0, 0x0, 0x0, 0x0, 0x0, 0x0, 0x9, 0xff,
    0xff, 0xf1, 0xd, 0xff, 0xff, 0x60, 0x0, 0x0,
    0x0, 0x0, 0x0, 0x0, 0x4, 0xff, 0xff, 0xf9,
    0x0, 0xdf, 0xff, 0xf6, 0x0, 0x0, 0x0, 0x0,
    0x0, 0x0, 0x3, 0xef, 0xff, 0xff, 0x20, 0xd,
    0xff, 0xff, 0x60, 0x0, 0x0, 0x0, 0x0, 0x0,
    0x5, 0xff, 0xff, 0xff, 0x70, 0x0, 0xdf, 0xff,
    0xf6, 0x0, 0x0, 0x0, 0x0, 0x0, 0x5c, 0xff,
    0xff, 0xff, 0xb0, 0x0, 0xd, 0xff, 0xff, 0xa7,
    0x77, 0x77, 0x79, 0xac, 0xff, 0xff, 0xff, 0xff,
    0xc0, 0x0, 0x0, 0xdf, 0xff, 0xff, 0xff, 0xff,
    0xff, 0xff, 0xff, 0xff, 0xff, 0xff, 0xa0, 0x0,
    0x0, 0xd, 0xff, 0xff, 0xff, 0xff, 0xff, 0xff,
    0xff, 0xff, 0xff, 0xfe, 0x50, 0x0, 0x0, 0x0,
    0xdf, 0xff, 0xff, 0xff, 0xff, 0xff, 0xff, 0xff,
    0xff, 0xd6, 0x0, 0x0, 0x0, 0x0, 0xd, 0xff,
    0xff, 0xff, 0xff, 0xff, 0xff, 0xec, 0xa7, 0x20,
    0x0, 0x0, 0x0, 0x0, 0x0,

    /* U+0045 "E" */
    0xdf, 0xff, 0xff, 0xff, 0xff, 0xff, 0xff, 0xff,
    0xff, 0xff, 0xff, 0xfa, 0xdf, 0xff, 0xff, 0xff,
    0xff, 0xff, 0xff, 0xff, 0xff, 0xff, 0xff, 0xfa,
    0xdf, 0xff, 0xff, 0xff, 0xff, 0xff, 0xff, 0xff,
    0xff, 0xff, 0xff, 0xfa, 0xdf, 0xff, 0xff, 0xff,
    0xff, 0xff, 0xff, 0xff, 0xff, 0xff, 0xff, 0xfa,
    0xdf, 0xff, 0xfb, 0x88, 0x88, 0x88, 0x88, 0x88,
    0x88, 0x88, 0x88, 0x85, 0xdf, 0xff, 0xf6, 0x0,
    0x0, 0x0, 0x0, 0x0, 0x0, 0x0, 0x0, 0x0,
    0xdf, 0xff, 0xf6, 0x0, 0x0, 0x0, 0x0, 0x0,
    0x0, 0x0, 0x0, 0x0, 0xdf, 0xff, 0xf6, 0x0,
    0x0, 0x0, 0x0, 0x0, 0x0, 0x0, 0x0, 0x0,
    0xdf, 0xff, 0xf6, 0x0, 0x0, 0x0, 0x0, 0x0,
    0x0, 0x0, 0x0, 0x0, 0xdf, 0xff, 0xf6, 0x0,
    0x0, 0x0, 0x0, 0x0, 0x0, 0x0, 0x0, 0x0,
    0xdf, 0xff, 0xf6, 0x0, 0x0, 0x0, 0x0, 0x0,
    0x0, 0x0, 0x0, 0x0, 0xdf, 0xff, 0xf6, 0x0,
    0x0, 0x0, 0x0, 0x0, 0x0, 0x0, 0x0, 0x0,
    0xdf, 0xff, 0xf6, 0x0, 0x0, 0x0, 0x0, 0x0,
    0x0, 0x0, 0x0, 0x0, 0xdf, 0xff, 0xf6, 0x0,
    0x0, 0x0, 0x0, 0x0, 0x0, 0x0, 0x0, 0x0,
    0xdf, 0xff, 0xff, 0xff, 0xff, 0xff, 0xff, 0xff,
    0xff, 0xff, 0xff, 0x50, 0xdf, 0xff, 0xff, 0xff,
    0xff, 0xff, 0xff, 0xff, 0xff, 0xff, 0xff, 0x50,
    0xdf, 0xff, 0xff, 0xff, 0xff, 0xff, 0xff, 0xff,
    0xff, 0xff, 0xff, 0x50, 0xdf, 0xff, 0xff, 0xff,
    0xff, 0xff, 0xff, 0xff, 0xff, 0xff, 0xff, 0x50,
    0xdf, 0xff, 0xfa, 0x77, 0x77, 0x77, 0x77, 0x77,
    0x77, 0x77, 0x77, 0x20, 0xdf, 0xff, 0xf6, 0x0,
    0x0, 0x0, 0x0, 0x0, 0x0, 0x0, 0x0, 0x0,
    0xdf, 0xff, 0xf6, 0x0, 0x0, 0x0, 0x0, 0x0,
    0x0, 0x0, 0x0, 0x0, 0xdf, 0xff, 0xf6, 0x0,
    0x0, 0x0, 0x0, 0x0, 0x0, 0x0, 0x0, 0x0,
    0xdf, 0xff, 0xf6, 0x0, 0x0, 0x0, 0x0, 0x0,
    0x0, 0x0, 0x0, 0x0, 0xdf, 0xff, 0xf6, 0x0,
    0x0, 0x0, 0x0, 0x0, 0x0, 0x0, 0x0, 0x0,
    0xdf, 0xff, 0xf6, 0x0, 0x0, 0x0, 0x0, 0x0,
    0x0, 0x0, 0x0, 0x0, 0xdf, 0xff, 0xf6, 0x0,
    0x0, 0x0, 0x0, 0x0, 0x0, 0x0, 0x0, 0x0,
    0xdf, 0xff, 0xf6, 0x0, 0x0, 0x0, 0x0, 0x0,
    0x0, 0x0, 0x0, 0x0, 0xdf, 0xff, 0xf6, 0x0,
    0x0, 0x0, 0x0, 0x0, 0x0, 0x0, 0x0, 0x0,
    0xdf, 0xff, 0xf6, 0x0, 0x0, 0x0, 0x0, 0x0,
    0x0, 0x0, 0x0, 0x0, 0xdf, 0xff, 0xfb, 0x88,
    0x88, 0x88, 0x88, 0x88, 0x88, 0x88, 0x88, 0x85,
    0xdf, 0xff, 0xff, 0xff, 0xff, 0xff, 0xff, 0xff,
    0xff, 0xff, 0xff, 0xfa, 0xdf, 0xff, 0xff, 0xff,
    0xff, 0xff, 0xff, 0xff, 0xff, 0xff, 0xff, 0xfa,
    0xdf, 0xff, 0xff, 0xff, 0xff, 0xff, 0xff, 0xff,
    0xff, 0xff, 0xff, 0xfa, 0xdf, 0xff, 0xff, 0xff,
    0xff, 0xff, 0xff, 0xff, 0xff, 0xff, 0xff, 0xfa,

    /* U+0046 "F" */
    0xdf, 0xff, 0xff, 0xff, 0xff, 0xff, 0xff, 0xff,
    0xff, 0xff, 0xff, 0xed, 0xff, 0xff, 0xff, 0xff,
    0xff, 0xff, 0xff, 0xff, 0xff, 0xff, 0xfe, 0xdf,
    0xff, 0xff, 0xff, 0xff, 0xff, 0xff, 0xff, 0xff,
    0xff, 0xff, 0xed, 0xff, 0xff, 0xff, 0xff, 0xff,
    0xff, 0xff, 0xff, 0xff, 0xff, 0xfe, 0xdf, 0xff,
    0xfb, 0x88, 0x88, 0x88, 0x88, 0x88, 0x88, 0x88,
    0x88, 0x7d, 0xff, 0xff, 0x60, 0x0, 0x0, 0x0,
    0x0, 0x0, 0x0, 0x0, 0x0, 0xdf, 0xff, 0xf6,
    0x0, 0x0, 0x0, 0x0, 0x0, 0x0, 0x0, 0x0,
    0xd, 0xff, 0xff, 0x60, 0x0, 0x0, 0x0, 0x0,
    0x0, 0x0, 0x0, 0x0, 0xdf, 0xff, 0xf6, 0x0,
    0x0, 0x0, 0x0, 0x0, 0x0, 0x0, 0x0, 0xd,
    0xff, 0xff, 0x60, 0x0, 0x0, 0x0, 0x0, 0x0,
    0x0, 0x0, 0x0, 0xdf, 0xff, 0xf6, 0x0, 0x0,
    0x0, 0x0, 0x0, 0x0, 0x0, 0x0, 0xd, 0xff,
    0xff, 0x60, 0x0, 0x0, 0x0, 0x0, 0x0, 0x0,
    0x0, 0x0, 0xdf, 0xff, 0xf6, 0x0, 0x0, 0x0,
    0x0, 0x0, 0x0, 0x0, 0x0, 0xd, 0xff, 0xff,
    0x60, 0x0, 0x0, 0x0, 0x0, 0x0, 0x0, 0x0,
    0x0, 0xdf, 0xff, 0xfa, 0x77, 0x77, 0x77, 0x77,
    0x77, 0x77, 0x77, 0x74, 0xd, 0xff, 0xff, 0xff,
    0xff, 0xff, 0xff, 0xff, 0xff, 0xff, 0xff, 0x90,
    0xdf, 0xff, 0xff, 0xff, 0xff, 0xff, 0xff, 0xff,
    0xff, 0xff, 0xf9, 0xd, 0xff, 0xff, 0xff, 0xff,
    0xff, 0xff, 0xff, 0xff, 0xff, 0xff, 0x90, 0xdf,
    0xff, 0xff, 0xff, 0xff, 0xff, 0xff, 0xff, 0xff,
    0xff, 0xf9, 0xd, 0xff, 0xff, 0x60, 0x0, 0x0,
    0x0, 0x0, 0x0, 0x0, 0x0, 0x0, 0xdf, 0xff,
    0xf6, 0x0, 0x0, 0x0, 0x0, 0x0, 0x0, 0x0,
    0x0, 0xd, 0xff, 0xff, 0x60, 0x0, 0x0, 0x0,
    0x0, 0x0, 0x0, 0x0, 0x0, 0xdf, 0xff, 0xf6,
    0x0, 0x0, 0x0, 0x0, 0x0, 0x0, 0x0, 0x0,
    0xd, 0xff, 0xff, 0x60, 0x0, 0x0, 0x0, 0x0,
    0x0, 0x0, 0x0, 0x0, 0xdf, 0xff, 0xf6, 0x0,
    0x0, 0x0, 0x0, 0x0, 0x0, 0x0, 0x0, 0xd,
    0xff, 0xff, 0x60, 0x0, 0x0, 0x0, 0x0, 0x0,
    0x0, 0x0, 0x0, 0xdf, 0xff, 0xf6, 0x0, 0x0,
    0x0, 0x0, 0x0, 0x0, 0x0, 0x0, 0xd, 0xff,
    0xff, 0x60, 0x0, 0x0, 0x0, 0x0, 0x0, 0x0,
    0x0, 0x0, 0xdf, 0xff, 0xf6, 0x0, 0x0, 0x0,
    0x0, 0x0, 0x0, 0x0, 0x0, 0xd, 0xff, 0xff,
    0x60, 0x0, 0x0, 0x0, 0x0, 0x0, 0x0, 0x0,
    0x0, 0xdf, 0xff, 0xf6, 0x0, 0x0, 0x0, 0x0,
    0x0, 0x0, 0x0, 0x0, 0xd, 0xff, 0xff, 0x60,
    0x0, 0x0, 0x0, 0x0, 0x0, 0x0, 0x0, 0x0,
    0xdf, 0xff, 0xf6, 0x0, 0x0, 0x0, 0x0, 0x0,
    0x0, 0x0, 0x0, 0xd, 0xff, 0xff, 0x60, 0x0,
    0x0, 0x0, 0x0, 0x0, 0x0, 0x0, 0x0,

    /* U+0047 "G" */
    0x0, 0x0, 0x0, 0x0, 0x0, 0x1, 0x69, 0xce,
    0xff, 0xed, 0xa6, 0x20, 0x0, 0x0, 0x0, 0x0,
    0x0, 0x0, 0x0, 0x0, 0x0, 0x3b, 0xff, 0xff,
    0xff, 0xff, 0xff, 0xff, 0xc5, 0x0, 0x0, 0x0,
    0x0, 0x0, 0x0, 0x0, 0x1, 0xaf, 0xff, 0xff,
    0xff, 0xff, 0xff, 0xff, 0xff, 0xfc, 0x30, 0x0,
    0x0, 0x0, 0x0, 0x0, 0x3, 0xef, 0xff, 0xff,
    0xff, 0xff, 0xff, 0xff, 0xff, 0xff, 0xff, 0x60,
    0x0, 0x0, 0x0, 0x0, 0x4, 0xff, 0xff, 0xff,
    0xff, 0xfd, 0xbb, 0xcf, 0xff, 0xff, 0xff, 0xff,
    0x70, 0x0, 0x0, 0x0, 0x2, 0xff, 0xff, 0xff,
    0xfa, 0x40, 0x0, 0x0, 0x2, 0x8e, 0xff, 0xff,
    0xff, 0x50, 0x0, 0x0, 0x0, 0xdf, 0xff, 0xff,
    0xd3, 0x0, 0x0, 0x0, 0x0, 0x0, 0x1a, 0xff,
    0xff, 0xff, 0x20, 0x0, 0x0, 0x8f, 0xff, 0xff,
    0xc0, 0x0, 0x0, 0x0, 0x0, 0x0, 0x0, 0x7,
    0xff, 0xff, 0xfa, 0x0, 0x0, 0x2f, 0xff, 0xff,
    0xd0, 0x0, 0x0, 0x0, 0x0, 0x0, 0x0, 0x0,
    0xa, 0xff, 0xff, 0xf1, 0x0, 0x9, 0xff, 0xff,
    0xf2, 0x0, 0x0, 0x0, 0x0, 0x0, 0x0, 0x0,
    0x0, 0x1f, 0xff, 0xff, 0x70, 0x0, 0xff, 0xff,
    0xf9, 0x0, 0x0, 0x0, 0x0, 0x0, 0x0, 0x0,
    0x0, 0x0, 0xaf, 0xff, 0xfb, 0x0, 0x4f, 0xff,
    0xff, 0x20, 0x0, 0x0, 0x0, 0x0, 0x0, 0x0,
    0x0, 0x0, 0x0, 0x0, 0x0, 0x0, 0x9, 0xff,
    0xff, 0xc0, 0x0, 0x0, 0x0, 0x0, 0x0, 0x0,
    0x0, 0x0, 0x0, 0x0, 0x0, 0x0, 0x0, 0xcf,
    0xff, 0xf8, 0x0, 0x0, 0x0, 0x0, 0x0, 0x0,
    0x0, 0x0, 0x0, 0x0, 0x0, 0x0, 0x0, 0xe,
    0xff, 0xff, 0x50, 0x0, 0x0, 0x0, 0x0, 0x0,
    0x0, 0x0, 0x0, 0x0, 0x0, 0x0, 0x0, 0x0,
    0xff, 0xff, 0xf3, 0x0, 0x0, 0x0, 0x0, 0x0,
    0x0, 0x0, 0x0, 0x0, 0x0, 0x0, 0x0, 0x0,
    0xf, 0xff, 0xff, 0x20, 0x0, 0x0, 0x0, 0x0,
    0x0, 0xbf, 0xff, 0xff, 0xff, 0xff, 0xff, 0xff,
    0x11, 0xff, 0xff, 0xf2, 0x0, 0x0, 0x0, 0x0,
    0x0, 0xb, 0xff, 0xff, 0xff, 0xff, 0xff, 0xff,
    0xf1, 0xf, 0xff, 0xff, 0x20, 0x0, 0x0, 0x0,
    0x0, 0x0, 0xbf, 0xff, 0xff, 0xff, 0xff, 0xff,
    0xff, 0x10, 0xff, 0xff, 0xf4, 0x0, 0x0, 0x0,
    0x0, 0x0, 0xb, 0xff, 0xff, 0xff, 0xff, 0xff,
    0xff, 0xf1, 0xd, 0xff, 0xff, 0x60, 0x0, 0x0,
    0x0, 0x0, 0x0, 0x34, 0x44, 0x44, 0x44, 0x5f,
    0xff, 0xff, 0x0, 0xaf, 0xff, 0xfa, 0x0, 0x0,
    0x0, 0x0, 0x0, 0x0, 0x0, 0x0, 0x0, 0x2,
    0xff, 0xff, 0xf0, 0x7, 0xff, 0xff, 0xe0, 0x0,
    0x0, 0x0, 0x0, 0x0, 0x0, 0x0, 0x0, 0x0,
    0x5f, 0xff, 0xfd, 0x0, 0x2f, 0xff, 0xff, 0x50,
    0x0, 0x0, 0x0, 0x0, 0x0, 0x0, 0x0, 0x0,
    0x9, 0xff, 0xff, 0xa0, 0x0, 0xcf, 0xff, 0xfd,
    0x0, 0x0, 0x0, 0x0, 0x0, 0x0, 0x0, 0x0,
    0x1, 0xff, 0xff, 0xf6, 0x0, 0x5, 0xff, 0xff,
    0xf7, 0x0, 0x0, 0x0, 0x0, 0x0, 0x0, 0x0,
    0x0, 0x9f, 0xff, 0xff, 0x10, 0x0, 0xd, 0xff,
    0xff, 0xf5, 0x0, 0x0, 0x0, 0x0, 0x0, 0x0,
    0x0, 0x6f, 0xff, 0xff, 0x90, 0x0, 0x0, 0x3f,
    0xff, 0xff, 0xf6, 0x0, 0x0, 0x0, 0x0, 0x0,
    0x0, 0x6f, 0xff, 0xff, 0xf1, 0x0, 0x0, 0x0,
    0x8f, 0xff, 0xff, 0xfb, 0x20, 0x0, 0x0, 0x0,
    0x2, 0xaf, 0xff, 0xff, 0xf6, 0x0, 0x0, 0x0,
    0x0, 0xbf, 0xff, 0xff, 0xff, 0xc8, 0x53, 0x34,
    0x7b, 0xff, 0xff, 0xff, 0xf9, 0x0, 0x0, 0x0,
    0x0, 0x0, 0xaf, 0xff, 0xff, 0xff, 0xff, 0xff,
    0xff, 0xff, 0xff, 0xff, 0xfa, 0x0, 0x0, 0x0,
    0x0, 0x0, 0x0, 0x7f, 0xff, 0xff, 0xff, 0xff,
    0xff, 0xff, 0xff, 0xff, 0xf7, 0x0, 0x0, 0x0,
    0x0, 0x0, 0x0, 0x0, 0x2b, 0xff, 0xff, 0xff,
    0xff, 0xff, 0xff, 0xff, 0xb2, 0x0, 0x0, 0x0,
    0x0, 0x0, 0x0, 0x0, 0x0, 0x3, 0x9e, 0xff,
    0xff, 0xff, 0xff, 0xe9, 0x30, 0x0, 0x0, 0x0,
    0x0, 0x0, 0x0, 0x0, 0x0, 0x0, 0x0, 0x1,
    0x46, 0x77, 0x65, 0x20, 0x0, 0x0, 0x0, 0x0,
    0x0, 0x0,

    /* U+0048 "H" */
    0xdf, 0xff, 0xf6, 0x0, 0x0, 0x0, 0x0, 0x0,
    0x0, 0x0, 0x0, 0x3f, 0xff, 0xff, 0xdf, 0xff,
    0xf6, 0x0, 0x0, 0x0, 0x0, 0x0, 0x0, 0x0,
    0x0, 0x3f, 0xff, 0xff, 0xdf, 0xff, 0xf6, 0x0,
    0x0, 0x0, 0x0, 0x0, 0x0, 0x0, 0x0, 0x3f,
    0xff, 0xff, 0xdf, 0xff, 0xf6, 0x0, 0x0, 0x0,
    0x0, 0x0, 0x0, 0x0, 0x0, 0x3f, 0xff, 0xff,
    0xdf, 0xff, 0xf6, 0x0, 0x0, 0x0, 0x0, 0x0,
    0x0, 0x0, 0x0, 0x3f, 0xff, 0xff, 0xdf, 0xff,
    0xf6, 0x0, 0x0, 0x0, 0x0, 0x0, 0x0, 0x0,
    0x0, 0x3f, 0xff, 0xff, 0xdf, 0xff, 0xf6, 0x0,
    0x0, 0x0, 0x0, 0x0, 0x0, 0x0, 0x0, 0x3f,
    0xff, 0xff, 0xdf, 0xff, 0xf6, 0x0, 0x0, 0x0,
    0x0, 0x0, 0x0, 0x0, 0x0, 0x3f, 0xff, 0xff,
    0xdf, 0xff, 0xf6, 0x0, 0x0, 0x0, 0x0, 0x0,
    0x0, 0x0, 0x0, 0x3f, 0xff, 0xff, 0xdf, 0xff,
    0xf6, 0x0, 0x0, 0x0, 0x0, 0x0, 0x0, 0x0,
    0x0, 0x3f, 0xff, 0xff, 0xdf, 0xff, 0xf6, 0x0,
    0x0, 0x0, 0x0, 0x0, 0x0, 0x0, 0x0, 0x3f,
    0xff, 0xff, 0xdf, 0xff, 0xf6, 0x0, 0x0, 0x0,
    0x0, 0x0, 0x0, 0x0, 0x0, 0x3f, 0xff, 0xff,
    0xdf, 0xff, 0xf6, 0x0, 0x0, 0x0, 0x0, 0x0,
    0x0, 0x0, 0x0, 0x3f, 0xff, 0xff, 0xdf, 0xff,
    0xf6, 0x0, 0x0, 0x0, 0x0, 0x0, 0x0, 0x0,
    0x0, 0x3f, 0xff, 0xff, 0xdf, 0xff, 0xff, 0xff,
    0xff, 0xff, 0xff, 0xff, 0xff, 0xff, 0xff, 0xff,
    0xff, 0xff, 0xdf, 0xff, 0xff, 0xff, 0xff, 0xff,
    0xff, 0xff, 0xff, 0xff, 0xff, 0xff, 0xff, 0xff,
    0xdf, 0xff, 0xff, 0xff, 0xff, 0xff, 0xff, 0xff,
    0xff, 0xff, 0xff, 0xff, 0xff, 0xff, 0xdf, 0xff,
    0xff, 0xff, 0xff, 0xff, 0xff, 0xff, 0xff, 0xff,
    0xff, 0xff, 0xff, 0xff, 0xdf, 0xff, 0xfb, 0x88,
    0x88, 0x88, 0x88, 0x88, 0x88, 0x88, 0x88, 0x9f,
    0xff, 0xff, 0xdf, 0xff, 0xf6, 0x0, 0x0, 0x0,
    0x0, 0x0, 0x0, 0x0, 0x0, 0x3f, 0xff, 0xff,
    0xdf, 0xff, 0xf6, 0x0, 0x0, 0x0, 0x0, 0x0,
    0x0, 0x0, 0x0, 0x3f, 0xff, 0xff, 0xdf, 0xff,
    0xf6, 0x0, 0x0, 0x0, 0x0, 0x0, 0x0, 0x0,
    0x0, 0x3f, 0xff, 0xff, 0xdf, 0xff, 0xf6, 0x0,
    0x0, 0x0, 0x0, 0x0, 0x0, 0x0, 0x0, 0x3f,
    0xff, 0xff, 0xdf, 0xff, 0xf6, 0x0, 0x0, 0x0,
    0x0, 0x0, 0x0, 0x0, 0x0, 0x3f, 0xff, 0xff,
    0xdf, 0xff, 0xf6, 0x0, 0x0, 0x0, 0x0, 0x0,
    0x0, 0x0, 0x0, 0x3f, 0xff, 0xff, 0xdf, 0xff,
    0xf6, 0x0, 0x0, 0x0, 0x0, 0x0, 0x0, 0x0,
    0x0, 0x3f, 0xff, 0xff, 0xdf, 0xff, 0xf6, 0x0,
    0x0, 0x0, 0x0, 0x0, 0x0, 0x0, 0x0, 0x3f,
    0xff, 0xff, 0xdf, 0xff, 0xf6, 0x0, 0x0, 0x0,
    0x0, 0x0, 0x0, 0x0, 0x0, 0x3f, 0xff, 0xff,
    0xdf, 0xff, 0xf6, 0x0, 0x0, 0x0, 0x0, 0x0,
    0x0, 0x0, 0x0, 0x3f, 0xff, 0xff, 0xdf, 0xff,
    0xf6, 0x0, 0x0, 0x0, 0x0, 0x0, 0x0, 0x0,
    0x0, 0x3f, 0xff, 0xff, 0xdf, 0xff, 0xf6, 0x0,
    0x0, 0x0, 0x0, 0x0, 0x0, 0x0, 0x0, 0x3f,
    0xff, 0xff, 0xdf, 0xff, 0xf6, 0x0, 0x0, 0x0,
    0x0, 0x0, 0x0, 0x0, 0x0, 0x3f, 0xff, 0xff,
    0xdf, 0xff, 0xf6, 0x0, 0x0, 0x0, 0x0, 0x0,
    0x0, 0x0, 0x0, 0x3f, 0xff, 0xff, 0xdf, 0xff,
    0xf6, 0x0, 0x0, 0x0, 0x0, 0x0, 0x0, 0x0,
    0x0, 0x3f, 0xff, 0xff,

    /* U+0049 "I" */
    0xdf, 0xff, 0xf6, 0xdf, 0xff, 0xf6, 0xdf, 0xff,
    0xf6, 0xdf, 0xff, 0xf6, 0xdf, 0xff, 0xf6, 0xdf,
    0xff, 0xf6, 0xdf, 0xff, 0xf6, 0xdf, 0xff, 0xf6,
    0xdf, 0xff, 0xf6, 0xdf, 0xff, 0xf6, 0xdf, 0xff,
    0xf6, 0xdf, 0xff, 0xf6, 0xdf, 0xff, 0xf6, 0xdf,
    0xff, 0xf6, 0xdf, 0xff, 0xf6, 0xdf, 0xff, 0xf6,
    0xdf, 0xff, 0xf6, 0xdf, 0xff, 0xf6, 0xdf, 0xff,
    0xf6, 0xdf, 0xff, 0xf6, 0xdf, 0xff, 0xf6, 0xdf,
    0xff, 0xf6, 0xdf, 0xff, 0xf6, 0xdf, 0xff, 0xf6,
    0xdf, 0xff, 0xf6, 0xdf, 0xff, 0xf6, 0xdf, 0xff,
    0xf6, 0xdf, 0xff, 0xf6, 0xdf, 0xff, 0xf6, 0xdf,
    0xff, 0xf6, 0xdf, 0xff, 0xf6, 0xdf, 0xff, 0xf6,
    0xdf, 0xff, 0xf6, 0xdf, 0xff, 0xf6,

    /* U+004A "J" */
    0x0, 0x0, 0x0, 0x0, 0x0, 0x0, 0x0, 0x0,
    0x2f, 0xff, 0xff, 0x10, 0x0, 0x0, 0x0, 0x0,
    0x0, 0x0, 0x0, 0x2, 0xff, 0xff, 0xf1, 0x0,
    0x0, 0x0, 0x0, 0x0, 0x0, 0x0, 0x0, 0x2f,
    0xff, 0xff, 0x10, 0x0, 0x0, 0x0, 0x0, 0x0,
    0x0, 0x0, 0x2, 0xff, 0xff, 0xf1, 0x0, 0x0,
    0x0, 0x0, 0x0, 0x0, 0x0, 0x0, 0x2f, 0xff,
    0xff, 0x10, 0x0, 0x0, 0x0, 0x0, 0x0, 0x0,
    0x0, 0x2, 0xff, 0xff, 0xf1, 0x0, 0x0, 0x0,
    0x0, 0x0, 0x0, 0x0, 0x0, 0x2f, 0xff, 0xff,
    0x10, 0x0, 0x0, 0x0, 0x0, 0x0, 0x0, 0x0,
    0x2, 0xff, 0xff, 0xf1, 0x0, 0x0, 0x0, 0x0,
    0x0, 0x0, 0x0, 0x0, 0x2f, 0xff, 0xff, 0x10,
    0x0, 0x0, 0x0, 0x0, 0x0, 0x0, 0x0, 0x2,
    0xff, 0xff, 0xf1, 0x0, 0x0, 0x0, 0x0, 0x0,
    0x0, 0x0, 0x0, 0x2f, 0xff, 0xff, 0x10, 0x0,
    0x0, 0x0, 0x0, 0x0, 0x0, 0x0, 0x2, 0xff,
    0xff, 0xf1, 0x0, 0x0, 0x0, 0x0, 0x0, 0x0,
    0x0, 0x0, 0x2f, 0xff, 0xff, 0x10, 0x0, 0x0,
    0x0, 0x0, 0x0, 0x0, 0x0, 0x2, 0xff, 0xff,
    0xf1, 0x0, 0x0, 0x0, 0x0, 0x0, 0x0, 0x0,
    0x0, 0x2f, 0xff, 0xff, 0x10, 0x0, 0x0, 0x0,
    0x0, 0x0, 0x0, 0x0, 0x2, 0xff, 0xff, 0xf1,
    0x0, 0x0, 0x0, 0x0, 0x0, 0x0, 0x0, 0x0,
    0x2f, 0xff, 0xff, 0x10, 0x0, 0x0, 0x0, 0x0,
    0x0, 0x0, 0x0, 0x2, 0xff, 0xff, 0xf1, 0x0,
    0x0, 0x0, 0x0, 0x0, 0x0, 0x0, 0x0, 0x2f,
    0xff, 0xff, 0x10, 0x0, 0x0, 0x0, 0x0, 0x0,
    0x0, 0x0, 0x2, 0xff, 0xff, 0xf1, 0x0, 0x0,
    0x0, 0x0, 0x0, 0x0, 0x0, 0x0, 0x2f, 0xff,
    0xff, 0x10, 0x0, 0x0, 0x0, 0x0, 0x0, 0x0,
    0x0, 0x2, 0xff, 0xff, 0xf1, 0x5e, 0xee, 0xea,
    0x0, 0x0, 0x0, 0x0, 0x0, 0x2f, 0xff, 0xff,
    0x15, 0xff, 0xff, 0xb0, 0x0, 0x0, 0x0, 0x0,
    0x2, 0xff, 0xff, 0xf1, 0x5f, 0xff, 0xfb, 0x0,
    0x0, 0x0, 0x0, 0x0, 0x2f, 0xff, 0xff, 0x14,
    0xff, 0xff, 0xd0, 0x0, 0x0, 0x0, 0x0, 0x4,
    0xff, 0xff, 0xf0, 0x2f, 0xff, 0xff, 0x10, 0x0,
    0x0, 0x0, 0x0, 0x8f, 0xff, 0xfe, 0x0, 0xef,
    0xff, 0xf7, 0x0, 0x0, 0x0, 0x0, 0xe, 0xff,
    0xff, 0xa0, 0x9, 0xff, 0xff, 0xf4, 0x0, 0x0,
    0x0, 0xa, 0xff, 0xff, 0xf5, 0x0, 0x2f, 0xff,
    0xff, 0xf9, 0x30, 0x1, 0x5d, 0xff, 0xff, 0xfd,
    0x0, 0x0, 0x8f, 0xff, 0xff, 0xff, 0xff, 0xff,
    0xff, 0xff, 0xff, 0x40, 0x0, 0x0, 0xaf, 0xff,
    0xff, 0xff, 0xff, 0xff, 0xff, 0xff, 0x60, 0x0,
    0x0, 0x0, 0x7f, 0xff, 0xff, 0xff, 0xff, 0xff,
    0xfe, 0x40, 0x0, 0x0, 0x0, 0x0, 0x29, 0xff,
    0xff, 0xff, 0xff, 0xd7, 0x0, 0x0, 0x0, 0x0,
    0x0, 0x0, 0x0, 0x35, 0x77, 0x65, 0x10, 0x0,
    0x0, 0x0, 0x0,

    /* U+004B "K" */
    0xdf, 0xff, 0xf6, 0x0, 0x0, 0x0, 0x0, 0x0,
    0x0, 0x0, 0x6f, 0xff, 0xff, 0xf3, 0xdf, 0xff,
    0xf6, 0x0, 0x0, 0x0, 0x0, 0x0, 0x0, 0x5,
    0xff, 0xff, 0xff, 0x40, 0xdf, 0xff, 0xf6, 0x0,
    0x0, 0x0, 0x0, 0x0, 0x0, 0x4f, 0xff, 0xff,
    0xf5, 0x0, 0xdf, 0xff, 0xf6, 0x0, 0x0, 0x0,
    0x0, 0x0, 0x3, 0xff, 0xff, 0xff, 0x60, 0x0,
    0xdf, 0xff, 0xf6, 0x0, 0x0, 0x0, 0x0, 0x0,
    0x2e, 0xff, 0xff, 0xf7, 0x0, 0x0, 0xdf, 0xff,
    0xf6, 0x0, 0x0, 0x0, 0x0, 0x2, 0xef, 0xff,
    0xff, 0x80, 0x0, 0x0, 0xdf, 0xff, 0xf6, 0x0,
    0x0, 0x0, 0x0, 0x1e, 0xff, 0xff, 0xf9, 0x0,
    0x0, 0x0, 0xdf, 0xff, 0xf6, 0x0, 0x0, 0x0,
    0x1, 0xdf, 0xff, 0xff, 0xa0, 0x0, 0x0, 0x0,
    0xdf, 0xff, 0xf6, 0x0, 0x0, 0x0, 0xc, 0xff,
    0xff, 0xfa, 0x0, 0x0, 0x0, 0x0, 0xdf, 0xff,
    0xf6, 0x0, 0x0, 0x0, 0xbf, 0xff, 0xff, 0xb0,
    0x0, 0x0, 0x0, 0x0, 0xdf, 0xff, 0xf6, 0x0,
    0x0, 0xb, 0xff, 0xff, 0xfc, 0x0, 0x0, 0x0,
    0x0, 0x0, 0xdf, 0xff, 0xf6, 0x0, 0x0, 0xaf,
    0xff, 0xff, 0xd1, 0x0, 0x0, 0x0, 0x0, 0x0,
    0xdf, 0xff, 0xf6, 0x0, 0x8, 0xff, 0xff, 0xfd,
    0x10, 0x0, 0x0, 0x0, 0x0, 0x0, 0xdf, 0xff,
    0xf6, 0x0, 0x7f, 0xff, 0xff, 0xe1, 0x0, 0x0,
    0x0, 0x0, 0x0, 0x0, 0xdf, 0xff, 0xf6, 0x6,
    0xff, 0xff, 0xff, 0x20, 0x0, 0x0, 0x0, 0x0,
    0x0, 0x0, 0xdf, 0xff, 0xf6, 0x4f, 0xff, 0xff,
    0xff, 0x60, 0x0, 0x0, 0x0, 0x0, 0x0, 0x0,
    0xdf, 0xff, 0xfa, 0xff, 0xff, 0xff, 0xff, 0xf2,
    0x0, 0x0, 0x0, 0x0, 0x0, 0x0, 0xdf, 0xff,
    0xff, 0xff, 0xff, 0xff, 0xff, 0xfd, 0x0, 0x0,
    0x0, 0x0, 0x0, 0x0, 0xdf, 0xff, 0xff, 0xff,
    0xfe, 0x8f, 0xff, 0xff, 0x90, 0x0, 0x0, 0x0,
    0x0, 0x0, 0xdf, 0xff, 0xff, 0xff, 0xe2, 0xb,
    0xff, 0xff, 0xf5, 0x0, 0x0, 0x0, 0x0, 0x0,
    0xdf, 0xff, 0xff, 0xff, 0x30, 0x1, 0xef, 0xff,
    0xfe, 0x10, 0x0, 0x0, 0x0, 0x0, 0xdf, 0xff,
    0xff, 0xf3, 0x0, 0x0, 0x4f, 0xff, 0xff, 0xc0,
    0x0, 0x0, 0x0, 0x0, 0xdf, 0xff, 0xff, 0x40,
    0x0, 0x0, 0x9, 0xff, 0xff, 0xf7, 0x0, 0x0,
    0x0, 0x0, 0xdf, 0xff, 0xf7, 0x0, 0x0, 0x0,
    0x0, 0xdf, 0xff, 0xff, 0x30, 0x0, 0x0, 0x0,
    0xdf, 0xff, 0xf6, 0x0, 0x0, 0x0, 0x0, 0x2f,
    0xff, 0xff, 0xd0, 0x0, 0x0, 0x0, 0xdf, 0xff,
    0xf6, 0x0, 0x0, 0x0, 0x0, 0x6, 0xff, 0xff,
    0xfa, 0x0, 0x0, 0x0, 0xdf, 0xff, 0xf6, 0x0,
    0x0, 0x0, 0x0, 0x0, 0xbf, 0xff, 0xff, 0x50,
    0x0, 0x0, 0xdf, 0xff, 0xf6, 0x0, 0x0, 0x0,
    0x0, 0x0, 0x1e, 0xff, 0xff, 0xf2, 0x0, 0x0,
    0xdf, 0xff, 0xf6, 0x0, 0x0, 0x0, 0x0, 0x0,
    0x4, 0xff, 0xff, 0xfc, 0x0, 0x0, 0xdf, 0xff,
    0xf6, 0x0, 0x0, 0x0, 0x0, 0x0, 0x0, 0x8f,
    0xff, 0xff, 0x80, 0x0, 0xdf, 0xff, 0xf6, 0x0,
    0x0, 0x0, 0x0, 0x0, 0x0, 0xc, 0xff, 0xff,
    0xf4, 0x0, 0xdf, 0xff, 0xf6, 0x0, 0x0, 0x0,
    0x0, 0x0, 0x0, 0x2, 0xff, 0xff, 0xfe, 0x10,
    0xdf, 0xff, 0xf6, 0x0, 0x0, 0x0, 0x0, 0x0,
    0x0, 0x0, 0x6f, 0xff, 0xff, 0xb0, 0xdf, 0xff,
    0xf6, 0x0, 0x0, 0x0, 0x0, 0x0, 0x0, 0x0,
    0xa, 0xff, 0xff, 0xf6,

    /* U+004C "L" */
    0xdf, 0xff, 0xf6, 0x0, 0x0, 0x0, 0x0, 0x0,
    0x0, 0x0, 0x0, 0xdf, 0xff, 0xf6, 0x0, 0x0,
    0x0, 0x0, 0x0, 0x0, 0x0, 0x0, 0xdf, 0xff,
    0xf6, 0x0, 0x0, 0x0, 0x0, 0x0, 0x0, 0x0,
    0x0, 0xdf, 0xff, 0xf6, 0x0, 0x0, 0x0, 0x0,
    0x0, 0x0, 0x0, 0x0, 0xdf, 0xff, 0xf6, 0x0,
    0x0, 0x0, 0x0, 0x0, 0x0, 0x0, 0x0, 0xdf,
    0xff, 0xf6, 0x0, 0x0, 0x0, 0x0, 0x0, 0x0,
    0x0, 0x0, 0xdf, 0xff, 0xf6, 0x0, 0x0, 0x0,
    0x0, 0x0, 0x0, 0x0, 0x0, 0xdf, 0xff, 0xf6,
    0x0, 0x0, 0x0, 0x0, 0x0, 0x0, 0x0, 0x0,
    0xdf, 0xff, 0xf6, 0x0, 0x0, 0x0, 0x0, 0x0,
    0x0, 0x0, 0x0, 0xdf, 0xff, 0xf6, 0x0, 0x0,
    0x0, 0x0, 0x0, 0x0, 0x0, 0x0, 0xdf, 0xff,
    0xf6, 0x0, 0x0, 0x0, 0x0, 0x0, 0x0, 0x0,
    0x0, 0xdf, 0xff, 0xf6, 0x0, 0x0, 0x0, 0x0,
    0x0, 0x0, 0x0, 0x0, 0xdf, 0xff, 0xf6, 0x0,
    0x0, 0x0, 0x0, 0x0, 0x0, 0x0, 0x0, 0xdf,
    0xff, 0xf6, 0x0, 0x0, 0x0, 0x0, 0x0, 0x0,
    0x0, 0x0, 0xdf, 0xff, 0xf6, 0x0, 0x0, 0x0,
    0x0, 0x0, 0x0, 0x0, 0x0, 0xdf, 0xff, 0xf6,
    0x0, 0x0, 0x0, 0x0, 0x0, 0x0, 0x0, 0x0,
    0xdf, 0xff, 0xf6, 0x0, 0x0, 0x0, 0x0, 0x0,
    0x0, 0x0, 0x0, 0xdf, 0xff, 0xf6, 0x0, 0x0,
    0x0, 0x0, 0x0, 0x0, 0x0, 0x0, 0xdf, 0xff,
    0xf6, 0x0, 0x0, 0x0, 0x0, 0x0, 0x0, 0x0,
    0x0, 0xdf, 0xff, 0xf6, 0x0, 0x0, 0x0, 0x0,
    0x0, 0x0, 0x0, 0x0, 0xdf, 0xff, 0xf6, 0x0,
    0x0, 0x0, 0x0, 0x0, 0x0, 0x0, 0x0, 0xdf,
    0xff, 0xf6, 0x0, 0x0, 0x0, 0x0, 0x0, 0x0,
    0x0, 0x0, 0xdf, 0xff, 0xf6, 0x0, 0x0, 0x0,
    0x0, 0x0, 0x0, 0x0, 0x0, 0xdf, 0xff, 0xf6,
    0x0, 0x0, 0x0, 0x0, 0x0, 0x0, 0x0, 0x0,
    0xdf, 0xff, 0xf6, 0x0, 0x0, 0x0, 0x0, 0x0,
    0x0, 0x0, 0x0, 0xdf, 0xff, 0xf6, 0x0, 0x0,
    0x0, 0x0, 0x0, 0x0, 0x0, 0x0, 0xdf, 0xff,
    0xf6, 0x0, 0x0, 0x0, 0x0, 0x0, 0x0, 0x0,
    0x0, 0xdf, 0xff, 0xf6, 0x0, 0x0, 0x0, 0x0,
    0x0, 0x0, 0x0, 0x0, 0xdf, 0xff, 0xf6, 0x0,
    0x0, 0x0, 0x0, 0x0, 0x0, 0x0, 0x0, 0xdf,
    0xff, 0xfb, 0x88, 0x88, 0x88, 0x88, 0x88, 0x88,
    0x88, 0x87, 0xdf, 0xff, 0xff, 0xff, 0xff, 0xff,
    0xff, 0xff, 0xff, 0xff, 0xfe, 0xdf, 0xff, 0xff,
    0xff, 0xff, 0xff, 0xff, 0xff, 0xff, 0xff, 0xfe,
    0xdf, 0xff, 0xff, 0xff, 0xff, 0xff, 0xff, 0xff,
    0xff, 0xff, 0xfe, 0xdf, 0xff, 0xff, 0xff, 0xff,
    0xff, 0xff, 0xff, 0xff, 0xff, 0xfe,

    /* U+004D "M" */
    0xdf, 0xff, 0xff, 0xfb, 0x0, 0x0, 0x0, 0x0,
    0x0, 0x0, 0x0, 0x0, 0x0, 0x0, 0xff, 0xff,
    0xff, 0xf9, 0xdf, 0xff, 0xff, 0xff, 0x20, 0x0,
    0x0, 0x0, 0x0, 0x0, 0x0, 0x0, 0x0, 0x6,
    0xff, 0xff, 0xff, 0xf9, 0xdf, 0xff, 0xff, 0xff,
    0x80, 0x0, 0x0, 0x0, 0x0, 0x0, 0x0, 0x0,
    0x0, 0xc, 0xff, 0xff, 0xff, 0xf9, 0xdf, 0xff,
    0xff, 0xff, 0xe0, 0x0, 0x0, 0x0, 0x0, 0x0,
    0x0, 0x0, 0x0, 0x2f, 0xff, 0xff, 0xff, 0xf9,
    0xdf, 0xff, 0xff, 0xff, 0xf4, 0x0, 0x0, 0x0,
    0x0, 0x0, 0x0, 0x0, 0x0, 0x8f, 0xff, 0xff,
    0xff, 0xf9, 0xdf, 0xff, 0xff, 0xff, 0xfb, 0x0,
    0x0, 0x0, 0x0, 0x0, 0x0, 0x0, 0x0, 0xef,
    0xff, 0xff, 0xff, 0xf9, 0xdf, 0xff, 0xff, 0xff,
    0xff, 0x10, 0x0, 0x0, 0x0, 0x0, 0x0, 0x0,
    0x5, 0xff, 0xff, 0xef, 0xff, 0xf9, 0xdf, 0xff,
    0xfc, 0xff, 0xff, 0x70, 0x0, 0x0, 0x0, 0x0,
    0x0, 0x0, 0xb, 0xff, 0xff, 0xaf, 0xff, 0xf9,
    0xdf, 0xff, 0xf7, 0xff, 0xff, 0xd0, 0x0, 0x0,
    0x0, 0x0, 0x0, 0x0, 0x1f, 0xff, 0xfd, 0x7f,
    0xff, 0xf9, 0xdf, 0xff, 0xf3, 0xdf, 0xff, 0xf4,
    0x0, 0x0, 0x0, 0x0, 0x0, 0x0, 0x7f, 0xff,
    0xf8, 0x7f, 0xff, 0xf9, 0xdf, 0xff, 0xf4, 0x8f,
    0xff, 0xfa, 0x0, 0x0, 0x0, 0x0, 0x0, 0x0,
    0xdf, 0xff, 0xf2, 0x7f, 0xff, 0xf9, 0xdf, 0xff,
    0xf4, 0x2f, 0xff, 0xff, 0x10, 0x0, 0x0, 0x0,
    0x0, 0x4, 0xff, 0xff, 0xd0, 0x8f, 0xff, 0xf9,
    0xdf, 0xff, 0xf4, 0xc, 0xff, 0xff, 0x70, 0x0,
    0x0, 0x0, 0x0, 0xa, 0xff, 0xff, 0x70, 0x8f,
    0xff, 0xf9, 0xdf, 0xff, 0xf5, 0x6, 0xff, 0xff,
    0xd0, 0x0, 0x0, 0x0, 0x0, 0x1f, 0xff, 0xff,
    0x10, 0x8f, 0xff, 0xf9, 0xdf, 0xff, 0xf5, 0x1,
    0xff, 0xff, 0xf3, 0x0, 0x0, 0x0, 0x0, 0x6f,
    0xff, 0xfb, 0x0, 0x8f, 0xff, 0xf9, 0xdf, 0xff,
    0xf5, 0x0, 0xaf, 0xff, 0xf9, 0x0, 0x0, 0x0,
    0x0, 0xcf, 0xff, 0xf5, 0x0, 0x8f, 0xff, 0xf9,
    0xdf, 0xff, 0xf5, 0x0, 0x4f, 0xff, 0xff, 0x0,
    0x0, 0x0, 0x3, 0xff, 0xff, 0xe0, 0x0, 0x8f,
    0xff, 0xf9, 0xdf, 0xff, 0xf5, 0x0, 0xd, 0xff,
    0xff, 0x60, 0x0, 0x0, 0x9, 0xff, 0xff, 0x90,
    0x0, 0x8f, 0xff, 0xf9, 0xdf, 0xff, 0xf5, 0x0,
    0x7, 0xff, 0xff, 0xc0, 0x0, 0x0, 0xe, 0xff,
    0xff, 0x20, 0x0, 0x8f, 0xff, 0xf9, 0xdf, 0xff,
    0xf5, 0x0, 0x1, 0xff, 0xff, 0xf3, 0x0, 0x0,
    0x5f, 0xff, 0xfc, 0x0, 0x0, 0x8f, 0xff, 0xf9,
    0xdf, 0xff, 0xf5, 0x0, 0x0, 0xaf, 0xff, 0xf9,
    0x0, 0x0, 0xbf, 0xff, 0xf6, 0x0, 0x0, 0x8f,
    0xff, 0xf9, 0xdf, 0xff, 0xf5, 0x0, 0x0, 0x4f,
    0xff, 0xfe, 0x0, 0x1, 0xff, 0xff, 0xf0, 0x0,
    0x0, 0x8f, 0xff, 0xf9, 0xdf, 0xff, 0xf5, 0x0,
    0x0, 0xd, 0xff, 0xff, 0x40, 0x7, 0xff, 0xff,
    0x90, 0x0, 0x0, 0x8f, 0xff, 0xf9, 0xdf, 0xff,
    0xf5, 0x0, 0x0, 0x7, 0xff, 0xff, 0xa0, 0xc,
    0xff, 0xff, 0x20, 0x0, 0x0, 0x8f, 0xff, 0xf9,
    0xdf, 0xff, 0xf5, 0x0, 0x0, 0x1, 0xff, 0xff,
    0xf0, 0x2f, 0xff, 0xfc, 0x0, 0x0, 0x0, 0x8f,
    0xff, 0xf9, 0xdf, 0xff, 0xf5, 0x0, 0x0, 0x0,
    0xaf, 0xff, 0xf5, 0x7f, 0xff, 0xf6, 0x0, 0x0,
    0x0, 0x8f, 0xff, 0xf9, 0xdf, 0xff, 0xf5, 0x0,
    0x0, 0x0, 0x4f, 0xff, 0xfb, 0xdf, 0xff, 0xf0,
    0x0, 0x0, 0x0, 0x8f, 0xff, 0xf9, 0xdf, 0xff,
    0xf5, 0x0, 0x0, 0x0, 0xd, 0xff, 0xff, 0xff,
    0xff, 0x90, 0x0, 0x0, 0x0, 0x8f, 0xff, 0xf9,
    0xdf, 0xff, 0xf5, 0x0, 0x0, 0x0, 0x7, 0xff,
    0xff, 0xff, 0xff, 0x30, 0x0, 0x0, 0x0, 0x8f,
    0xff, 0xf9, 0xdf, 0xff, 0xf5, 0x0, 0x0, 0x0,
    0x1, 0xff, 0xff, 0xff, 0xfc, 0x0, 0x0, 0x0,
    0x0, 0x8f, 0xff, 0xf9, 0xdf, 0xff, 0xf5, 0x0,
    0x0, 0x0, 0x0, 0xaf, 0xff, 0xff, 0xf6, 0x0,
    0x0, 0x0, 0x0, 0x8f, 0xff, 0xf9, 0xdf, 0xff,
    0xf5, 0x0, 0x0, 0x0, 0x0, 0x4f, 0xff, 0xff,
    0xf0, 0x0, 0x0, 0x0, 0x0, 0x8f, 0xff, 0xf9,
    0xdf, 0xff, 0xf5, 0x0, 0x0, 0x0, 0x0, 0xd,
    0xff, 0xff, 0x90, 0x0, 0x0, 0x0, 0x0, 0x8f,
    0xff, 0xf9, 0xdf, 0xff, 0xf5, 0x0, 0x0, 0x0,
    0x0, 0x7, 0xff, 0xff, 0x30, 0x0, 0x0, 0x0,
    0x0, 0x8f, 0xff, 0xf9,

    /* U+004E "N" */
    0xdf, 0xff, 0xff, 0x40, 0x0, 0x0, 0x0, 0x0,
    0x0, 0x0, 0x0, 0x1f, 0xff, 0xff, 0x2d, 0xff,
    0xff, 0xfe, 0x0, 0x0, 0x0, 0x0, 0x0, 0x0,
    0x0, 0x1, 0xff, 0xff, 0xf2, 0xdf, 0xff, 0xff,
    0xf9, 0x0, 0x0, 0x0, 0x0, 0x0, 0x0, 0x0,
    0x1f, 0xff, 0xff, 0x2d, 0xff, 0xff, 0xff, 0xf3,
    0x0, 0x0, 0x0, 0x0, 0x0, 0x0, 0x1, 0xff,
    0xff, 0xf2, 0xdf, 0xff, 0xff, 0xff, 0xd0, 0x0,
    0x0, 0x0, 0x0, 0x0, 0x0, 0x1f, 0xff, 0xff,
    0x2d, 0xff, 0xff, 0xff, 0xff, 0x80, 0x0, 0x0,
    0x0, 0x0, 0x0, 0x1, 0xff, 0xff, 0xf2, 0xdf,
    0xff, 0xff, 0xff, 0xff, 0x30, 0x0, 0x0, 0x0,
    0x0, 0x0, 0x1f, 0xff, 0xff, 0x2d, 0xff, 0xff,
    0xcf, 0xff, 0xfc, 0x0, 0x0, 0x0, 0x0, 0x0,
    0x1, 0xff, 0xff, 0xf2, 0xdf, 0xff, 0xf5, 0xef,
    0xff, 0xf7, 0x0, 0x0, 0x0, 0x0, 0x0, 0x1f,
    0xff, 0xff, 0x2d, 0xff, 0xff, 0x46, 0xff, 0xff,
    0xf2, 0x0, 0x0, 0x0, 0x0, 0x1, 0xff, 0xff,
    0xf2, 0xdf, 0xff, 0xf5, 0xc, 0xff, 0xff, 0xc0,
    0x0, 0x0, 0x0, 0x0, 0x1f, 0xff, 0xff, 0x2d,
    0xff, 0xff, 0x50, 0x3f, 0xff, 0xff, 0x60, 0x0,
    0x0, 0x0, 0x1, 0xff, 0xff, 0xf2, 0xdf, 0xff,
    0xf5, 0x0, 0x8f, 0xff, 0xff, 0x10, 0x0, 0x0,
    0x0, 0x1f, 0xff, 0xff, 0x2d, 0xff, 0xff, 0x50,
    0x0, 0xef, 0xff, 0xfb, 0x0, 0x0, 0x0, 0x1,
    0xff, 0xff, 0xf2, 0xdf, 0xff, 0xf6, 0x0, 0x5,
    0xff, 0xff, 0xf5, 0x0, 0x0, 0x0, 0x1f, 0xff,
    0xff, 0x2d, 0xff, 0xff, 0x60, 0x0, 0xa, 0xff,
    0xff, 0xe1, 0x0, 0x0, 0x1, 0xff, 0xff, 0xf2,
    0xdf, 0xff, 0xf6, 0x0, 0x0, 0x1e, 0xff, 0xff,
    0xa0, 0x0, 0x0, 0x1f, 0xff, 0xff, 0x2d, 0xff,
    0xff, 0x60, 0x0, 0x0, 0x6f, 0xff, 0xff, 0x50,
    0x0, 0x1, 0xff, 0xff, 0xf2, 0xdf, 0xff, 0xf6,
    0x0, 0x0, 0x0, 0xbf, 0xff, 0xfe, 0x10, 0x0,
    0x1f, 0xff, 0xff, 0x2d, 0xff, 0xff, 0x60, 0x0,
    0x0, 0x1, 0xff, 0xff, 0xf9, 0x0, 0x1, 0xff,
    0xff, 0xf2, 0xdf, 0xff, 0xf6, 0x0, 0x0, 0x0,
    0x6, 0xff, 0xff, 0xf4, 0x0, 0x1f, 0xff, 0xff,
    0x2d, 0xff, 0xff, 0x60, 0x0, 0x0, 0x0, 0xc,
    0xff, 0xff, 0xd0, 0x1, 0xff, 0xff, 0xf2, 0xdf,
    0xff, 0xf6, 0x0, 0x0, 0x0, 0x0, 0x2f, 0xff,
    0xff, 0x70, 0xf, 0xff, 0xff, 0x2d, 0xff, 0xff,
    0x60, 0x0, 0x0, 0x0, 0x0, 0x7f, 0xff, 0xff,
    0x10, 0xff, 0xff, 0xf2, 0xdf, 0xff, 0xf6, 0x0,
    0x0, 0x0, 0x0, 0x0, 0xcf, 0xff, 0xfa, 0xf,
    0xff, 0xff, 0x2d, 0xff, 0xff, 0x60, 0x0, 0x0,
    0x0, 0x0, 0x3, 0xff, 0xff, 0xf4, 0xff, 0xff,
    0xf2, 0xdf, 0xff, 0xf6, 0x0, 0x0, 0x0, 0x0,
    0x0, 0x8, 0xff, 0xff, 0xdf, 0xff, 0xff, 0x2d,
    0xff, 0xff, 0x60, 0x0, 0x0, 0x0, 0x0, 0x0,
    0xd, 0xff, 0xff, 0xff, 0xff, 0xf2, 0xdf, 0xff,
    0xf6, 0x0, 0x0, 0x0, 0x0, 0x0, 0x0, 0x3f,
    0xff, 0xff, 0xff, 0xff, 0x2d, 0xff, 0xff, 0x60,
    0x0, 0x0, 0x0, 0x0, 0x0, 0x0, 0x9f, 0xff,
    0xff, 0xff, 0xf2, 0xdf, 0xff, 0xf6, 0x0, 0x0,
    0x0, 0x0, 0x0, 0x0, 0x0, 0xef, 0xff, 0xff,
    0xff, 0x2d, 0xff, 0xff, 0x60, 0x0, 0x0, 0x0,
    0x0, 0x0, 0x0, 0x4, 0xff, 0xff, 0xff, 0xf2,
    0xdf, 0xff, 0xf6, 0x0, 0x0, 0x0, 0x0, 0x0,
    0x0, 0x0, 0xa, 0xff, 0xff, 0xff, 0x2d, 0xff,
    0xff, 0x60, 0x0, 0x0, 0x0, 0x0, 0x0, 0x0,
    0x0, 0x1e, 0xff, 0xff, 0xf2,

    /* U+004F "O" */
    0x0, 0x0, 0x0, 0x0, 0x0, 0x1, 0x6a, 0xde,
    0xff, 0xec, 0x96, 0x10, 0x0, 0x0, 0x0, 0x0,
    0x0, 0x0, 0x0, 0x0, 0x0, 0x3, 0xbf, 0xff,
    0xff, 0xff, 0xff, 0xff, 0xfb, 0x30, 0x0, 0x0,
    0x0, 0x0, 0x0, 0x0, 0x0, 0x1, 0xbf, 0xff,
    0xff, 0xff, 0xff, 0xff, 0xff, 0xff, 0xfa, 0x10,
    0x0, 0x0, 0x0, 0x0, 0x0, 0x0, 0x3e, 0xff,
    0xff, 0xff, 0xff, 0xff, 0xff, 0xff, 0xff, 0xff,
    0xe3, 0x0, 0x0, 0x0, 0x0, 0x0, 0x4, 0xff,
    0xff, 0xff, 0xff, 0xfc, 0xbb, 0xdf, 0xff, 0xff,
    0xff, 0xff, 0x30, 0x0, 0x0, 0x0, 0x0, 0x3f,
    0xff, 0xff, 0xff, 0xa4, 0x0, 0x0, 0x0, 0x4b,
    0xff, 0xff, 0xff, 0xe2, 0x0, 0x0, 0x0, 0x0,
    0xef, 0xff, 0xff, 0xd2, 0x0, 0x0, 0x0, 0x0,
    0x0, 0x3d, 0xff, 0xff, 0xfd, 0x0, 0x0, 0x0,
    0x9, 0xff, 0xff, 0xfb, 0x0, 0x0, 0x0, 0x0,
    0x0, 0x0, 0x0, 0xcf, 0xff, 0xff, 0x70, 0x0,
    0x0, 0x2f, 0xff, 0xff, 0xc0, 0x0, 0x0, 0x0,
    0x0, 0x0, 0x0, 0x0, 0xd, 0xff, 0xff, 0xf1,
    0x0, 0x0, 0x9f, 0xff, 0xff, 0x20, 0x0, 0x0,
    0x0, 0x0, 0x0, 0x0, 0x0, 0x3, 0xff, 0xff,
    0xf8, 0x0, 0x0, 0xff, 0xff, 0xf8, 0x0, 0x0,
    0x0, 0x0, 0x0, 0x0, 0x0, 0x0, 0x0, 0x9f,
    0xff, 0xfe, 0x0, 0x4, 0xff, 0xff, 0xf2, 0x0,
    0x0, 0x0, 0x0, 0x0, 0x0, 0x0, 0x0, 0x0,
    0x2f, 0xff, 0xff, 0x30, 0x9, 0xff, 0xff, 0xc0,
    0x0, 0x0, 0x0, 0x0, 0x0, 0x0, 0x0, 0x0,
    0x0, 0xd, 0xff, 0xff, 0x80, 0xc, 0xff, 0xff,
    0x80, 0x0, 0x0, 0x0, 0x0, 0x0, 0x0, 0x0,
    0x0, 0x0, 0x9, 0xff, 0xff, 0xa0, 0xe, 0xff,
    0xff, 0x50, 0x0, 0x0, 0x0, 0x0, 0x0, 0x0,
    0x0, 0x0, 0x0, 0x6, 0xff, 0xff, 0xd0, 0xf,
    0xff, 0xff, 0x30, 0x0, 0x0, 0x0, 0x0, 0x0,
    0x0, 0x0, 0x0, 0x0, 0x4, 0xff, 0xff, 0xe0,
    0xf, 0xff, 0xff, 0x20, 0x0, 0x0, 0x0, 0x0,
    0x0, 0x0, 0x0, 0x0, 0x0, 0x3, 0xff, 0xff,
    0xf0, 0x1f, 0xff, 0xff, 0x20, 0x0, 0x0, 0x0,
    0x0, 0x0, 0x0, 0x0, 0x0, 0x0, 0x3, 0xff,
    0xff, 0xf0, 0xf, 0xff, 0xff, 0x20, 0x0, 0x0,
    0x0, 0x0, 0x0, 0x0, 0x0, 0x0, 0x0, 0x4,
    0xff, 0xff, 0xf0, 0xf, 0xff, 0xff, 0x40, 0x0,
    0x0, 0x0, 0x0, 0x0, 0x0, 0x0, 0x0, 0x0,
    0x5, 0xff, 0xff, 0xe0, 0xd, 0xff, 0xff, 0x60,
    0x0, 0x0, 0x0, 0x0, 0x0, 0x0, 0x0, 0x0,
    0x0, 0x7, 0xff, 0xff, 0xc0, 0xa, 0xff, 0xff,
    0xa0, 0x0, 0x0, 0x0, 0x0, 0x0, 0x0, 0x0,
    0x0, 0x0, 0xb, 0xff, 0xff, 0x90, 0x7, 0xff,
    0xff, 0xe0, 0x0, 0x0, 0x0, 0x0, 0x0, 0x0,
    0x0, 0x0, 0x0, 0xf, 0xff, 0xff, 0x60, 0x2,
    0xff, 0xff, 0xf5, 0x0, 0x0, 0x0, 0x0, 0x0,
    0x0, 0x0, 0x0, 0x0, 0x6f, 0xff, 0xff, 0x10,
    0x0, 0xdf, 0xff, 0xfc, 0x0, 0x0, 0x0, 0x0,
    0x0, 0x0, 0x0, 0x0, 0x0, 0xdf, 0xff, 0xfb,
    0x0, 0x0, 0x6f, 0xff, 0xff, 0x70, 0x0, 0x0,
    0x0, 0x0, 0x0, 0x0, 0x0, 0x8, 0xff, 0xff,
    0xf4, 0x0, 0x0, 0xd, 0xff, 0xff, 0xf4, 0x0,
    0x0, 0x0, 0x0, 0x0, 0x0, 0x0, 0x5f, 0xff,
    0xff, 0xc0, 0x0, 0x0, 0x4, 0xff, 0xff, 0xff,
    0x50, 0x0, 0x0, 0x0, 0x0, 0x0, 0x6, 0xff,
    0xff, 0xff, 0x30, 0x0, 0x0, 0x0, 0x9f, 0xff,
    0xff, 0xfa, 0x20, 0x0, 0x0, 0x0, 0x3, 0xbf,
    0xff, 0xff, 0xf7, 0x0, 0x0, 0x0, 0x0, 0xb,
    0xff, 0xff, 0xff, 0xfc, 0x74, 0x33, 0x58, 0xcf,
    0xff, 0xff, 0xff, 0xa0, 0x0, 0x0, 0x0, 0x0,
    0x0, 0xbf, 0xff, 0xff, 0xff, 0xff, 0xff, 0xff,
    0xff, 0xff, 0xff, 0xfa, 0x0, 0x0, 0x0, 0x0,
    0x0, 0x0, 0x8, 0xff, 0xff, 0xff, 0xff, 0xff,
    0xff, 0xff, 0xff, 0xff, 0x70, 0x0, 0x0, 0x0,
    0x0, 0x0, 0x0, 0x0, 0x3b, 0xff, 0xff, 0xff,
    0xff, 0xff, 0xff, 0xff, 0xb2, 0x0, 0x0, 0x0,
    0x0, 0x0, 0x0, 0x0, 0x0, 0x0, 0x39, 0xef,
    0xff, 0xff, 0xff, 0xfe, 0x93, 0x0, 0x0, 0x0,
    0x0, 0x0, 0x0, 0x0, 0x0, 0x0, 0x0, 0x0,
    0x2, 0x56, 0x77, 0x64, 0x10, 0x0, 0x0, 0x0,
    0x0, 0x0, 0x0,

    /* U+0050 "P" */
    0xdf, 0xff, 0xff, 0xff, 0xff, 0xff, 0xff, 0xed,
    0xa6, 0x20, 0x0, 0x0, 0x0, 0xdf, 0xff, 0xff,
    0xff, 0xff, 0xff, 0xff, 0xff, 0xff, 0xfb, 0x30,
    0x0, 0x0, 0xdf, 0xff, 0xff, 0xff, 0xff, 0xff,
    0xff, 0xff, 0xff, 0xff, 0xf8, 0x0, 0x0, 0xdf,
    0xff, 0xff, 0xff, 0xff, 0xff, 0xff, 0xff, 0xff,
    0xff, 0xff, 0xa0, 0x0, 0xdf, 0xff, 0xfa, 0x77,
    0x77, 0x77, 0x78, 0x9c, 0xff, 0xff, 0xff, 0xf8,
    0x0, 0xdf, 0xff, 0xf6, 0x0, 0x0, 0x0, 0x0,
    0x0, 0x29, 0xff, 0xff, 0xff, 0x20, 0xdf, 0xff,
    0xf6, 0x0, 0x0, 0x0, 0x0, 0x0, 0x0, 0x6f,
    0xff, 0xff, 0x90, 0xdf, 0xff, 0xf6, 0x0, 0x0,
    0x0, 0x0, 0x0, 0x0, 0x9, 0xff, 0xff, 0xe0,
    0xdf, 0xff, 0xf6, 0x0, 0x0, 0x0, 0x0, 0x0,
    0x0, 0x2, 0xff, 0xff, 0xf1, 0xdf, 0xff, 0xf6,
    0x0, 0x0, 0x0, 0x0, 0x0, 0x0, 0x0, 0xff,
    0xff, 0xf3, 0xdf, 0xff, 0xf6, 0x0, 0x0, 0x0,
    0x0, 0x0, 0x0, 0x0, 0xdf, 0xff, 0xf4, 0xdf,
    0xff, 0xf6, 0x0, 0x0, 0x0, 0x0, 0x0, 0x0,
    0x0, 0xff, 0xff, 0xf3, 0xdf, 0xff, 0xf6, 0x0,
    0x0, 0x0, 0x0, 0x0, 0x0, 0x2, 0xff, 0xff,
    0xf1, 0xdf, 0xff, 0xf6, 0x0, 0x0, 0x0, 0x0,
    0x0, 0x0, 0xa, 0xff, 0xff, 0xe0, 0xdf, 0xff,
    0xf6, 0x0, 0x0, 0x0, 0x0, 0x0, 0x0, 0x6f,
    0xff, 0xff, 0x80, 0xdf, 0xff, 0xf6, 0x0, 0x0,
    0x0, 0x0, 0x0, 0x19, 0xff, 0xff, 0xff, 0x10,
    0xdf, 0xff, 0xfa, 0x77, 0x77, 0x77, 0x77, 0x9c,
    0xff, 0xff, 0xff, 0xf7, 0x0, 0xdf, 0xff, 0xff,
    0xff, 0xff, 0xff, 0xff, 0xff, 0xff, 0xff, 0xff,
    0x90, 0x0, 0xdf, 0xff, 0xff, 0xff, 0xff, 0xff,
    0xff, 0xff, 0xff, 0xff, 0xf7, 0x0, 0x0, 0xdf,
    0xff, 0xff, 0xff, 0xff, 0xff, 0xff, 0xff, 0xff,
    0xfb, 0x20, 0x0, 0x0, 0xdf, 0xff, 0xff, 0xff,
    0xff, 0xff, 0xff, 0xed, 0xa6, 0x10, 0x0, 0x0,
    0x0, 0xdf, 0xff, 0xf6, 0x0, 0x0, 0x0, 0x0,
    0x0, 0x0, 0x0, 0x0, 0x0, 0x0, 0xdf, 0xff,
    0xf6, 0x0, 0x0, 0x0, 0x0, 0x0, 0x0, 0x0,
    0x0, 0x0, 0x0, 0xdf, 0xff, 0xf6, 0x0, 0x0,
    0x0, 0x0, 0x0, 0x0, 0x0, 0x0, 0x0, 0x0,
    0xdf, 0xff, 0xf6, 0x0, 0x0, 0x0, 0x0, 0x0,
    0x0, 0x0, 0x0, 0x0, 0x0, 0xdf, 0xff, 0xf6,
    0x0, 0x0, 0x0, 0x0, 0x0, 0x0, 0x0, 0x0,
    0x0, 0x0, 0xdf, 0xff, 0xf6, 0x0, 0x0, 0x0,
    0x0, 0x0, 0x0, 0x0, 0x0, 0x0, 0x0, 0xdf,
    0xff, 0xf6, 0x0, 0x0, 0x0, 0x0, 0x0, 0x0,
    0x0, 0x0, 0x0, 0x0, 0xdf, 0xff, 0xf6, 0x0,
    0x0, 0x0, 0x0, 0x0, 0x0, 0x0, 0x0, 0x0,
    0x0, 0xdf, 0xff, 0xf6, 0x0, 0x0, 0x0, 0x0,
    0x0, 0x0, 0x0, 0x0, 0x0, 0x0, 0xdf, 0xff,
    0xf6, 0x0, 0x0, 0x0, 0x0, 0x0, 0x0, 0x0,
    0x0, 0x0, 0x0, 0xdf, 0xff, 0xf6, 0x0, 0x0,
    0x0, 0x0, 0x0, 0x0, 0x0, 0x0, 0x0, 0x0,
    0xdf, 0xff, 0xf6, 0x0, 0x0, 0x0, 0x0, 0x0,
    0x0, 0x0, 0x0, 0x0, 0x0, 0xdf, 0xff, 0xf6,
    0x0, 0x0, 0x0, 0x0, 0x0, 0x0, 0x0, 0x0,
    0x0, 0x0,

    /* U+0051 "Q" */
    0x0, 0x0, 0x0, 0x0, 0x0, 0x1, 0x6a, 0xde,
    0xff, 0xec, 0x96, 0x10, 0x0, 0x0, 0x0, 0x0,
    0x0, 0x0, 0x0, 0x0, 0x0, 0x3, 0xbf, 0xff,
    0xff, 0xff, 0xff, 0xff, 0xfb, 0x30, 0x0, 0x0,
    0x0, 0x0, 0x0, 0x0, 0x0, 0x1, 0xbf, 0xff,
    0xff, 0xff, 0xff, 0xff, 0xff, 0xff, 0xfa, 0x10,
    0x0, 0x0, 0x0, 0x0, 0x0, 0x0, 0x3e, 0xff,
    0xff, 0xff, 0xff, 0xff, 0xff, 0xff, 0xff, 0xff,
    0xe3, 0x0, 0x0, 0x0, 0x0, 0x0, 0x4, 0xff,
    0xff, 0xff, 0xff, 0xfc, 0xbb, 0xdf, 0xff, 0xff,
    0xff, 0xff, 0x40, 0x0, 0x0, 0x0, 0x0, 0x3f,
    0xff, 0xff, 0xff, 0xa4, 0x0, 0x0, 0x0, 0x4b,
    0xff, 0xff, 0xff, 0xf2, 0x0, 0x0, 0x0, 0x0,
    0xef, 0xff, 0xff, 0xd2, 0x0, 0x0, 0x0, 0x0,
    0x0, 0x3d, 0xff, 0xff, 0xfd, 0x0, 0x0, 0x0,
    0x9, 0xff, 0xff, 0xfb, 0x0, 0x0, 0x0, 0x0,
    0x0, 0x0, 0x0, 0xcf, 0xff, 0xff, 0x80, 0x0,
    0x0, 0x2f, 0xff, 0xff, 0xc0, 0x0, 0x0, 0x0,
    0x0, 0x0, 0x0, 0x0, 0xd, 0xff, 0xff, 0xf1,
    0x0, 0x0, 0x9f, 0xff, 0xff, 0x20, 0x0, 0x0,
    0x0, 0x0, 0x0, 0x0, 0x0, 0x3, 0xff, 0xff,
    0xf8, 0x0, 0x0, 0xff, 0xff, 0xf8, 0x0, 0x0,
    0x0, 0x0, 0x0, 0x0, 0x0, 0x0, 0x0, 0x9f,
    0xff, 0xfe, 0x0, 0x4, 0xff, 0xff, 0xf2, 0x0,
    0x0, 0x0, 0x0, 0x0, 0x0, 0x0, 0x0, 0x0,
    0x2f, 0xff, 0xff, 0x30, 0x9, 0xff, 0xff, 0xc0,
    0x0, 0x0, 0x0, 0x0, 0x0, 0x0, 0x0, 0x0,
    0x0, 0xd, 0xff, 0xff, 0x80, 0xc, 0xff, 0xff,
    0x80, 0x0, 0x0, 0x0, 0x0, 0x0, 0x0, 0x0,
    0x0, 0x0, 0x9, 0xff, 0xff, 0xb0, 0xe, 0xff,
    0xff, 0x50, 0x0, 0x0, 0x0, 0x0, 0x0, 0x0,
    0x0, 0x0, 0x0, 0x6, 0xff, 0xff, 0xd0, 0xf,
    0xff, 0xff, 0x30, 0x0, 0x0, 0x0, 0x0, 0x0,
    0x0, 0x0, 0x0, 0x0, 0x4, 0xff, 0xff, 0xf0,
    0xf, 0xff, 0xff, 0x20, 0x0, 0x0, 0x0, 0x0,
    0x0, 0x0, 0x0, 0x0, 0x0, 0x3, 0xff, 0xff,
    0xf0, 0x1f, 0xff, 0xff, 0x20, 0x0, 0x0, 0x0,
    0x0, 0x0, 0x0, 0x0, 0x0, 0x0, 0x3, 0xff,
    0xff, 0xf0, 0xf, 0xff, 0xff, 0x20, 0x0, 0x0,
    0x0, 0x0, 0x0, 0x0, 0x0, 0x0, 0x0, 0x3,
    0xff, 0xff, 0xf0, 0xf, 0xff, 0xff, 0x40, 0x0,
    0x0, 0x0, 0x0, 0x0, 0x0, 0x0, 0x0, 0x0,
    0x5, 0xff, 0xff, 0xe0, 0xd, 0xff, 0xff, 0x60,
    0x0, 0x0, 0x0, 0x0, 0x0, 0x0, 0x0, 0x0,
    0x0, 0x7, 0xff, 0xff, 0xc0, 0xa, 0xff, 0xff,
    0xa0, 0x0, 0x0, 0x0, 0x0, 0x0, 0x0, 0x0,
    0x0, 0x0, 0xb, 0xff, 0xff, 0x90, 0x7, 0xff,
    0xff, 0xe0, 0x0, 0x0, 0x0, 0x0, 0x0, 0x0,
    0x0, 0x0, 0x0, 0xf, 0xff, 0xff, 0x50, 0x2,
    0xff, 0xff, 0xf5, 0x0, 0x0, 0x0, 0xb, 0xee,
    0xee, 0x40, 0x0, 0x0, 0x6f, 0xff, 0xff, 0x10,
    0x0, 0xdf, 0xff, 0xfc, 0x0, 0x0, 0x0, 0x1,
    0xef, 0xff, 0xf2, 0x0, 0x0, 0xef, 0xff, 0xfb,
    0x0, 0x0, 0x6f, 0xff, 0xff, 0x70, 0x0, 0x0,
    0x0, 0x4f, 0xff, 0xfd, 0x0, 0x8, 0xff, 0xff,
    0xf4, 0x0, 0x0, 0xd, 0xff, 0xff, 0xf4, 0x0,
    0x0, 0x0, 0x7, 0xff, 0xff, 0xb0, 0x5f, 0xff,
    0xff, 0xb0, 0x0, 0x0, 0x4, 0xff, 0xff, 0xff,
    0x50, 0x0, 0x0, 0x0, 0xaf, 0xff, 0xfb, 0xff,
    0xff, 0xff, 0x20, 0x0, 0x0, 0x0, 0x9f, 0xff,
    0xff, 0xfa, 0x20, 0x0, 0x0, 0xc, 0xff, 0xff,
    0xff, 0xff, 0xf6, 0x0, 0x0, 0x0, 0x0, 0xb,
    0xff, 0xff, 0xff, 0xfc, 0x74, 0x33, 0x59, 0xff,
    0xff, 0xff, 0xff, 0x80, 0x0, 0x0, 0x0, 0x0,
    0x0, 0xbf, 0xff, 0xff, 0xff, 0xff, 0xff, 0xff,
    0xff, 0xff, 0xff, 0xf8, 0x0, 0x0, 0x0, 0x0,
    0x0, 0x0, 0x8, 0xff, 0xff, 0xff, 0xff, 0xff,
    0xff, 0xff, 0xff, 0xff, 0xd0, 0x0, 0x0, 0x0,
    0x0, 0x0, 0x0, 0x0, 0x3b, 0xff, 0xff, 0xff,
    0xff, 0xff, 0xff, 0xff, 0xff, 0xf8, 0x0, 0x0,
    0x0, 0x0, 0x0, 0x0, 0x0, 0x0, 0x39, 0xef,
    0xff, 0xff, 0xff, 0xfd, 0x8d, 0xff, 0xff, 0x50,
    0x0, 0x0, 0x0, 0x0, 0x0, 0x0, 0x0, 0x0,
    0x2, 0x56, 0x77, 0x64, 0x10, 0x2, 0xff, 0xff,
    0xf2, 0x0, 0x0, 0x0, 0x0, 0x0, 0x0, 0x0,
    0x0, 0x0, 0x0, 0x0, 0x0, 0x0, 0x0, 0x5f,
    0xff, 0xfd, 0x10, 0x0, 0x0, 0x0, 0x0, 0x0,
    0x0, 0x0, 0x0, 0x0, 0x0, 0x0, 0x0, 0x0,
    0x9, 0xff, 0xff, 0xb0, 0x0,

    /* U+0052 "R" */
    0xdf, 0xff, 0xff, 0xff, 0xff, 0xff, 0xff, 0xed,
    0xb8, 0x40, 0x0, 0x0, 0x0, 0xd, 0xff, 0xff,
    0xff, 0xff, 0xff, 0xff, 0xff, 0xff, 0xff, 0xd6,
    0x0, 0x0, 0x0, 0xdf, 0xff, 0xff, 0xff, 0xff,
    0xff, 0xff, 0xff, 0xff, 0xff, 0xfc, 0x10, 0x0,
    0xd, 0xff, 0xff, 0xff, 0xff, 0xff, 0xff, 0xff,
    0xff, 0xff, 0xff, 0xfd, 0x10, 0x0, 0xdf, 0xff,
    0xfa, 0x77, 0x77, 0x77, 0x77, 0x8a, 0xef, 0xff,
    0xff, 0xfd, 0x0, 0xd, 0xff, 0xff, 0x60, 0x0,
    0x0, 0x0, 0x0, 0x0, 0x6e, 0xff, 0xff, 0xf7,
    0x0, 0xdf, 0xff, 0xf6, 0x0, 0x0, 0x0, 0x0,
    0x0, 0x0, 0x2e, 0xff, 0xff, 0xe0, 0xd, 0xff,
    0xff, 0x60, 0x0, 0x0, 0x0, 0x0, 0x0, 0x0,
    0x4f, 0xff, 0xff, 0x30, 0xdf, 0xff, 0xf6, 0x0,
    0x0, 0x0, 0x0, 0x0, 0x0, 0x0, 0xdf, 0xff,
    0xf7, 0xd, 0xff, 0xff, 0x60, 0x0, 0x0, 0x0,
    0x0, 0x0, 0x0, 0x9, 0xff, 0xff, 0x80, 0xdf,
    0xff, 0xf6, 0x0, 0x0, 0x0, 0x0, 0x0, 0x0,
    0x0, 0x8f, 0xff, 0xf9, 0xd, 0xff, 0xff, 0x60,
    0x0, 0x0, 0x0, 0x0, 0x0, 0x0, 0x9, 0xff,
    0xff, 0x90, 0xdf, 0xff, 0xf6, 0x0, 0x0, 0x0,
    0x0, 0x0, 0x0, 0x0, 0xcf, 0xff, 0xf7, 0xd,
    0xff, 0xff, 0x60, 0x0, 0x0, 0x0, 0x0, 0x0,
    0x0, 0x3f, 0xff, 0xff, 0x30, 0xdf, 0xff, 0xf6,
    0x0, 0x0, 0x0, 0x0, 0x0, 0x0, 0x1d, 0xff,
    0xff, 0xd0, 0xd, 0xff, 0xff, 0x60, 0x0, 0x0,
    0x0, 0x0, 0x0, 0x5e, 0xff, 0xff, 0xf6, 0x0,
    0xdf, 0xff, 0xf9, 0x66, 0x66, 0x66, 0x66, 0x79,
    0xdf, 0xff, 0xff, 0xfb, 0x0, 0xd, 0xff, 0xff,
    0xff, 0xff, 0xff, 0xff, 0xff, 0xff, 0xff, 0xff,
    0xfd, 0x10, 0x0, 0xdf, 0xff, 0xff, 0xff, 0xff,
    0xff, 0xff, 0xff, 0xff, 0xff, 0xfa, 0x0, 0x0,
    0xd, 0xff, 0xff, 0xff, 0xff, 0xff, 0xff, 0xff,
    0xff, 0xff, 0xc4, 0x0, 0x0, 0x0, 0xdf, 0xff,
    0xff, 0xff, 0xff, 0xff, 0xff, 0xff, 0xff, 0xd0,
    0x0, 0x0, 0x0, 0xd, 0xff, 0xff, 0x60, 0x0,
    0x0, 0x0, 0x6f, 0xff, 0xff, 0x60, 0x0, 0x0,
    0x0, 0xdf, 0xff, 0xf6, 0x0, 0x0, 0x0, 0x0,
    0xdf, 0xff, 0xfe, 0x0, 0x0, 0x0, 0xd, 0xff,
    0xff, 0x60, 0x0, 0x0, 0x0, 0x4, 0xff, 0xff,
    0xf7, 0x0, 0x0, 0x0, 0xdf, 0xff, 0xf6, 0x0,
    0x0, 0x0, 0x0, 0xc, 0xff, 0xff, 0xf1, 0x0,
    0x0, 0xd, 0xff, 0xff, 0x60, 0x0, 0x0, 0x0,
    0x0, 0x3f, 0xff, 0xff, 0x80, 0x0, 0x0, 0xdf,
    0xff, 0xf6, 0x0, 0x0, 0x0, 0x0, 0x0, 0xbf,
    0xff, 0xff, 0x20, 0x0, 0xd, 0xff, 0xff, 0x60,
    0x0, 0x0, 0x0, 0x0, 0x2, 0xff, 0xff, 0xfa,
    0x0, 0x0, 0xdf, 0xff, 0xf6, 0x0, 0x0, 0x0,
    0x0, 0x0, 0x9, 0xff, 0xff, 0xf3, 0x0, 0xd,
    0xff, 0xff, 0x60, 0x0, 0x0, 0x0, 0x0, 0x0,
    0x1f, 0xff, 0xff, 0xb0, 0x0, 0xdf, 0xff, 0xf6,
    0x0, 0x0, 0x0, 0x0, 0x0, 0x0, 0x8f, 0xff,
    0xff, 0x40, 0xd, 0xff, 0xff, 0x60, 0x0, 0x0,
    0x0, 0x0, 0x0, 0x1, 0xff, 0xff, 0xfd, 0x0,
    0xdf, 0xff, 0xf6, 0x0, 0x0, 0x0, 0x0, 0x0,
    0x0, 0x7, 0xff, 0xff, 0xf5, 0xd, 0xff, 0xff,
    0x60, 0x0, 0x0, 0x0, 0x0, 0x0, 0x0, 0xe,
    0xff, 0xff, 0xe0,

    /* U+0053 "S" */
    0x0, 0x0, 0x0, 0x0, 0x37, 0xbd, 0xff, 0xfe,
    0xc9, 0x61, 0x0, 0x0, 0x0, 0x0, 0x0, 0x0,
    0x0, 0x5d, 0xff, 0xff, 0xff, 0xff, 0xff, 0xff,
    0xa2, 0x0, 0x0, 0x0, 0x0, 0x0, 0x1c, 0xff,
    0xff, 0xff, 0xff, 0xff, 0xff, 0xff, 0xff, 0x60,
    0x0, 0x0, 0x0, 0x2, 0xef, 0xff, 0xff, 0xff,
    0xff, 0xff, 0xff, 0xff, 0xff, 0xf8, 0x0, 0x0,
    0x0, 0xd, 0xff, 0xff, 0xff, 0xfb, 0x98, 0x89,
    0xdf, 0xff, 0xff, 0xff, 0x60, 0x0, 0x0, 0x8f,
    0xff, 0xff, 0xf7, 0x0, 0x0, 0x0, 0x2, 0xbf,
    0xff, 0xff, 0xe1, 0x0, 0x0, 0xef, 0xff, 0xfe,
    0x20, 0x0, 0x0, 0x0, 0x0, 0x7, 0xff, 0xff,
    0xf8, 0x0, 0x4, 0xff, 0xff, 0xf3, 0x0, 0x0,
    0x0, 0x0, 0x0, 0x0, 0xaf, 0xff, 0xfd, 0x0,
    0x7, 0xff, 0xff, 0xc0, 0x0, 0x0, 0x0, 0x0,
    0x0, 0x0, 0x2f, 0xff, 0xff, 0x20, 0x8, 0xff,
    0xff, 0xa0, 0x0, 0x0, 0x0, 0x0, 0x0, 0x0,
    0xd, 0xff, 0xff, 0x40, 0x7, 0xff, 0xff, 0xc0,
    0x0, 0x0, 0x0, 0x0, 0x0, 0x0, 0x6, 0x99,
    0x99, 0x30, 0x5, 0xff, 0xff, 0xf3, 0x0, 0x0,
    0x0, 0x0, 0x0, 0x0, 0x0, 0x0, 0x0, 0x0,
    0x0, 0xff, 0xff, 0xfe, 0x40, 0x0, 0x0, 0x0,
    0x0, 0x0, 0x0, 0x0, 0x0, 0x0, 0x0, 0x8f,
    0xff, 0xff, 0xfb, 0x40, 0x0, 0x0, 0x0, 0x0,
    0x0, 0x0, 0x0, 0x0, 0x0, 0xc, 0xff, 0xff,
    0xff, 0xff, 0xb7, 0x30, 0x0, 0x0, 0x0, 0x0,
    0x0, 0x0, 0x0, 0x1, 0xcf, 0xff, 0xff, 0xff,
    0xff, 0xff, 0xc8, 0x40, 0x0, 0x0, 0x0, 0x0,
    0x0, 0x0, 0x7, 0xef, 0xff, 0xff, 0xff, 0xff,
    0xff, 0xff, 0xa3, 0x0, 0x0, 0x0, 0x0, 0x0,
    0x0, 0x6, 0xcf, 0xff, 0xff, 0xff, 0xff, 0xff,
    0xff, 0xc3, 0x0, 0x0, 0x0, 0x0, 0x0, 0x0,
    0x1, 0x6a, 0xef, 0xff, 0xff, 0xff, 0xff, 0xff,
    0x70, 0x0, 0x0, 0x0, 0x0, 0x0, 0x0, 0x0,
    0x1, 0x59, 0xdf, 0xff, 0xff, 0xff, 0xf7, 0x0,
    0x0, 0x0, 0x0, 0x0, 0x0, 0x0, 0x0, 0x0,
    0x2, 0x7e, 0xff, 0xff, 0xff, 0x30, 0x0, 0x0,
    0x0, 0x0, 0x0, 0x0, 0x0, 0x0, 0x0, 0x0,
    0x8f, 0xff, 0xff, 0xb0, 0x0, 0x0, 0x0, 0x0,
    0x0, 0x0, 0x0, 0x0, 0x0, 0x0, 0x8, 0xff,
    0xff, 0xf1, 0x2f, 0xff, 0xff, 0x0, 0x0, 0x0,
    0x0, 0x0, 0x0, 0x0, 0x1, 0xff, 0xff, 0xf3,
    0x1f, 0xff, 0xff, 0x10, 0x0, 0x0, 0x0, 0x0,
    0x0, 0x0, 0x0, 0xef, 0xff, 0xf5, 0xf, 0xff,
    0xff, 0x60, 0x0, 0x0, 0x0, 0x0, 0x0, 0x0,
    0x0, 0xff, 0xff, 0xf4, 0xb, 0xff, 0xff, 0xd0,
    0x0, 0x0, 0x0, 0x0, 0x0, 0x0, 0x4, 0xff,
    0xff, 0xf2, 0x6, 0xff, 0xff, 0xf8, 0x0, 0x0,
    0x0, 0x0, 0x0, 0x0, 0xd, 0xff, 0xff, 0xe0,
    0x0, 0xef, 0xff, 0xff, 0xa0, 0x0, 0x0, 0x0,
    0x0, 0x2, 0xdf, 0xff, 0xff, 0x70, 0x0, 0x5f,
    0xff, 0xff, 0xff, 0x94, 0x10, 0x1, 0x26, 0xbf,
    0xff, 0xff, 0xfd, 0x0, 0x0, 0x8, 0xff, 0xff,
    0xff, 0xff, 0xff, 0xff, 0xff, 0xff, 0xff, 0xff,
    0xf2, 0x0, 0x0, 0x0, 0x7f, 0xff, 0xff, 0xff,
    0xff, 0xff, 0xff, 0xff, 0xff, 0xfe, 0x30, 0x0,
    0x0, 0x0, 0x3, 0xdf, 0xff, 0xff, 0xff, 0xff,
    0xff, 0xff, 0xff, 0x91, 0x0, 0x0, 0x0, 0x0,
    0x0, 0x4, 0xae, 0xff, 0xff, 0xff, 0xff, 0xfd,
    0x82, 0x0, 0x0, 0x0, 0x0, 0x0, 0x0, 0x0,
    0x0, 0x25, 0x67, 0x77, 0x64, 0x10, 0x0, 0x0,
    0x0, 0x0,

    /* U+0054 "T" */
    0xef, 0xff, 0xff, 0xff, 0xff, 0xff, 0xff, 0xff,
    0xff, 0xff, 0xff, 0xff, 0xff, 0xf9, 0xef, 0xff,
    0xff, 0xff, 0xff, 0xff, 0xff, 0xff, 0xff, 0xff,
    0xff, 0xff, 0xff, 0xf9, 0xef, 0xff, 0xff, 0xff,
    0xff, 0xff, 0xff, 0xff, 0xff, 0xff, 0xff, 0xff,
    0xff, 0xf9, 0xef, 0xff, 0xff, 0xff, 0xff, 0xff,
    0xff, 0xff, 0xff, 0xff, 0xff, 0xff, 0xff, 0xf9,
    0x78, 0x88, 0x88, 0x88, 0x88, 0x8d, 0xff, 0xff,
    0xb8, 0x88, 0x88, 0x88, 0x88, 0x84, 0x0, 0x0,
    0x0, 0x0, 0x0, 0xb, 0xff, 0xff, 0x70, 0x0,
    0x0, 0x0, 0x0, 0x0, 0x0, 0x0, 0x0, 0x0,
    0x0, 0xb, 0xff, 0xff, 0x70, 0x0, 0x0, 0x0,
    0x0, 0x0, 0x0, 0x0, 0x0, 0x0, 0x0, 0xb,
    0xff, 0xff, 0x70, 0x0, 0x0, 0x0, 0x0, 0x0,
    0x0, 0x0, 0x0, 0x0, 0x0, 0xb, 0xff, 0xff,
    0x70, 0x0, 0x0, 0x0, 0x0, 0x0, 0x0, 0x0,
    0x0, 0x0, 0x0, 0xb, 0xff, 0xff, 0x70, 0x0,
    0x0, 0x0, 0x0, 0x0, 0x0, 0x0, 0x0, 0x0,
    0x0, 0xb, 0xff, 0xff, 0x70, 0x0, 0x0, 0x0,
    0x0, 0x0, 0x0, 0x0, 0x0, 0x0, 0x0, 0xb,
    0xff, 0xff, 0x70, 0x0, 0x0, 0x0, 0x0, 0x0,
    0x0, 0x0, 0x0, 0x0, 0x0, 0xb, 0xff, 0xff,
    0x70, 0x0, 0x0, 0x0, 0x0, 0x0, 0x0, 0x0,
    0x0, 0x0, 0x0, 0xb, 0xff, 0xff, 0x70, 0x0,
    0x0, 0x0, 0x0, 0x0, 0x0, 0x0, 0x0, 0x0,
    0x0, 0xb, 0xff, 0xff, 0x70, 0x0, 0x0, 0x0,
    0x0, 0x0, 0x0, 0x0, 0x0, 0x0, 0x0, 0xb,
    0xff, 0xff, 0x70, 0x0, 0x0, 0x0, 0x0, 0x0,
    0x0, 0x0, 0x0, 0x0, 0x0, 0xb, 0xff, 0xff,
    0x70, 0x0, 0x0, 0x0, 0x0, 0x0, 0x0, 0x0,
    0x0, 0x0, 0x0, 0xb, 0xff, 0xff, 0x70, 0x0,
    0x0, 0x0, 0x0, 0x0, 0x0, 0x0, 0x0, 0x0,
    0x0, 0xb, 0xff, 0xff, 0x70, 0x0, 0x0, 0x0,
    0x0, 0x0, 0x0, 0x0, 0x0, 0x0, 0x0, 0xb,
    0xff, 0xff, 0x70, 0x0, 0x0, 0x0, 0x0, 0x0,
    0x0, 0x0, 0x0, 0x0, 0x0, 0xb, 0xff, 0xff,
    0x70, 0x0, 0x0, 0x0, 0x0, 0x0, 0x0, 0x0,
    0x0, 0x0, 0x0, 0xb, 0xff, 0xff, 0x70, 0x0,
    0x0, 0x0, 0x0, 0x0, 0x0, 0x0, 0x0, 0x0,
    0x0, 0xb, 0xff, 0xff, 0x70, 0x0, 0x0, 0x0,
    0x0, 0x0, 0x0, 0x0, 0x0, 0x0, 0x0, 0xb,
    0xff, 0xff, 0x70, 0x0, 0x0, 0x0, 0x0, 0x0,
    0x0, 0x0, 0x0, 0x0, 0x0, 0xb, 0xff, 0xff,
    0x70, 0x0, 0x0, 0x0, 0x0, 0x0, 0x0, 0x0,
    0x0, 0x0, 0x0, 0xb, 0xff, 0xff, 0x70, 0x0,
    0x0, 0x0, 0x0, 0x0, 0x0, 0x0, 0x0, 0x0,
    0x0, 0xb, 0xff, 0xff, 0x70, 0x0, 0x0, 0x0,
    0x0, 0x0, 0x0, 0x0, 0x0, 0x0, 0x0, 0xb,
    0xff, 0xff, 0x70, 0x0, 0x0, 0x0, 0x0, 0x0,
    0x0, 0x0, 0x0, 0x0, 0x0, 0xb, 0xff, 0xff,
    0x70, 0x0, 0x0, 0x0, 0x0, 0x0, 0x0, 0x0,
    0x0, 0x0, 0x0, 0xb, 0xff, 0xff, 0x70, 0x0,
    0x0, 0x0, 0x0, 0x0, 0x0, 0x0, 0x0, 0x0,
    0x0, 0xb, 0xff, 0xff, 0x70, 0x0, 0x0, 0x0,
    0x0, 0x0, 0x0, 0x0, 0x0, 0x0, 0x0, 0xb,
    0xff, 0xff, 0x70, 0x0, 0x0, 0x0, 0x0, 0x0,
    0x0, 0x0, 0x0, 0x0, 0x0, 0xb, 0xff, 0xff,
    0x70, 0x0, 0x0, 0x0, 0x0, 0x0, 0x0, 0x0,
    0x0, 0x0, 0x0, 0xb, 0xff, 0xff, 0x70, 0x0,
    0x0, 0x0, 0x0, 0x0,

    /* U+0055 "U" */
    0xff, 0xff, 0xf3, 0x0, 0x0, 0x0, 0x0, 0x0,
    0x0, 0x0, 0x0, 0x6f, 0xff, 0xfc, 0xff, 0xff,
    0xf3, 0x0, 0x0, 0x0, 0x0, 0x0, 0x0, 0x0,
    0x0, 0x6f, 0xff, 0xfc, 0xff, 0xff, 0xf3, 0x0,
    0x0, 0x0, 0x0, 0x0, 0x0, 0x0, 0x0, 0x6f,
    0xff, 0xfc, 0xff, 0xff, 0xf3, 0x0, 0x0, 0x0,
    0x0, 0x0, 0x0, 0x0, 0x0, 0x6f, 0xff, 0xfc,
    0xff, 0xff, 0xf3, 0x0, 0x0, 0x0, 0x0, 0x0,
    0x0, 0x0, 0x0, 0x6f, 0xff, 0xfc, 0xff, 0xff,
    0xf3, 0x0, 0x0, 0x0, 0x0, 0x0, 0x0, 0x0,
    0x0, 0x6f, 0xff, 0xfc, 0xff, 0xff, 0xf3, 0x0,
    0x0, 0x0, 0x0, 0x0, 0x0, 0x0, 0x0, 0x6f,
    0xff, 0xfc, 0xff, 0xff, 0xf3, 0x0, 0x0, 0x0,
    0x0, 0x0, 0x0, 0x0, 0x0, 0x6f, 0xff, 0xfc,
    0xff, 0xff, 0xf3, 0x0, 0x0, 0x0, 0x0, 0x0,
    0x0, 0x0, 0x0, 0x6f, 0xff, 0xfc, 0xff, 0xff,
    0xf3, 0x0, 0x0, 0x0, 0x0, 0x0, 0x0, 0x0,
    0x0, 0x6f, 0xff, 0xfc, 0xff, 0xff, 0xf3, 0x0,
    0x0, 0x0, 0x0, 0x0, 0x0, 0x0, 0x0, 0x6f,
    0xff, 0xfc, 0xff, 0xff, 0xf3, 0x0, 0x0, 0x0,
    0x0, 0x0, 0x0, 0x0, 0x0, 0x6f, 0xff, 0xfc,
    0xff, 0xff, 0xf3, 0x0, 0x0, 0x0, 0x0, 0x0,
    0x0, 0x0, 0x0, 0x6f, 0xff, 0xfc, 0xff, 0xff,
    0xf3, 0x0, 0x0, 0x0, 0x0, 0x0, 0x0, 0x0,
    0x0, 0x6f, 0xff, 0xfc, 0xff, 0xff, 0xf3, 0x0,
    0x0, 0x0, 0x0, 0x0, 0x0, 0x0, 0x0, 0x6f,
    0xff, 0xfc, 0xff, 0xff, 0xf3, 0x0, 0x0, 0x0,
    0x0, 0x0, 0x0, 0x0, 0x0, 0x6f, 0xff, 0xfc,
    0xff, 0xff, 0xf3, 0x0, 0x0, 0x0, 0x0, 0x0,
    0x0, 0x0, 0x0, 0x6f, 0xff, 0xfc, 0xff, 0xff,
    0xf3, 0x0, 0x0, 0x0, 0x0, 0x0, 0x0, 0x0,
    0x0, 0x6f, 0xff, 0xfc, 0xff, 0xff, 0xf3, 0x0,
    0x0, 0x0, 0x0, 0x0, 0x0, 0x0, 0x0, 0x6f,
    0xff, 0xfc, 0xff, 0xff, 0xf3, 0x0, 0x0, 0x0,
    0x0, 0x0, 0x0, 0x0, 0x0, 0x6f, 0xff, 0xfc,
    0xff, 0xff, 0xf3, 0x0, 0x0, 0x0, 0x0, 0x0,
    0x0, 0x0, 0x0, 0x6f, 0xff, 0xfc, 0xff, 0xff,
    0xf3, 0x0, 0x0, 0x0, 0x0, 0x0, 0x0, 0x0,
    0x0, 0x6f, 0xff, 0xfc, 0xff, 0xff, 0xf4, 0x0,
    0x0, 0x0, 0x0, 0x0, 0x0, 0x0, 0x0, 0x7f,
    0xff, 0xfb, 0xef, 0xff, 0xf5, 0x0, 0x0, 0x0,
    0x0, 0x0, 0x0, 0x0, 0x0, 0x9f, 0xff, 0xfa,
    0xcf, 0xff, 0xfa, 0x0, 0x0, 0x0, 0x0, 0x0,
    0x0, 0x0, 0x0, 0xdf, 0xff, 0xf8, 0x9f, 0xff,
    0xff, 0x10, 0x0, 0x0, 0x0, 0x0, 0x0, 0x0,
    0x4, 0xff, 0xff, 0xf5, 0x3f, 0xff, 0xff, 0xa0,
    0x0, 0x0, 0x0, 0x0, 0x0, 0x0, 0xd, 0xff,
    0xff, 0xf0, 0xd, 0xff, 0xff, 0xf7, 0x0, 0x0,
    0x0, 0x0, 0x0, 0x0, 0xbf, 0xff, 0xff, 0x90,
    0x4, 0xff, 0xff, 0xff, 0xa1, 0x0, 0x0, 0x0,
    0x0, 0x3c, 0xff, 0xff, 0xff, 0x10, 0x0, 0x9f,
    0xff, 0xff, 0xff, 0xa6, 0x42, 0x34, 0x7c, 0xff,
    0xff, 0xff, 0xf6, 0x0, 0x0, 0xb, 0xff, 0xff,
    0xff, 0xff, 0xff, 0xff, 0xff, 0xff, 0xff, 0xff,
    0x80, 0x0, 0x0, 0x0, 0x9f, 0xff, 0xff, 0xff,
    0xff, 0xff, 0xff, 0xff, 0xff, 0xf6, 0x0, 0x0,
    0x0, 0x0, 0x4, 0xdf, 0xff, 0xff, 0xff, 0xff,
    0xff, 0xff, 0xfc, 0x20, 0x0, 0x0, 0x0, 0x0,
    0x0, 0x5, 0xbf, 0xff, 0xff, 0xff, 0xff, 0xea,
    0x30, 0x0, 0x0, 0x0, 0x0, 0x0, 0x0, 0x0,
    0x0, 0x35, 0x67, 0x76, 0x52, 0x0, 0x0, 0x0,
    0x0, 0x0,

    /* U+0056 "V" */
    0x7f, 0xff, 0xff, 0x20, 0x0, 0x0, 0x0, 0x0,
    0x0, 0x0, 0x0, 0x0, 0x0, 0xef, 0xff, 0xfa,
    0x1f, 0xff, 0xff, 0x80, 0x0, 0x0, 0x0, 0x0,
    0x0, 0x0, 0x0, 0x0, 0x3, 0xff, 0xff, 0xf4,
    0xb, 0xff, 0xff, 0xe0, 0x0, 0x0, 0x0, 0x0,
    0x0, 0x0, 0x0, 0x0, 0x9, 0xff, 0xff, 0xe0,
    0x5, 0xff, 0xff, 0xf3, 0x0, 0x0, 0x0, 0x0,
    0x0, 0x0, 0x0, 0x0, 0xe, 0xff, 0xff, 0x80,
    0x0, 0xef, 0xff, 0xf9, 0x0, 0x0, 0x0, 0x0,
    0x0, 0x0, 0x0, 0x0, 0x4f, 0xff, 0xff, 0x20,
    0x0, 0x9f, 0xff, 0xfe, 0x0, 0x0, 0x0, 0x0,
    0x0, 0x0, 0x0, 0x0, 0xaf, 0xff, 0xfc, 0x0,
    0x0, 0x3f, 0xff, 0xff, 0x50, 0x0, 0x0, 0x0,
    0x0, 0x0, 0x0, 0x0, 0xff, 0xff, 0xf6, 0x0,
    0x0, 0xd, 0xff, 0xff, 0xb0, 0x0, 0x0, 0x0,
    0x0, 0x0, 0x0, 0x5, 0xff, 0xff, 0xf1, 0x0,
    0x0, 0x7, 0xff, 0xff, 0xf1, 0x0, 0x0, 0x0,
    0x0, 0x0, 0x0, 0xb, 0xff, 0xff, 0xa0, 0x0,
    0x0, 0x1, 0xff, 0xff, 0xf6, 0x0, 0x0, 0x0,
    0x0, 0x0, 0x0, 0x1f, 0xff, 0xff, 0x50, 0x0,
    0x0, 0x0, 0xbf, 0xff, 0xfc, 0x0, 0x0, 0x0,
    0x0, 0x0, 0x0, 0x6f, 0xff, 0xfe, 0x0, 0x0,
    0x0, 0x0, 0x5f, 0xff, 0xff, 0x20, 0x0, 0x0,
    0x0, 0x0, 0x0, 0xbf, 0xff, 0xf9, 0x0, 0x0,
    0x0, 0x0, 0xe, 0xff, 0xff, 0x70, 0x0, 0x0,
    0x0, 0x0, 0x1, 0xff, 0xff, 0xf3, 0x0, 0x0,
    0x0, 0x0, 0x9, 0xff, 0xff, 0xd0, 0x0, 0x0,
    0x0, 0x0, 0x7, 0xff, 0xff, 0xd0, 0x0, 0x0,
    0x0, 0x0, 0x3, 0xff, 0xff, 0xf3, 0x0, 0x0,
    0x0, 0x0, 0xc, 0xff, 0xff, 0x70, 0x0, 0x0,
    0x0, 0x0, 0x0, 0xdf, 0xff, 0xf9, 0x0, 0x0,
    0x0, 0x0, 0x2f, 0xff, 0xff, 0x10, 0x0, 0x0,
    0x0, 0x0, 0x0, 0x7f, 0xff, 0xfe, 0x0, 0x0,
    0x0, 0x0, 0x7f, 0xff, 0xfb, 0x0, 0x0, 0x0,
    0x0, 0x0, 0x0, 0x1f, 0xff, 0xff, 0x40, 0x0,
    0x0, 0x0, 0xdf, 0xff, 0xf6, 0x0, 0x0, 0x0,
    0x0, 0x0, 0x0, 0xb, 0xff, 0xff, 0xa0, 0x0,
    0x0, 0x3, 0xff, 0xff, 0xf0, 0x0, 0x0, 0x0,
    0x0, 0x0, 0x0, 0x5, 0xff, 0xff, 0xf0, 0x0,
    0x0, 0x8, 0xff, 0xff, 0xa0, 0x0, 0x0, 0x0,
    0x0, 0x0, 0x0, 0x0, 0xff, 0xff, 0xf5, 0x0,
    0x0, 0xd, 0xff, 0xff, 0x40, 0x0, 0x0, 0x0,
    0x0, 0x0, 0x0, 0x0, 0x9f, 0xff, 0xfa, 0x0,
    0x0, 0x3f, 0xff, 0xfe, 0x0, 0x0, 0x0, 0x0,
    0x0, 0x0, 0x0, 0x0, 0x3f, 0xff, 0xff, 0x0,
    0x0, 0x8f, 0xff, 0xf8, 0x0, 0x0, 0x0, 0x0,
    0x0, 0x0, 0x0, 0x0, 0xd, 0xff, 0xff, 0x50,
    0x0, 0xdf, 0xff, 0xf2, 0x0, 0x0, 0x0, 0x0,
    0x0, 0x0, 0x0, 0x0, 0x7, 0xff, 0xff, 0xa0,
    0x2, 0xff, 0xff, 0xc0, 0x0, 0x0, 0x0, 0x0,
    0x0, 0x0, 0x0, 0x0, 0x1, 0xff, 0xff, 0xf0,
    0x8, 0xff, 0xff, 0x60, 0x0, 0x0, 0x0, 0x0,
    0x0, 0x0, 0x0, 0x0, 0x0, 0xbf, 0xff, 0xf5,
    0xd, 0xff, 0xff, 0x10, 0x0, 0x0, 0x0, 0x0,
    0x0, 0x0, 0x0, 0x0, 0x0, 0x5f, 0xff, 0xfa,
    0x2f, 0xff, 0xfb, 0x0, 0x0, 0x0, 0x0, 0x0,
    0x0, 0x0, 0x0, 0x0, 0x0, 0xf, 0xff, 0xff,
    0x7f, 0xff, 0xf5, 0x0, 0x0, 0x0, 0x0, 0x0,
    0x0, 0x0, 0x0, 0x0, 0x0, 0x9, 0xff, 0xff,
    0xff, 0xff, 0xe0, 0x0, 0x0, 0x0, 0x0, 0x0,
    0x0, 0x0, 0x0, 0x0, 0x0, 0x3, 0xff, 0xff,
    0xff, 0xff, 0x90, 0x0, 0x0, 0x0, 0x0, 0x0,
    0x0, 0x0, 0x0, 0x0, 0x0, 0x0, 0xdf, 0xff,
    0xff, 0xff, 0x30, 0x0, 0x0, 0x0, 0x0, 0x0,
    0x0, 0x0, 0x0, 0x0, 0x0, 0x0, 0x8f, 0xff,
    0xff, 0xfd, 0x0, 0x0, 0x0, 0x0, 0x0, 0x0,
    0x0, 0x0, 0x0, 0x0, 0x0, 0x0, 0x2f, 0xff,
    0xff, 0xf7, 0x0, 0x0, 0x0, 0x0, 0x0, 0x0,

    /* U+0057 "W" */
    0x7f, 0xff, 0xfe, 0x0, 0x0, 0x0, 0x0, 0x0,
    0x0, 0x0, 0xcf, 0xff, 0xff, 0x20, 0x0, 0x0,
    0x0, 0x0, 0x0, 0x0, 0xaf, 0xff, 0xfc, 0x3f,
    0xff, 0xff, 0x20, 0x0, 0x0, 0x0, 0x0, 0x0,
    0x1, 0xff, 0xff, 0xff, 0x60, 0x0, 0x0, 0x0,
    0x0, 0x0, 0x0, 0xef, 0xff, 0xf8, 0xe, 0xff,
    0xff, 0x70, 0x0, 0x0, 0x0, 0x0, 0x0, 0x5,
    0xff, 0xff, 0xff, 0xa0, 0x0, 0x0, 0x0, 0x0,
    0x0, 0x2, 0xff, 0xff, 0xf3, 0xa, 0xff, 0xff,
    0xb0, 0x0, 0x0, 0x0, 0x0, 0x0, 0x9, 0xff,
    0xff, 0xff, 0xe0, 0x0, 0x0, 0x0, 0x0, 0x0,
    0x6, 0xff, 0xff, 0xf0, 0x5, 0xff, 0xff, 0xf0,
    0x0, 0x0, 0x0, 0x0, 0x0, 0xe, 0xff, 0xff,
    0xff, 0xf3, 0x0, 0x0, 0x0, 0x0, 0x0, 0xa,
    0xff, 0xff, 0xa0, 0x1, 0xff, 0xff, 0xf3, 0x0,
    0x0, 0x0, 0x0, 0x0, 0x2f, 0xff, 0xff, 0xff,
    0xf7, 0x0, 0x0, 0x0, 0x0, 0x0, 0xe, 0xff,
    0xff, 0x60, 0x0, 0xdf, 0xff, 0xf7, 0x0, 0x0,
    0x0, 0x0, 0x0, 0x6f, 0xff, 0xff, 0xff, 0xfb,
    0x0, 0x0, 0x0, 0x0, 0x0, 0x2f, 0xff, 0xff,
    0x10, 0x0, 0x8f, 0xff, 0xfb, 0x0, 0x0, 0x0,
    0x0, 0x0, 0xaf, 0xff, 0xea, 0xff, 0xff, 0x0,
    0x0, 0x0, 0x0, 0x0, 0x7f, 0xff, 0xfd, 0x0,
    0x0, 0x4f, 0xff, 0xff, 0x0, 0x0, 0x0, 0x0,
    0x0, 0xef, 0xff, 0xb6, 0xff, 0xff, 0x40, 0x0,
    0x0, 0x0, 0x0, 0xbf, 0xff, 0xf8, 0x0, 0x0,
    0xf, 0xff, 0xff, 0x40, 0x0, 0x0, 0x0, 0x3,
    0xff, 0xff, 0x73, 0xff, 0xff, 0x80, 0x0, 0x0,
    0x0, 0x0, 0xff, 0xff, 0xf4, 0x0, 0x0, 0xb,
    0xff, 0xff, 0x80, 0x0, 0x0, 0x0, 0x7, 0xff,
    0xff, 0x40, 0xef, 0xff, 0xc0, 0x0, 0x0, 0x0,
    0x3, 0xff, 0xff, 0xf0, 0x0, 0x0, 0x6, 0xff,
    0xff, 0xc0, 0x0, 0x0, 0x0, 0xc, 0xff, 0xff,
    0x0, 0xbf, 0xff, 0xf1, 0x0, 0x0, 0x0, 0x7,
    0xff, 0xff, 0xb0, 0x0, 0x0, 0x2, 0xff, 0xff,
    0xf0, 0x0, 0x0, 0x0, 0xf, 0xff, 0xfb, 0x0,
    0x7f, 0xff, 0xf5, 0x0, 0x0, 0x0, 0xb, 0xff,
    0xff, 0x70, 0x0, 0x0, 0x0, 0xdf, 0xff, 0xf4,
    0x0, 0x0, 0x0, 0x4f, 0xff, 0xf7, 0x0, 0x2f,
    0xff, 0xf9, 0x0, 0x0, 0x0, 0xf, 0xff, 0xff,
    0x20, 0x0, 0x0, 0x0, 0x9f, 0xff, 0xf8, 0x0,
    0x0, 0x0, 0x8f, 0xff, 0xf3, 0x0, 0xe, 0xff,
    0xfd, 0x0, 0x0, 0x0, 0x4f, 0xff, 0xfe, 0x0,
    0x0, 0x0, 0x0, 0x4f, 0xff, 0xfc, 0x0, 0x0,
    0x0, 0xdf, 0xff, 0xe0, 0x0, 0xa, 0xff, 0xff,
    0x20, 0x0, 0x0, 0x8f, 0xff, 0xf9, 0x0, 0x0,
    0x0, 0x0, 0xf, 0xff, 0xff, 0x10, 0x0, 0x1,
    0xff, 0xff, 0xa0, 0x0, 0x5, 0xff, 0xff, 0x60,
    0x0, 0x0, 0xcf, 0xff, 0xf5, 0x0, 0x0, 0x0,
    0x0, 0xc, 0xff, 0xff, 0x50, 0x0, 0x5, 0xff,
    0xff, 0x60, 0x0, 0x1, 0xff, 0xff, 0xa0, 0x0,
    0x0, 0xff, 0xff, 0xf0, 0x0, 0x0, 0x0, 0x0,
    0x7, 0xff, 0xff, 0x90, 0x0, 0xa, 0xff, 0xff,
    0x10, 0x0, 0x0, 0xcf, 0xff, 0xe0, 0x0, 0x4,
    0xff, 0xff, 0xc0, 0x0, 0x0, 0x0, 0x0, 0x3,
    0xff, 0xff, 0xd0, 0x0, 0xe, 0xff, 0xfd, 0x0,
    0x0, 0x0, 0x8f, 0xff, 0xf2, 0x0, 0x8, 0xff,
    0xff, 0x70, 0x0, 0x0, 0x0, 0x0, 0x0, 0xef,
    0xff, 0xf1, 0x0, 0x2f, 0xff, 0xf9, 0x0, 0x0,
    0x0, 0x4f, 0xff, 0xf6, 0x0, 0xc, 0xff, 0xff,
    0x30, 0x0, 0x0, 0x0, 0x0, 0x0, 0xaf, 0xff,
    0xf5, 0x0, 0x6f, 0xff, 0xf4, 0x0, 0x0, 0x0,
    0xf, 0xff, 0xfa, 0x0, 0xf, 0xff, 0xfe, 0x0,
    0x0, 0x0, 0x0, 0x0, 0x0, 0x5f, 0xff, 0xf9,
    0x0, 0xaf, 0xff, 0xf0, 0x0, 0x0, 0x0, 0xb,
    0xff, 0xfe, 0x0, 0x4f, 0xff, 0xfa, 0x0, 0x0,
    0x0, 0x0, 0x0, 0x0, 0x1f, 0xff, 0xfc, 0x0,
    0xef, 0xff, 0xb0, 0x0, 0x0, 0x0, 0x6, 0xff,
    0xff, 0x20, 0x8f, 0xff, 0xf5, 0x0, 0x0, 0x0,
    0x0, 0x0, 0x0, 0xc, 0xff, 0xff, 0x2, 0xff,
    0xff, 0x70, 0x0, 0x0, 0x0, 0x2, 0xff, 0xff,
    0x60, 0xbf, 0xff, 0xf1, 0x0, 0x0, 0x0, 0x0,
    0x0, 0x0, 0x8, 0xff, 0xff, 0x46, 0xff, 0xff,
    0x30, 0x0, 0x0, 0x0, 0x0, 0xef, 0xff, 0xa0,
    0xff, 0xff, 0xc0, 0x0, 0x0, 0x0, 0x0, 0x0,
    0x0, 0x3, 0xff, 0xff, 0x79, 0xff, 0xfe, 0x0,
    0x0, 0x0, 0x0, 0x0, 0x9f, 0xff, 0xe3, 0xff,
    0xff, 0x80, 0x0, 0x0, 0x0, 0x0, 0x0, 0x0,
    0x0, 0xff, 0xff, 0xbd, 0xff, 0xfa, 0x0, 0x0,
    0x0, 0x0, 0x0, 0x5f, 0xff, 0xf8, 0xff, 0xff,
    0x30, 0x0, 0x0, 0x0, 0x0, 0x0, 0x0, 0x0,
    0xbf, 0xff, 0xef, 0xff, 0xf6, 0x0, 0x0, 0x0,
    0x0, 0x0, 0x1f, 0xff, 0xff, 0xff, 0xff, 0x0,
    0x0, 0x0, 0x0, 0x0, 0x0, 0x0, 0x0, 0x6f,
    0xff, 0xff, 0xff, 0xf1, 0x0, 0x0, 0x0, 0x0,
    0x0, 0xc, 0xff, 0xff, 0xff, 0xfa, 0x0, 0x0,
    0x0, 0x0, 0x0, 0x0, 0x0, 0x0, 0x2f, 0xff,
    0xff, 0xff, 0xd0, 0x0, 0x0, 0x0, 0x0, 0x0,
    0x7, 0xff, 0xff, 0xff, 0xf6, 0x0, 0x0, 0x0,
    0x0, 0x0, 0x0, 0x0, 0x0, 0xd, 0xff, 0xff,
    0xff, 0x80, 0x0, 0x0, 0x0, 0x0, 0x0, 0x3,
    0xff, 0xff, 0xff, 0xf1, 0x0, 0x0, 0x0, 0x0,
    0x0, 0x0, 0x0, 0x0, 0x9, 0xff, 0xff, 0xff,
    0x40, 0x0, 0x0, 0x0, 0x0, 0x0, 0x0, 0xef,
    0xff, 0xff, 0xd0, 0x0, 0x0, 0x0, 0x0, 0x0,
    0x0, 0x0, 0x0, 0x4, 0xff, 0xff, 0xff, 0x0,
    0x0, 0x0, 0x0, 0x0, 0x0, 0x0, 0xaf, 0xff,
    0xff, 0x80, 0x0, 0x0, 0x0, 0x0,

    /* U+0058 "X" */
    0x4, 0xff, 0xff, 0xfa, 0x0, 0x0, 0x0, 0x0,
    0x0, 0x0, 0x0, 0x0, 0x9f, 0xff, 0xff, 0x30,
    0x0, 0x9f, 0xff, 0xff, 0x60, 0x0, 0x0, 0x0,
    0x0, 0x0, 0x0, 0x5, 0xff, 0xff, 0xf8, 0x0,
    0x0, 0xd, 0xff, 0xff, 0xf1, 0x0, 0x0, 0x0,
    0x0, 0x0, 0x0, 0x1e, 0xff, 0xff, 0xc0, 0x0,
    0x0, 0x3, 0xff, 0xff, 0xfb, 0x0, 0x0, 0x0,
    0x0, 0x0, 0x0, 0xbf, 0xff, 0xff, 0x20, 0x0,
    0x0, 0x0, 0x7f, 0xff, 0xff, 0x70, 0x0, 0x0,
    0x0, 0x0, 0x7, 0xff, 0xff, 0xf6, 0x0, 0x0,
    0x0, 0x0, 0xc, 0xff, 0xff, 0xf2, 0x0, 0x0,
    0x0, 0x0, 0x2f, 0xff, 0xff, 0xa0, 0x0, 0x0,
    0x0, 0x0, 0x2, 0xff, 0xff, 0xfc, 0x0, 0x0,
    0x0, 0x0, 0xdf, 0xff, 0xfe, 0x10, 0x0, 0x0,
    0x0, 0x0, 0x0, 0x6f, 0xff, 0xff, 0x80, 0x0,
    0x0, 0x8, 0xff, 0xff, 0xf4, 0x0, 0x0, 0x0,
    0x0, 0x0, 0x0, 0xa, 0xff, 0xff, 0xf3, 0x0,
    0x0, 0x3f, 0xff, 0xff, 0x80, 0x0, 0x0, 0x0,
    0x0, 0x0, 0x0, 0x1, 0xef, 0xff, 0xfd, 0x0,
    0x0, 0xef, 0xff, 0xfd, 0x0, 0x0, 0x0, 0x0,
    0x0, 0x0, 0x0, 0x0, 0x4f, 0xff, 0xff, 0x80,
    0x9, 0xff, 0xff, 0xf2, 0x0, 0x0, 0x0, 0x0,
    0x0, 0x0, 0x0, 0x0, 0x9, 0xff, 0xff, 0xf3,
    0x4f, 0xff, 0xff, 0x70, 0x0, 0x0, 0x0, 0x0,
    0x0, 0x0, 0x0, 0x0, 0x0, 0xdf, 0xff, 0xfd,
    0xef, 0xff, 0xfb, 0x0, 0x0, 0x0, 0x0, 0x0,
    0x0, 0x0, 0x0, 0x0, 0x0, 0x3f, 0xff, 0xff,
    0xff, 0xff, 0xe1, 0x0, 0x0, 0x0, 0x0, 0x0,
    0x0, 0x0, 0x0, 0x0, 0x0, 0x7, 0xff, 0xff,
    0xff, 0xff, 0x50, 0x0, 0x0, 0x0, 0x0, 0x0,
    0x0, 0x0, 0x0, 0x0, 0x0, 0x0, 0xcf, 0xff,
    0xff, 0xf9, 0x0, 0x0, 0x0, 0x0, 0x0, 0x0,
    0x0, 0x0, 0x0, 0x0, 0x0, 0x0, 0x2f, 0xff,
    0xff, 0xf2, 0x0, 0x0, 0x0, 0x0, 0x0, 0x0,
    0x0, 0x0, 0x0, 0x0, 0x0, 0x0, 0xaf, 0xff,
    0xff, 0xfb, 0x0, 0x0, 0x0, 0x0, 0x0, 0x0,
    0x0, 0x0, 0x0, 0x0, 0x0, 0x5, 0xff, 0xff,
    0xff, 0xff, 0x60, 0x0, 0x0, 0x0, 0x0, 0x0,
    0x0, 0x0, 0x0, 0x0, 0x0, 0x2f, 0xff, 0xff,
    0xff, 0xff, 0xf2, 0x0, 0x0, 0x0, 0x0, 0x0,
    0x0, 0x0, 0x0, 0x0, 0x0, 0xcf, 0xff, 0xfd,
    0xff, 0xff, 0xfc, 0x0, 0x0, 0x0, 0x0, 0x0,
    0x0, 0x0, 0x0, 0x0, 0x8, 0xff, 0xff, 0xf3,
    0x6f, 0xff, 0xff, 0x80, 0x0, 0x0, 0x0, 0x0,
    0x0, 0x0, 0x0, 0x0, 0x3f, 0xff, 0xff, 0x80,
    0xb, 0xff, 0xff, 0xf4, 0x0, 0x0, 0x0, 0x0,
    0x0, 0x0, 0x0, 0x1, 0xef, 0xff, 0xfc, 0x0,
    0x1, 0xef, 0xff, 0xfe, 0x10, 0x0, 0x0, 0x0,
    0x0, 0x0, 0x0, 0xa, 0xff, 0xff, 0xf2, 0x0,
    0x0, 0x5f, 0xff, 0xff, 0xa0, 0x0, 0x0, 0x0,
    0x0, 0x0, 0x0, 0x6f, 0xff, 0xff, 0x60, 0x0,
    0x0, 0xa, 0xff, 0xff, 0xf5, 0x0, 0x0, 0x0,
    0x0, 0x0, 0x2, 0xff, 0xff, 0xfb, 0x0, 0x0,
    0x0, 0x0, 0xef, 0xff, 0xff, 0x10, 0x0, 0x0,
    0x0, 0x0, 0xc, 0xff, 0xff, 0xe1, 0x0, 0x0,
    0x0, 0x0, 0x3f, 0xff, 0xff, 0xc0, 0x0, 0x0,
    0x0, 0x0, 0x8f, 0xff, 0xff, 0x40, 0x0, 0x0,
    0x0, 0x0, 0x8, 0xff, 0xff, 0xf7, 0x0, 0x0,
    0x0, 0x4, 0xff, 0xff, 0xf9, 0x0, 0x0, 0x0,
    0x0, 0x0, 0x0, 0xdf, 0xff, 0xff, 0x30, 0x0,
    0x0, 0x1e, 0xff, 0xff, 0xd0, 0x0, 0x0, 0x0,
    0x0, 0x0, 0x0, 0x2f, 0xff, 0xff, 0xd0, 0x0,
    0x0, 0xbf, 0xff, 0xff, 0x20, 0x0, 0x0, 0x0,
    0x0, 0x0, 0x0, 0x7, 0xff, 0xff, 0xf9, 0x0,
    0x6, 0xff, 0xff, 0xf7, 0x0, 0x0, 0x0, 0x0,
    0x0, 0x0, 0x0, 0x0, 0xbf, 0xff, 0xff, 0x40,
    0x2f, 0xff, 0xff, 0xb0, 0x0, 0x0, 0x0, 0x0,
    0x0, 0x0, 0x0, 0x0, 0x1e, 0xff, 0xff, 0xe1,

    /* U+0059 "Y" */
    0x4f, 0xff, 0xff, 0xb0, 0x0, 0x0, 0x0, 0x0,
    0x0, 0x0, 0x0, 0x0, 0x1f, 0xff, 0xff, 0xd0,
    0xa, 0xff, 0xff, 0xf5, 0x0, 0x0, 0x0, 0x0,
    0x0, 0x0, 0x0, 0x0, 0xaf, 0xff, 0xff, 0x40,
    0x1, 0xff, 0xff, 0xfe, 0x0, 0x0, 0x0, 0x0,
    0x0, 0x0, 0x0, 0x4, 0xff, 0xff, 0xfa, 0x0,
    0x0, 0x6f, 0xff, 0xff, 0x90, 0x0, 0x0, 0x0,
    0x0, 0x0, 0x0, 0xd, 0xff, 0xff, 0xe1, 0x0,
    0x0, 0xc, 0xff, 0xff, 0xf3, 0x0, 0x0, 0x0,
    0x0, 0x0, 0x0, 0x8f, 0xff, 0xff, 0x60, 0x0,
    0x0, 0x2, 0xff, 0xff, 0xfc, 0x0, 0x0, 0x0,
    0x0, 0x0, 0x2, 0xff, 0xff, 0xfc, 0x0, 0x0,
    0x0, 0x0, 0x8f, 0xff, 0xff, 0x60, 0x0, 0x0,
    0x0, 0x0, 0xb, 0xff, 0xff, 0xf2, 0x0, 0x0,
    0x0, 0x0, 0xd, 0xff, 0xff, 0xf1, 0x0, 0x0,
    0x0, 0x0, 0x5f, 0xff, 0xff, 0x80, 0x0, 0x0,
    0x0, 0x0, 0x4, 0xff, 0xff, 0xfa, 0x0, 0x0,
    0x0, 0x0, 0xef, 0xff, 0xfd, 0x0, 0x0, 0x0,
    0x0, 0x0, 0x0, 0xaf, 0xff, 0xff, 0x40, 0x0,
    0x0, 0x9, 0xff, 0xff, 0xf4, 0x0, 0x0, 0x0,
    0x0, 0x0, 0x0, 0x1e, 0xff, 0xff, 0xd0, 0x0,
    0x0, 0x3f, 0xff, 0xff, 0xa0, 0x0, 0x0, 0x0,
    0x0, 0x0, 0x0, 0x5, 0xff, 0xff, 0xf8, 0x0,
    0x0, 0xcf, 0xff, 0xfe, 0x10, 0x0, 0x0, 0x0,
    0x0, 0x0, 0x0, 0x0, 0xbf, 0xff, 0xff, 0x20,
    0x6, 0xff, 0xff, 0xf6, 0x0, 0x0, 0x0, 0x0,
    0x0, 0x0, 0x0, 0x0, 0x2f, 0xff, 0xff, 0xb0,
    0x1e, 0xff, 0xff, 0xc0, 0x0, 0x0, 0x0, 0x0,
    0x0, 0x0, 0x0, 0x0, 0x7, 0xff, 0xff, 0xf4,
    0x9f, 0xff, 0xff, 0x20, 0x0, 0x0, 0x0, 0x0,
    0x0, 0x0, 0x0, 0x0, 0x0, 0xdf, 0xff, 0xfe,
    0xff, 0xff, 0xf8, 0x0, 0x0, 0x0, 0x0, 0x0,
    0x0, 0x0, 0x0, 0x0, 0x0, 0x3f, 0xff, 0xff,
    0xff, 0xff, 0xd0, 0x0, 0x0, 0x0, 0x0, 0x0,
    0x0, 0x0, 0x0, 0x0, 0x0, 0x9, 0xff, 0xff,
    0xff, 0xff, 0x40, 0x0, 0x0, 0x0, 0x0, 0x0,
    0x0, 0x0, 0x0, 0x0, 0x0, 0x0, 0xef, 0xff,
    0xff, 0xfa, 0x0, 0x0, 0x0, 0x0, 0x0, 0x0,
    0x0, 0x0, 0x0, 0x0, 0x0, 0x0, 0x5f, 0xff,
    0xff, 0xe1, 0x0, 0x0, 0x0, 0x0, 0x0, 0x0,
    0x0, 0x0, 0x0, 0x0, 0x0, 0x0, 0xc, 0xff,
    0xff, 0x70, 0x0, 0x0, 0x0, 0x0, 0x0, 0x0,
    0x0, 0x0, 0x0, 0x0, 0x0, 0x0, 0xb, 0xff,
    0xff, 0x60, 0x0, 0x0, 0x0, 0x0, 0x0, 0x0,
    0x0, 0x0, 0x0, 0x0, 0x0, 0x0, 0xb, 0xff,
    0xff, 0x60, 0x0, 0x0, 0x0, 0x0, 0x0, 0x0,
    0x0, 0x0, 0x0, 0x0, 0x0, 0x0, 0xb, 0xff,
    0xff, 0x60, 0x0, 0x0, 0x0, 0x0, 0x0, 0x0,
    0x0, 0x0, 0x0, 0x0, 0x0, 0x0, 0xb, 0xff,
    0xff, 0x60, 0x0, 0x0, 0x0, 0x0, 0x0, 0x0,
    0x0, 0x0, 0x0, 0x0, 0x0, 0x0, 0xb, 0xff,
    0xff, 0x60, 0x0, 0x0, 0x0, 0x0, 0x0, 0x0,
    0x0, 0x0, 0x0, 0x0, 0x0, 0x0, 0xb, 0xff,
    0xff, 0x60, 0x0, 0x0, 0x0, 0x0, 0x0, 0x0,
    0x0, 0x0, 0x0, 0x0, 0x0, 0x0, 0xb, 0xff,
    0xff, 0x60, 0x0, 0x0, 0x0, 0x0, 0x0, 0x0,
    0x0, 0x0, 0x0, 0x0, 0x0, 0x0, 0xb, 0xff,
    0xff, 0x60, 0x0, 0x0, 0x0, 0x0, 0x0, 0x0,
    0x0, 0x0, 0x0, 0x0, 0x0, 0x0, 0xb, 0xff,
    0xff, 0x60, 0x0, 0x0, 0x0, 0x0, 0x0, 0x0,
    0x0, 0x0, 0x0, 0x0, 0x0, 0x0, 0xb, 0xff,
    0xff, 0x60, 0x0, 0x0, 0x0, 0x0, 0x0, 0x0,
    0x0, 0x0, 0x0, 0x0, 0x0, 0x0, 0xb, 0xff,
    0xff, 0x60, 0x0, 0x0, 0x0, 0x0, 0x0, 0x0,
    0x0, 0x0, 0x0, 0x0, 0x0, 0x0, 0xb, 0xff,
    0xff, 0x60, 0x0, 0x0, 0x0, 0x0, 0x0, 0x0,
    0x0, 0x0, 0x0, 0x0, 0x0, 0x0, 0xb, 0xff,
    0xff, 0x60, 0x0, 0x0, 0x0, 0x0, 0x0, 0x0,

    /* U+005A "Z" */
    0xf, 0xff, 0xff, 0xff, 0xff, 0xff, 0xff, 0xff,
    0xff, 0xff, 0xff, 0xff, 0xff, 0xf4, 0xf, 0xff,
    0xff, 0xff, 0xff, 0xff, 0xff, 0xff, 0xff, 0xff,
    0xff, 0xff, 0xff, 0xf4, 0xf, 0xff, 0xff, 0xff,
    0xff, 0xff, 0xff, 0xff, 0xff, 0xff, 0xff, 0xff,
    0xff, 0xf4, 0xf, 0xff, 0xff, 0xff, 0xff, 0xff,
    0xff, 0xff, 0xff, 0xff, 0xff, 0xff, 0xff, 0xf4,
    0x8, 0x88, 0x88, 0x88, 0x88, 0x88, 0x88, 0x88,
    0x88, 0x88, 0x9f, 0xff, 0xff, 0xe1, 0x0, 0x0,
    0x0, 0x0, 0x0, 0x0, 0x0, 0x0, 0x0, 0x0,
    0xcf, 0xff, 0xff, 0x30, 0x0, 0x0, 0x0, 0x0,
    0x0, 0x0, 0x0, 0x0, 0x0, 0xa, 0xff, 0xff,
    0xf6, 0x0, 0x0, 0x0, 0x0, 0x0, 0x0, 0x0,
    0x0, 0x0, 0x0, 0x7f, 0xff, 0xff, 0x90, 0x0,
    0x0, 0x0, 0x0, 0x0, 0x0, 0x0, 0x0, 0x0,
    0x5, 0xff, 0xff, 0xfb, 0x0, 0x0, 0x0, 0x0,
    0x0, 0x0, 0x0, 0x0, 0x0, 0x0, 0x2f, 0xff,
    0xff, 0xd1, 0x0, 0x0, 0x0, 0x0, 0x0, 0x0,
    0x0, 0x0, 0x0, 0x1, 0xdf, 0xff, 0xff, 0x20,
    0x0, 0x0, 0x0, 0x0, 0x0, 0x0, 0x0, 0x0,
    0x0, 0xb, 0xff, 0xff, 0xf5, 0x0, 0x0, 0x0,
    0x0, 0x0, 0x0, 0x0, 0x0, 0x0, 0x0, 0x9f,
    0xff, 0xff, 0x80, 0x0, 0x0, 0x0, 0x0, 0x0,
    0x0, 0x0, 0x0, 0x0, 0x6, 0xff, 0xff, 0xfa,
    0x0, 0x0, 0x0, 0x0, 0x0, 0x0, 0x0, 0x0,
    0x0, 0x0, 0x3f, 0xff, 0xff, 0xd0, 0x0, 0x0,
    0x0, 0x0, 0x0, 0x0, 0x0, 0x0, 0x0, 0x1,
    0xef, 0xff, 0xfe, 0x20, 0x0, 0x0, 0x0, 0x0,
    0x0, 0x0, 0x0, 0x0, 0x0, 0xc, 0xff, 0xff,
    0xf4, 0x0, 0x0, 0x0, 0x0, 0x0, 0x0, 0x0,
    0x0, 0x0, 0x0, 0xaf, 0xff, 0xff, 0x70, 0x0,
    0x0, 0x0, 0x0, 0x0, 0x0, 0x0, 0x0, 0x0,
    0x7, 0xff, 0xff, 0xfa, 0x0, 0x0, 0x0, 0x0,
    0x0, 0x0, 0x0, 0x0, 0x0, 0x0, 0x4f, 0xff,
    0xff, 0xc0, 0x0, 0x0, 0x0, 0x0, 0x0, 0x0,
    0x0, 0x0, 0x0, 0x2, 0xef, 0xff, 0xfe, 0x10,
    0x0, 0x0, 0x0, 0x0, 0x0, 0x0, 0x0, 0x0,
    0x0, 0xd, 0xff, 0xff, 0xf3, 0x0, 0x0, 0x0,
    0x0, 0x0, 0x0, 0x0, 0x0, 0x0, 0x0, 0xbf,
    0xff, 0xff, 0x60, 0x0, 0x0, 0x0, 0x0, 0x0,
    0x0, 0x0, 0x0, 0x0, 0x8, 0xff, 0xff, 0xf9,
    0x0, 0x0, 0x0, 0x0, 0x0, 0x0, 0x0, 0x0,
    0x0, 0x0, 0x5f, 0xff, 0xff, 0xb0, 0x0, 0x0,
    0x0, 0x0, 0x0, 0x0, 0x0, 0x0, 0x0, 0x3,
    0xff, 0xff, 0xfd, 0x10, 0x0, 0x0, 0x0, 0x0,
    0x0, 0x0, 0x0, 0x0, 0x0, 0x1e, 0xff, 0xff,
    0xf2, 0x0, 0x0, 0x0, 0x0, 0x0, 0x0, 0x0,
    0x0, 0x0, 0x0, 0xcf, 0xff, 0xff, 0x40, 0x0,
    0x0, 0x0, 0x0, 0x0, 0x0, 0x0, 0x0, 0x0,
    0x9, 0xff, 0xff, 0xf6, 0x0, 0x0, 0x0, 0x0,
    0x0, 0x0, 0x0, 0x0, 0x0, 0x0, 0x6f, 0xff,
    0xff, 0xe8, 0x88, 0x88, 0x88, 0x88, 0x88, 0x88,
    0x88, 0x88, 0x88, 0x83, 0xaf, 0xff, 0xff, 0xff,
    0xff, 0xff, 0xff, 0xff, 0xff, 0xff, 0xff, 0xff,
    0xff, 0xf7, 0xaf, 0xff, 0xff, 0xff, 0xff, 0xff,
    0xff, 0xff, 0xff, 0xff, 0xff, 0xff, 0xff, 0xf7,
    0xaf, 0xff, 0xff, 0xff, 0xff, 0xff, 0xff, 0xff,
    0xff, 0xff, 0xff, 0xff, 0xff, 0xf7, 0xaf, 0xff,
    0xff, 0xff, 0xff, 0xff, 0xff, 0xff, 0xff, 0xff,
    0xff, 0xff, 0xff, 0xf7,

    /* U+005B "[" */
    0x0, 0x0, 0x0, 0x0, 0x0, 0x7, 0xff, 0xff,
    0xff, 0xff, 0xf1, 0x7f, 0xff, 0xff, 0xff, 0xff,
    0x17, 0xff, 0xff, 0xff, 0xff, 0xf1, 0x7f, 0xff,
    0xff, 0xff, 0xff, 0x17, 0xff, 0xff, 0x70, 0x0,
    0x0, 0x7f, 0xff, 0xf7, 0x0, 0x0, 0x7, 0xff,
    0xff, 0x70, 0x0, 0x0, 0x7f, 0xff, 0xf7, 0x0,
    0x0, 0x7, 0xff, 0xff, 0x70, 0x0, 0x0, 0x7f,
    0xff, 0xf7, 0x0, 0x0, 0x7, 0xff, 0xff, 0x70,
    0x0, 0x0, 0x7f, 0xff, 0xf7, 0x0, 0x0, 0x7,
    0xff, 0xff, 0x70, 0x0, 0x0, 0x7f, 0xff, 0xf7,
    0x0, 0x0, 0x7, 0xff, 0xff, 0x70, 0x0, 0x0,
    0x7f, 0xff, 0xf7, 0x0, 0x0, 0x7, 0xff, 0xff,
    0x70, 0x0, 0x0, 0x7f, 0xff, 0xf7, 0x0, 0x0,
    0x7, 0xff, 0xff, 0x70, 0x0, 0x0, 0x7f, 0xff,
    0xf7, 0x0, 0x0, 0x7, 0xff, 0xff, 0x70, 0x0,
    0x0, 0x7f, 0xff, 0xf7, 0x0, 0x0, 0x7, 0xff,
    0xff, 0x70, 0x0, 0x0, 0x7f, 0xff, 0xf7, 0x0,
    0x0, 0x7, 0xff, 0xff, 0x70, 0x0, 0x0, 0x7f,
    0xff, 0xf7, 0x0, 0x0, 0x7, 0xff, 0xff, 0x70,
    0x0, 0x0, 0x7f, 0xff, 0xf7, 0x0, 0x0, 0x7,
    0xff, 0xff, 0x70, 0x0, 0x0, 0x7f, 0xff, 0xf7,
    0x0, 0x0, 0x7, 0xff, 0xff, 0x70, 0x0, 0x0,
    0x7f, 0xff, 0xf7, 0x0, 0x0, 0x7, 0xff, 0xff,
    0x70, 0x0, 0x0, 0x7f, 0xff, 0xf7, 0x0, 0x0,
    0x7, 0xff, 0xff, 0x70, 0x0, 0x0, 0x7f, 0xff,
    0xf7, 0x0, 0x0, 0x7, 0xff, 0xff, 0x70, 0x0,
    0x0, 0x7f, 0xff, 0xf7, 0x0, 0x0, 0x7, 0xff,
    0xff, 0x70, 0x0, 0x0, 0x7f, 0xff, 0xff, 0xff,
    0xff, 0x17, 0xff, 0xff, 0xff, 0xff, 0xf1, 0x7f,
    0xff, 0xff, 0xff, 0xff, 0x17, 0xff, 0xff, 0xff,
    0xff, 0xf1,

    /* U+005C "\\" */
    0x58, 0x88, 0x60, 0x0, 0x0, 0x0, 0x0, 0x0,
    0x7f, 0xff, 0xf0, 0x0, 0x0, 0x0, 0x0, 0x0,
    0x3f, 0xff, 0xf4, 0x0, 0x0, 0x0, 0x0, 0x0,
    0xe, 0xff, 0xf8, 0x0, 0x0, 0x0, 0x0, 0x0,
    0xa, 0xff, 0xfd, 0x0, 0x0, 0x0, 0x0, 0x0,
    0x6, 0xff, 0xff, 0x10, 0x0, 0x0, 0x0, 0x0,
    0x1, 0xff, 0xff, 0x50, 0x0, 0x0, 0x0, 0x0,
    0x0, 0xdf, 0xff, 0xa0, 0x0, 0x0, 0x0, 0x0,
    0x0, 0x9f, 0xff, 0xe0, 0x0, 0x0, 0x0, 0x0,
    0x0, 0x4f, 0xff, 0xf2, 0x0, 0x0, 0x0, 0x0,
    0x0, 0xf, 0xff, 0xf7, 0x0, 0x0, 0x0, 0x0,
    0x0, 0xc, 0xff, 0xfb, 0x0, 0x0, 0x0, 0x0,
    0x0, 0x7, 0xff, 0xff, 0x0, 0x0, 0x0, 0x0,
    0x0, 0x3, 0xff, 0xff, 0x40, 0x0, 0x0, 0x0,
    0x0, 0x0, 0xef, 0xff, 0x80, 0x0, 0x0, 0x0,
    0x0, 0x0, 0xaf, 0xff, 0xc0, 0x0, 0x0, 0x0,
    0x0, 0x0, 0x6f, 0xff, 0xf1, 0x0, 0x0, 0x0,
    0x0, 0x0, 0x2f, 0xff, 0xf5, 0x0, 0x0, 0x0,
    0x0, 0x0, 0xd, 0xff, 0xf9, 0x0, 0x0, 0x0,
    0x0, 0x0, 0x9, 0xff, 0xfe, 0x0, 0x0, 0x0,
    0x0, 0x0, 0x5, 0xff, 0xff, 0x20, 0x0, 0x0,
    0x0, 0x0, 0x0, 0xff, 0xff, 0x60, 0x0, 0x0,
    0x0, 0x0, 0x0, 0xcf, 0xff, 0xb0, 0x0, 0x0,
    0x0, 0x0, 0x0, 0x8f, 0xff, 0xf0, 0x0, 0x0,
    0x0, 0x0, 0x0, 0x3f, 0xff, 0xf3, 0x0, 0x0,
    0x0, 0x0, 0x0, 0xf, 0xff, 0xf8, 0x0, 0x0,
    0x0, 0x0, 0x0, 0xb, 0xff, 0xfc, 0x0, 0x0,
    0x0, 0x0, 0x0, 0x6, 0xff, 0xff, 0x10, 0x0,
    0x0, 0x0, 0x0, 0x2, 0xff, 0xff, 0x50, 0x0,
    0x0, 0x0, 0x0, 0x0, 0xdf, 0xff, 0x90, 0x0,
    0x0, 0x0, 0x0, 0x0, 0x9f, 0xff, 0xd0, 0x0,
    0x0, 0x0, 0x0, 0x0, 0x5f, 0xff, 0xf2, 0x0,
    0x0, 0x0, 0x0, 0x0, 0x1f, 0xff, 0xf6, 0x0,
    0x0, 0x0, 0x0, 0x0, 0xc, 0xff, 0xfa, 0x0,
    0x0, 0x0, 0x0, 0x0, 0x8, 0xff, 0xfe, 0x0,
    0x0, 0x0, 0x0, 0x0, 0x3, 0xff, 0xff, 0x30,
    0x0, 0x0, 0x0, 0x0, 0x0, 0xff, 0xff, 0x70,
    0x0, 0x0, 0x0, 0x0, 0x0, 0xbf, 0xff, 0xc0,
    0x0, 0x0, 0x0, 0x0, 0x0, 0x6f, 0xff, 0xf0,
    0x0, 0x0, 0x0, 0x0, 0x0, 0x2f, 0xff, 0xf4,
    0x0, 0x0, 0x0, 0x0, 0x0, 0xe, 0xff, 0xf9,
    0x0, 0x0, 0x0, 0x0, 0x0, 0x9, 0xff, 0xfd,

    /* U+005D "]" */
    0x0, 0x0, 0x0, 0x0, 0x0, 0x3, 0xff, 0xff,
    0xff, 0xff, 0xf6, 0x3f, 0xff, 0xff, 0xff, 0xff,
    0x63, 0xff, 0xff, 0xff, 0xff, 0xf6, 0x3f, 0xff,
    0xff, 0xff, 0xff, 0x60, 0x0, 0x0, 0x9f, 0xff,
    0xf6, 0x0, 0x0, 0x9, 0xff, 0xff, 0x60, 0x0,
    0x0, 0x9f, 0xff, 0xf6, 0x0, 0x0, 0x9, 0xff,
    0xff, 0x60, 0x0, 0x0, 0x9f, 0xff, 0xf6, 0x0,
    0x0, 0x9, 0xff, 0xff, 0x60, 0x0, 0x0, 0x9f,
    0xff, 0xf6, 0x0, 0x0, 0x9, 0xff, 0xff, 0x60,
    0x0, 0x0, 0x9f, 0xff, 0xf6, 0x0, 0x0, 0x9,
    0xff, 0xff, 0x60, 0x0, 0x0, 0x9f, 0xff, 0xf6,
    0x0, 0x0, 0x9, 0xff, 0xff, 0x60, 0x0, 0x0,
    0x9f, 0xff, 0xf6, 0x0, 0x0, 0x9, 0xff, 0xff,
    0x60, 0x0, 0x0, 0x9f, 0xff, 0xf6, 0x0, 0x0,
    0x9, 0xff, 0xff, 0x60, 0x0, 0x0, 0x9f, 0xff,
    0xf6, 0x0, 0x0, 0x9, 0xff, 0xff, 0x60, 0x0,
    0x0, 0x9f, 0xff, 0xf6, 0x0, 0x0, 0x9, 0xff,
    0xff, 0x60, 0x0, 0x0, 0x9f, 0xff, 0xf6, 0x0,
    0x0, 0x9, 0xff, 0xff, 0x60, 0x0, 0x0, 0x9f,
    0xff, 0xf6, 0x0, 0x0, 0x9, 0xff, 0xff, 0x60,
    0x0, 0x0, 0x9f, 0xff, 0xf6, 0x0, 0x0, 0x9,
    0xff, 0xff, 0x60, 0x0, 0x0, 0x9f, 0xff, 0xf6,
    0x0, 0x0, 0x9, 0xff, 0xff, 0x60, 0x0, 0x0,
    0x9f, 0xff, 0xf6, 0x0, 0x0, 0x9, 0xff, 0xff,
    0x60, 0x0, 0x0, 0x9f, 0xff, 0xf6, 0x0, 0x0,
    0x9, 0xff, 0xff, 0x60, 0x0, 0x0, 0x9f, 0xff,
    0xf6, 0x0, 0x0, 0x9, 0xff, 0xff, 0x60, 0x0,
    0x0, 0x9f, 0xff, 0xf6, 0x3f, 0xff, 0xff, 0xff,
    0xff, 0x63, 0xff, 0xff, 0xff, 0xff, 0xf6, 0x3f,
    0xff, 0xff, 0xff, 0xff, 0x63, 0xff, 0xff, 0xff,
    0xff, 0xf6,

    /* U+005E "^" */
    0x0, 0x0, 0x0, 0x7, 0x88, 0x88, 0x20, 0x0,
    0x0, 0x0, 0x0, 0x0, 0x0, 0x4f, 0xff, 0xff,
    0xb0, 0x0, 0x0, 0x0, 0x0, 0x0, 0x0, 0xbf,
    0xff, 0xff, 0xf2, 0x0, 0x0, 0x0, 0x0, 0x0,
    0x3, 0xff, 0xff, 0xff, 0xfa, 0x0, 0x0, 0x0,
    0x0, 0x0, 0xb, 0xff, 0xfb, 0xff, 0xff, 0x20,
    0x0, 0x0, 0x0, 0x0, 0x3f, 0xff, 0xf1, 0xaf,
    0xff, 0xa0, 0x0, 0x0, 0x0, 0x0, 0xbf, 0xff,
    0x90, 0x2f, 0xff, 0xf2, 0x0, 0x0, 0x0, 0x2,
    0xff, 0xff, 0x20, 0xb, 0xff, 0xf9, 0x0, 0x0,
    0x0, 0xa, 0xff, 0xfa, 0x0, 0x3, 0xff, 0xff,
    0x20, 0x0, 0x0, 0x2f, 0xff, 0xf3, 0x0, 0x0,
    0xcf, 0xff, 0x90, 0x0, 0x0, 0xaf, 0xff, 0xb0,
    0x0, 0x0, 0x4f, 0xff, 0xf1, 0x0, 0x2, 0xff,
    0xff, 0x40, 0x0, 0x0, 0xd, 0xff, 0xf9, 0x0,
    0xa, 0xff, 0xfd, 0x0, 0x0, 0x0, 0x5, 0xff,
    0xff, 0x10, 0x2f, 0xff, 0xf5, 0x0, 0x0, 0x0,
    0x0, 0xef, 0xff, 0x80, 0x9f, 0xff, 0xd0, 0x0,
    0x0, 0x0, 0x0, 0x7f, 0xff, 0xf1,

    /* U+005F "_" */
    0x33, 0x33, 0x33, 0x33, 0x33, 0x33, 0x33, 0x33,
    0x33, 0x33, 0x33, 0xf, 0xff, 0xff, 0xff, 0xff,
    0xff, 0xff, 0xff, 0xff, 0xff, 0xff, 0xf2, 0xff,
    0xff, 0xff, 0xff, 0xff, 0xff, 0xff, 0xff, 0xff,
    0xff, 0xff, 0x2f, 0xff, 0xff, 0xff, 0xff, 0xff,
    0xff, 0xff, 0xff, 0xff, 0xff, 0xf2, 0xff, 0xff,
    0xff, 0xff, 0xff, 0xff, 0xff, 0xff, 0xff, 0xff,
    0xff, 0x20,

    /* U+0060 "`" */
    0x0, 0x0, 0x0, 0x0, 0x0, 0x1e, 0xff, 0xff,
    0x20, 0x0, 0x4, 0xff, 0xff, 0xa0, 0x0, 0x0,
    0x9f, 0xff, 0xf2, 0x0, 0x0, 0xd, 0xff, 0xfa,
    0x0, 0x0, 0x3, 0xff, 0xff, 0x20, 0x0, 0x0,
    0x7f, 0xff, 0xa0, 0x0, 0x0, 0xc, 0xff, 0xf3,

    /* U+0061 "a" */
    0x0, 0x0, 0x0, 0x0, 0x25, 0x67, 0x76, 0x30,
    0x0, 0x0, 0x0, 0x0, 0x0, 0x1, 0x8e, 0xff,
    0xff, 0xff, 0xff, 0xb4, 0x0, 0x0, 0x0, 0x0,
    0x6e, 0xff, 0xff, 0xff, 0xff, 0xff, 0xff, 0xa0,
    0x0, 0x0, 0x7, 0xff, 0xff, 0xff, 0xff, 0xff,
    0xff, 0xff, 0xfb, 0x0, 0x0, 0x5f, 0xff, 0xff,
    0xfd, 0x98, 0x9b, 0xff, 0xff, 0xff, 0x80, 0x0,
    0xef, 0xff, 0xfd, 0x30, 0x0, 0x0, 0x1b, 0xff,
    0xff, 0xf1, 0x4, 0xff, 0xff, 0xe1, 0x0, 0x0,
    0x0, 0x0, 0xdf, 0xff, 0xf5, 0x7, 0xff, 0xff,
    0x60, 0x0, 0x0, 0x0, 0x0, 0x6f, 0xff, 0xf8,
    0x3, 0x66, 0x66, 0x10, 0x0, 0x0, 0x0, 0x0,
    0x4f, 0xff, 0xf9, 0x0, 0x0, 0x0, 0x0, 0x0,
    0x0, 0x0, 0x0, 0x8f, 0xff, 0xfa, 0x0, 0x0,
    0x0, 0x0, 0x0, 0x2, 0x35, 0x8c, 0xff, 0xff,
    0xfa, 0x0, 0x0, 0x0, 0x37, 0xbd, 0xff, 0xff,
    0xff, 0xff, 0xff, 0xfa, 0x0, 0x1, 0x8e, 0xff,
    0xff, 0xff, 0xff, 0xff, 0xff, 0xff, 0xfa, 0x0,
    0x4e, 0xff, 0xff, 0xff, 0xff, 0xff, 0xfb, 0x9f,
    0xff, 0xfa, 0x3, 0xff, 0xff, 0xff, 0xfd, 0x96,
    0x41, 0x0, 0x4f, 0xff, 0xfa, 0xb, 0xff, 0xff,
    0xf8, 0x10, 0x0, 0x0, 0x0, 0x4f, 0xff, 0xfa,
    0xf, 0xff, 0xff, 0x40, 0x0, 0x0, 0x0, 0x0,
    0x4f, 0xff, 0xfa, 0x2f, 0xff, 0xfc, 0x0, 0x0,
    0x0, 0x0, 0x0, 0x7f, 0xff, 0xfa, 0x3f, 0xff,
    0xfb, 0x0, 0x0, 0x0, 0x0, 0x0, 0xdf, 0xff,
    0xfa, 0x1f, 0xff, 0xfe, 0x0, 0x0, 0x0, 0x0,
    0x7, 0xff, 0xff, 0xfa, 0xe, 0xff, 0xff, 0xb1,
    0x0, 0x0, 0x0, 0x8f, 0xff, 0xff, 0xfa, 0x8,
    0xff, 0xff, 0xff, 0xa8, 0x78, 0xaf, 0xff, 0xef,
    0xff, 0xfa, 0x0, 0xdf, 0xff, 0xff, 0xff, 0xff,
    0xff, 0xfe, 0x5f, 0xff, 0xfa, 0x0, 0x1d, 0xff,
    0xff, 0xff, 0xff, 0xff, 0xe3, 0x4f, 0xff, 0xfa,
    0x0, 0x0, 0x7d, 0xff, 0xff, 0xff, 0xfb, 0x20,
    0x4f, 0xff, 0xfa, 0x0, 0x0, 0x0, 0x25, 0x77,
    0x75, 0x10, 0x0, 0x0, 0x0, 0x0,

    /* U+0062 "b" */
    0x3f, 0xff, 0xfb, 0x0, 0x0, 0x0, 0x0, 0x0,
    0x0, 0x0, 0x0, 0x0, 0x3, 0xff, 0xff, 0xb0,
    0x0, 0x0, 0x0, 0x0, 0x0, 0x0, 0x0, 0x0,
    0x0, 0x3f, 0xff, 0xfb, 0x0, 0x0, 0x0, 0x0,
    0x0, 0x0, 0x0, 0x0, 0x0, 0x3, 0xff, 0xff,
    0xb0, 0x0, 0x0, 0x0, 0x0, 0x0, 0x0, 0x0,
    0x0, 0x0, 0x3f, 0xff, 0xfb, 0x0, 0x0, 0x0,
    0x0, 0x0, 0x0, 0x0, 0x0, 0x0, 0x3, 0xff,
    0xff, 0xb0, 0x0, 0x0, 0x0, 0x0, 0x0, 0x0,
    0x0, 0x0, 0x0, 0x3f, 0xff, 0xfb, 0x0, 0x0,
    0x0, 0x0, 0x0, 0x0, 0x0, 0x0, 0x0, 0x3,
    0xff, 0xff, 0xb0, 0x0, 0x0, 0x0, 0x0, 0x0,
    0x0, 0x0, 0x0, 0x0, 0x3f, 0xff, 0xfb, 0x0,
    0x0, 0x0, 0x0, 0x0, 0x0, 0x0, 0x0, 0x0,
    0x3, 0xff, 0xff, 0xb0, 0x0, 0x1, 0x46, 0x76,
    0x41, 0x0, 0x0, 0x0, 0x0, 0x3f, 0xff, 0xfb,
    0x0, 0x3b, 0xff, 0xff, 0xff, 0xfa, 0x20, 0x0,
    0x0, 0x3, 0xff, 0xff, 0xb0, 0x7f, 0xff, 0xff,
    0xff, 0xff, 0xff, 0x80, 0x0, 0x0, 0x3f, 0xff,
    0xfb, 0x7f, 0xff, 0xff, 0xff, 0xff, 0xff, 0xff,
    0xa0, 0x0, 0x3, 0xff, 0xff, 0xef, 0xff, 0xff,
    0xcb, 0xdf, 0xff, 0xff, 0xff, 0x80, 0x0, 0x3f,
    0xff, 0xff, 0xff, 0xd4, 0x0, 0x0, 0x17, 0xff,
    0xff, 0xff, 0x30, 0x3, 0xff, 0xff, 0xff, 0xb0,
    0x0, 0x0, 0x0, 0x3, 0xff, 0xff, 0xfb, 0x0,
    0x3f, 0xff, 0xff, 0xe0, 0x0, 0x0, 0x0, 0x0,
    0x5, 0xff, 0xff, 0xf2, 0x3, 0xff, 0xff, 0xf5,
    0x0, 0x0, 0x0, 0x0, 0x0, 0xc, 0xff, 0xff,
    0x70, 0x3f, 0xff, 0xfe, 0x0, 0x0, 0x0, 0x0,
    0x0, 0x0, 0x6f, 0xff, 0xfb, 0x3, 0xff, 0xff,
    0xa0, 0x0, 0x0, 0x0, 0x0, 0x0, 0x2, 0xff,
    0xff, 0xe0, 0x3f, 0xff, 0xf8, 0x0, 0x0, 0x0,
    0x0, 0x0, 0x0, 0xf, 0xff, 0xff, 0x3, 0xff,
    0xff, 0x70, 0x0, 0x0, 0x0, 0x0, 0x0, 0x0,
    0xff, 0xff, 0xf1, 0x3f, 0xff, 0xf6, 0x0, 0x0,
    0x0, 0x0, 0x0, 0x0, 0xf, 0xff, 0xff, 0x13,
    0xff, 0xff, 0x80, 0x0, 0x0, 0x0, 0x0, 0x0,
    0x0, 0xff, 0xff, 0xf0, 0x3f, 0xff, 0xfa, 0x0,
    0x0, 0x0, 0x0, 0x0, 0x0, 0x2f, 0xff, 0xfe,
    0x3, 0xff, 0xff, 0xe0, 0x0, 0x0, 0x0, 0x0,
    0x0, 0x6, 0xff, 0xff, 0xb0, 0x3f, 0xff, 0xff,
    0x50, 0x0, 0x0, 0x0, 0x0, 0x0, 0xcf, 0xff,
    0xf7, 0x3, 0xff, 0xff, 0xfe, 0x0, 0x0, 0x0,
    0x0, 0x0, 0x5f, 0xff, 0xff, 0x20, 0x3f, 0xff,
    0xff, 0xfb, 0x0, 0x0, 0x0, 0x0, 0x3e, 0xff,
    0xff, 0xb0, 0x3, 0xff, 0xff, 0xff, 0xfd, 0x50,
    0x0, 0x1, 0x7f, 0xff, 0xff, 0xf3, 0x0, 0x3f,
    0xff, 0xfd, 0xff, 0xff, 0xfc, 0xbd, 0xff, 0xff,
    0xff, 0xf8, 0x0, 0x3, 0xff, 0xff, 0xa7, 0xff,
    0xff, 0xff, 0xff, 0xff, 0xff, 0xfa, 0x0, 0x0,
    0x3f, 0xff, 0xfa, 0x7, 0xff, 0xff, 0xff, 0xff,
    0xff, 0xf8, 0x0, 0x0, 0x3, 0xff, 0xff, 0xa0,
    0x3, 0xbf, 0xff, 0xff, 0xff, 0xb3, 0x0, 0x0,
    0x0, 0x0, 0x0, 0x0, 0x0, 0x0, 0x15, 0x77,
    0x64, 0x10, 0x0, 0x0, 0x0, 0x0,

    /* U+0063 "c" */
    0x0, 0x0, 0x0, 0x0, 0x2, 0x57, 0x77, 0x52,
    0x0, 0x0, 0x0, 0x0, 0x0, 0x0, 0x0, 0x18,
    0xef, 0xff, 0xff, 0xff, 0xd6, 0x0, 0x0, 0x0,
    0x0, 0x0, 0x6, 0xff, 0xff, 0xff, 0xff, 0xff,
    0xff, 0xd3, 0x0, 0x0, 0x0, 0x0, 0x9f, 0xff,
    0xff, 0xff, 0xff, 0xff, 0xff, 0xff, 0x40, 0x0,
    0x0, 0x9, 0xff, 0xff, 0xff, 0xfc, 0xbc, 0xff,
    0xff, 0xff, 0xf4, 0x0, 0x0, 0x5f, 0xff, 0xff,
    0xe5, 0x0, 0x0, 0x6, 0xff, 0xff, 0xfe, 0x0,
    0x0, 0xef, 0xff, 0xfc, 0x10, 0x0, 0x0, 0x0,
    0x2e, 0xff, 0xff, 0x70, 0x6, 0xff, 0xff, 0xf1,
    0x0, 0x0, 0x0, 0x0, 0x5, 0xff, 0xff, 0xd0,
    0xb, 0xff, 0xff, 0x70, 0x0, 0x0, 0x0, 0x0,
    0x0, 0xef, 0xff, 0xf1, 0xf, 0xff, 0xff, 0x10,
    0x0, 0x0, 0x0, 0x0, 0x0, 0x24, 0x44, 0x40,
    0x3f, 0xff, 0xfd, 0x0, 0x0, 0x0, 0x0, 0x0,
    0x0, 0x0, 0x0, 0x0, 0x5f, 0xff, 0xfb, 0x0,
    0x0, 0x0, 0x0, 0x0, 0x0, 0x0, 0x0, 0x0,
    0x6f, 0xff, 0xfa, 0x0, 0x0, 0x0, 0x0, 0x0,
    0x0, 0x0, 0x0, 0x0, 0x6f, 0xff, 0xf9, 0x0,
    0x0, 0x0, 0x0, 0x0, 0x0, 0x0, 0x0, 0x0,
    0x5f, 0xff, 0xfa, 0x0, 0x0, 0x0, 0x0, 0x0,
    0x0, 0x0, 0x0, 0x0, 0x3f, 0xff, 0xfd, 0x0,
    0x0, 0x0, 0x0, 0x0, 0x0, 0x0, 0x0, 0x0,
    0xf, 0xff, 0xff, 0x10, 0x0, 0x0, 0x0, 0x0,
    0x0, 0x34, 0x44, 0x40, 0xc, 0xff, 0xff, 0x70,
    0x0, 0x0, 0x0, 0x0, 0x1, 0xff, 0xff, 0xf1,
    0x6, 0xff, 0xff, 0xe1, 0x0, 0x0, 0x0, 0x0,
    0x8, 0xff, 0xff, 0xd0, 0x0, 0xef, 0xff, 0xfc,
    0x0, 0x0, 0x0, 0x0, 0x3f, 0xff, 0xff, 0x70,
    0x0, 0x5f, 0xff, 0xff, 0xd5, 0x0, 0x0, 0x6,
    0xff, 0xff, 0xfe, 0x0, 0x0, 0x9, 0xff, 0xff,
    0xff, 0xfc, 0xbc, 0xff, 0xff, 0xff, 0xf3, 0x0,
    0x0, 0x0, 0xaf, 0xff, 0xff, 0xff, 0xff, 0xff,
    0xff, 0xff, 0x40, 0x0, 0x0, 0x0, 0x7, 0xff,
    0xff, 0xff, 0xff, 0xff, 0xff, 0xd3, 0x0, 0x0,
    0x0, 0x0, 0x0, 0x19, 0xef, 0xff, 0xff, 0xff,
    0xd6, 0x0, 0x0, 0x0, 0x0, 0x0, 0x0, 0x0,
    0x2, 0x57, 0x77, 0x52, 0x0, 0x0, 0x0, 0x0,

    /* U+0064 "d" */
    0x0, 0x0, 0x0, 0x0, 0x0, 0x0, 0x0, 0x0,
    0x0, 0x1f, 0xff, 0xfe, 0x0, 0x0, 0x0, 0x0,
    0x0, 0x0, 0x0, 0x0, 0x0, 0x1f, 0xff, 0xfe,
    0x0, 0x0, 0x0, 0x0, 0x0, 0x0, 0x0, 0x0,
    0x0, 0x1f, 0xff, 0xfe, 0x0, 0x0, 0x0, 0x0,
    0x0, 0x0, 0x0, 0x0, 0x0, 0x1f, 0xff, 0xfe,
    0x0, 0x0, 0x0, 0x0, 0x0, 0x0, 0x0, 0x0,
    0x0, 0x1f, 0xff, 0xfe, 0x0, 0x0, 0x0, 0x0,
    0x0, 0x0, 0x0, 0x0, 0x0, 0x1f, 0xff, 0xfe,
    0x0, 0x0, 0x0, 0x0, 0x0, 0x0, 0x0, 0x0,
    0x0, 0x1f, 0xff, 0xfe, 0x0, 0x0, 0x0, 0x0,
    0x0, 0x0, 0x0, 0x0, 0x0, 0x1f, 0xff, 0xfe,
    0x0, 0x0, 0x0, 0x0, 0x0, 0x0, 0x0, 0x0,
    0x0, 0x1f, 0xff, 0xfe, 0x0, 0x0, 0x0, 0x0,
    0x25, 0x77, 0x53, 0x0, 0x0, 0x1f, 0xff, 0xfe,
    0x0, 0x0, 0x0, 0x5c, 0xff, 0xff, 0xff, 0xe8,
    0x10, 0x1f, 0xff, 0xfe, 0x0, 0x0, 0x1c, 0xff,
    0xff, 0xff, 0xff, 0xff, 0xe3, 0x1f, 0xff, 0xfe,
    0x0, 0x1, 0xdf, 0xff, 0xff, 0xff, 0xff, 0xff,
    0xff, 0x4f, 0xff, 0xfe, 0x0, 0xd, 0xff, 0xff,
    0xff, 0xfc, 0xbd, 0xff, 0xff, 0xdf, 0xff, 0xfe,
    0x0, 0x8f, 0xff, 0xff, 0xd5, 0x0, 0x0, 0x17,
    0xff, 0xff, 0xff, 0xfe, 0x1, 0xff, 0xff, 0xfc,
    0x0, 0x0, 0x0, 0x0, 0x3e, 0xff, 0xff, 0xfe,
    0x7, 0xff, 0xff, 0xe1, 0x0, 0x0, 0x0, 0x0,
    0x4, 0xff, 0xff, 0xfe, 0xd, 0xff, 0xff, 0x70,
    0x0, 0x0, 0x0, 0x0, 0x0, 0xbf, 0xff, 0xfe,
    0x1f, 0xff, 0xff, 0x10, 0x0, 0x0, 0x0, 0x0,
    0x0, 0x4f, 0xff, 0xfe, 0x3f, 0xff, 0xfd, 0x0,
    0x0, 0x0, 0x0, 0x0, 0x0, 0xf, 0xff, 0xfe,
    0x5f, 0xff, 0xfa, 0x0, 0x0, 0x0, 0x0, 0x0,
    0x0, 0xd, 0xff, 0xfe, 0x6f, 0xff, 0xf9, 0x0,
    0x0, 0x0, 0x0, 0x0, 0x0, 0xc, 0xff, 0xfe,
    0x6f, 0xff, 0xf9, 0x0, 0x0, 0x0, 0x0, 0x0,
    0x0, 0xc, 0xff, 0xfe, 0x5f, 0xff, 0xfa, 0x0,
    0x0, 0x0, 0x0, 0x0, 0x0, 0xd, 0xff, 0xfe,
    0x3f, 0xff, 0xfd, 0x0, 0x0, 0x0, 0x0, 0x0,
    0x0, 0xf, 0xff, 0xfe, 0x1f, 0xff, 0xff, 0x10,
    0x0, 0x0, 0x0, 0x0, 0x0, 0x4f, 0xff, 0xfe,
    0xd, 0xff, 0xff, 0x60, 0x0, 0x0, 0x0, 0x0,
    0x0, 0xbf, 0xff, 0xfe, 0x7, 0xff, 0xff, 0xe1,
    0x0, 0x0, 0x0, 0x0, 0x4, 0xff, 0xff, 0xfe,
    0x1, 0xff, 0xff, 0xfc, 0x0, 0x0, 0x0, 0x0,
    0x3e, 0xff, 0xff, 0xfe, 0x0, 0x8f, 0xff, 0xff,
    0xd5, 0x0, 0x0, 0x17, 0xff, 0xff, 0xff, 0xfe,
    0x0, 0xd, 0xff, 0xff, 0xff, 0xfc, 0xbd, 0xff,
    0xff, 0xcf, 0xff, 0xfe, 0x0, 0x2, 0xef, 0xff,
    0xff, 0xff, 0xff, 0xff, 0xff, 0x2f, 0xff, 0xfe,
    0x0, 0x0, 0x1c, 0xff, 0xff, 0xff, 0xff, 0xff,
    0xe3, 0xf, 0xff, 0xfe, 0x0, 0x0, 0x0, 0x6d,
    0xff, 0xff, 0xff, 0xf8, 0x10, 0xf, 0xff, 0xfe,
    0x0, 0x0, 0x0, 0x0, 0x25, 0x77, 0x64, 0x0,
    0x0, 0x0, 0x0, 0x0,

    /* U+0065 "e" */
    0x0, 0x0, 0x0, 0x0, 0x3, 0x67, 0x76, 0x41,
    0x0, 0x0, 0x0, 0x0, 0x0, 0x0, 0x0, 0x19,
    0xef, 0xff, 0xff, 0xff, 0xb4, 0x0, 0x0, 0x0,
    0x0, 0x0, 0x6, 0xff, 0xff, 0xff, 0xff, 0xff,
    0xff, 0xb1, 0x0, 0x0, 0x0, 0x0, 0x9f, 0xff,
    0xff, 0xff, 0xff, 0xff, 0xff, 0xfe, 0x20, 0x0,
    0x0, 0x8, 0xff, 0xff, 0xff, 0xca, 0x9b, 0xef,
    0xff, 0xff, 0xe1, 0x0, 0x0, 0x4f, 0xff, 0xff,
    0x70, 0x0, 0x0, 0x5, 0xef, 0xff, 0xfb, 0x0,
    0x0, 0xef, 0xff, 0xf3, 0x0, 0x0, 0x0, 0x0,
    0x1d, 0xff, 0xff, 0x40, 0x5, 0xff, 0xff, 0x60,
    0x0, 0x0, 0x0, 0x0, 0x2, 0xff, 0xff, 0xb0,
    0xb, 0xff, 0xfe, 0x0, 0x0, 0x0, 0x0, 0x0,
    0x0, 0xaf, 0xff, 0xf1, 0xf, 0xff, 0xfa, 0x0,
    0x0, 0x0, 0x0, 0x0, 0x0, 0x5f, 0xff, 0xf5,
    0x3f, 0xff, 0xfd, 0xbb, 0xbb, 0xbb, 0xbb, 0xbb,
    0xbb, 0xcf, 0xff, 0xf7, 0x5f, 0xff, 0xff, 0xff,
    0xff, 0xff, 0xff, 0xff, 0xff, 0xff, 0xff, 0xf9,
    0x6f, 0xff, 0xff, 0xff, 0xff, 0xff, 0xff, 0xff,
    0xff, 0xff, 0xff, 0xfa, 0x6f, 0xff, 0xff, 0xff,
    0xff, 0xff, 0xff, 0xff, 0xff, 0xff, 0xff, 0xfa,
    0x5f, 0xff, 0xf8, 0x0, 0x0, 0x0, 0x0, 0x0,
    0x0, 0x0, 0x0, 0x0, 0x3f, 0xff, 0xfa, 0x0,
    0x0, 0x0, 0x0, 0x0, 0x0, 0x0, 0x0, 0x0,
    0xf, 0xff, 0xfd, 0x0, 0x0, 0x0, 0x0, 0x0,
    0x0, 0x0, 0x0, 0x0, 0xc, 0xff, 0xff, 0x30,
    0x0, 0x0, 0x0, 0x0, 0x0, 0x48, 0x88, 0x81,
    0x6, 0xff, 0xff, 0xb0, 0x0, 0x0, 0x0, 0x0,
    0x0, 0xef, 0xff, 0xf0, 0x0, 0xef, 0xff, 0xf8,
    0x0, 0x0, 0x0, 0x0, 0xa, 0xff, 0xff, 0xa0,
    0x0, 0x6f, 0xff, 0xff, 0xa2, 0x0, 0x0, 0x2,
    0xbf, 0xff, 0xff, 0x20, 0x0, 0xa, 0xff, 0xff,
    0xff, 0xda, 0x9a, 0xdf, 0xff, 0xff, 0xf6, 0x0,
    0x0, 0x0, 0xbf, 0xff, 0xff, 0xff, 0xff, 0xff,
    0xff, 0xff, 0x60, 0x0, 0x0, 0x0, 0x8, 0xff,
    0xff, 0xff, 0xff, 0xff, 0xff, 0xd4, 0x0, 0x0,
    0x0, 0x0, 0x0, 0x29, 0xef, 0xff, 0xff, 0xff,
    0xc7, 0x0, 0x0, 0x0, 0x0, 0x0, 0x0, 0x0,
    0x3, 0x67, 0x76, 0x41, 0x0, 0x0, 0x0, 0x0,

    /* U+0066 "f" */
    0x0, 0x0, 0x0, 0x1, 0x7b, 0xef, 0xff, 0xc0,
    0x0, 0x0, 0x4, 0xef, 0xff, 0xff, 0xfc, 0x0,
    0x0, 0x2, 0xff, 0xff, 0xff, 0xff, 0xc0, 0x0,
    0x0, 0xbf, 0xff, 0xff, 0xff, 0xfc, 0x0, 0x0,
    0xf, 0xff, 0xff, 0xa2, 0x0, 0x0, 0x0, 0x2,
    0xff, 0xff, 0xe0, 0x0, 0x0, 0x0, 0x0, 0x2f,
    0xff, 0xfc, 0x0, 0x0, 0x0, 0x0, 0x3, 0xff,
    0xff, 0xc0, 0x0, 0x0, 0x0, 0x0, 0x3f, 0xff,
    0xfc, 0x0, 0x0, 0x0, 0x0, 0x3, 0xff, 0xff,
    0xc0, 0x0, 0x0, 0xaf, 0xff, 0xff, 0xff, 0xff,
    0xff, 0xff, 0xca, 0xff, 0xff, 0xff, 0xff, 0xff,
    0xff, 0xfc, 0xaf, 0xff, 0xff, 0xff, 0xff, 0xff,
    0xff, 0xca, 0xff, 0xff, 0xff, 0xff, 0xff, 0xff,
    0xfc, 0x0, 0x0, 0x3f, 0xff, 0xfc, 0x0, 0x0,
    0x0, 0x0, 0x3, 0xff, 0xff, 0xc0, 0x0, 0x0,
    0x0, 0x0, 0x3f, 0xff, 0xfc, 0x0, 0x0, 0x0,
    0x0, 0x3, 0xff, 0xff, 0xc0, 0x0, 0x0, 0x0,
    0x0, 0x3f, 0xff, 0xfc, 0x0, 0x0, 0x0, 0x0,
    0x3, 0xff, 0xff, 0xc0, 0x0, 0x0, 0x0, 0x0,
    0x3f, 0xff, 0xfc, 0x0, 0x0, 0x0, 0x0, 0x3,
    0xff, 0xff, 0xc0, 0x0, 0x0, 0x0, 0x0, 0x3f,
    0xff, 0xfc, 0x0, 0x0, 0x0, 0x0, 0x3, 0xff,
    0xff, 0xc0, 0x0, 0x0, 0x0, 0x0, 0x3f, 0xff,
    0xfc, 0x0, 0x0, 0x0, 0x0, 0x3, 0xff, 0xff,
    0xc0, 0x0, 0x0, 0x0, 0x0, 0x3f, 0xff, 0xfc,
    0x0, 0x0, 0x0, 0x0, 0x3, 0xff, 0xff, 0xc0,
    0x0, 0x0, 0x0, 0x0, 0x3f, 0xff, 0xfc, 0x0,
    0x0, 0x0, 0x0, 0x3, 0xff, 0xff, 0xc0, 0x0,
    0x0, 0x0, 0x0, 0x3f, 0xff, 0xfc, 0x0, 0x0,
    0x0, 0x0, 0x3, 0xff, 0xff, 0xc0, 0x0, 0x0,
    0x0, 0x0, 0x3f, 0xff, 0xfc, 0x0, 0x0, 0x0,
    0x0, 0x3, 0xff, 0xff, 0xc0, 0x0, 0x0,

    /* U+0067 "g" */
    0x0, 0x0, 0x0, 0x0, 0x25, 0x77, 0x63, 0x0,
    0x0, 0x0, 0x0, 0x0, 0x0, 0x0, 0x0, 0x5c,
    0xff, 0xff, 0xff, 0xf8, 0x10, 0xf, 0xff, 0xfe,
    0x0, 0x0, 0x1c, 0xff, 0xff, 0xff, 0xff, 0xff,
    0xe3, 0xf, 0xff, 0xfe, 0x0, 0x1, 0xdf, 0xff,
    0xff, 0xff, 0xff, 0xff, 0xff, 0x2f, 0xff, 0xfe,
    0x0, 0xc, 0xff, 0xff, 0xff, 0xec, 0xbc, 0xff,
    0xff, 0xcf, 0xff, 0xfe, 0x0, 0x8f, 0xff, 0xff,
    0xd4, 0x0, 0x0, 0x7, 0xff, 0xff, 0xff, 0xfe,
    0x1, 0xff, 0xff, 0xfb, 0x0, 0x0, 0x0, 0x0,
    0x2e, 0xff, 0xff, 0xfe, 0x7, 0xff, 0xff, 0xe1,
    0x0, 0x0, 0x0, 0x0, 0x4, 0xff, 0xff, 0xfe,
    0xc, 0xff, 0xff, 0x60, 0x0, 0x0, 0x0, 0x0,
    0x0, 0xaf, 0xff, 0xfe, 0x1f, 0xff, 0xff, 0x10,
    0x0, 0x0, 0x0, 0x0, 0x0, 0x4f, 0xff, 0xfe,
    0x3f, 0xff, 0xfd, 0x0, 0x0, 0x0, 0x0, 0x0,
    0x0, 0xf, 0xff, 0xfe, 0x5f, 0xff, 0xfa, 0x0,
    0x0, 0x0, 0x0, 0x0, 0x0, 0xd, 0xff, 0xfe,
    0x6f, 0xff, 0xf9, 0x0, 0x0, 0x0, 0x0, 0x0,
    0x0, 0xc, 0xff, 0xfe, 0x6f, 0xff, 0xf9, 0x0,
    0x0, 0x0, 0x0, 0x0, 0x0, 0xc, 0xff, 0xfe,
    0x5f, 0xff, 0xfa, 0x0, 0x0, 0x0, 0x0, 0x0,
    0x0, 0xd, 0xff, 0xfe, 0x3f, 0xff, 0xfd, 0x0,
    0x0, 0x0, 0x0, 0x0, 0x0, 0xf, 0xff, 0xfe,
    0x1f, 0xff, 0xff, 0x10, 0x0, 0x0, 0x0, 0x0,
    0x0, 0x4f, 0xff, 0xfe, 0xd, 0xff, 0xff, 0x60,
    0x0, 0x0, 0x0, 0x0, 0x0, 0xbf, 0xff, 0xfe,
    0x7, 0xff, 0xff, 0xe1, 0x0, 0x0, 0x0, 0x0,
    0x4, 0xff, 0xff, 0xfe, 0x1, 0xff, 0xff, 0xfb,
    0x0, 0x0, 0x0, 0x0, 0x2e, 0xff, 0xff, 0xfe,
    0x0, 0x8f, 0xff, 0xff, 0xd4, 0x0, 0x0, 0x17,
    0xff, 0xff, 0xff, 0xfe, 0x0, 0xd, 0xff, 0xff,
    0xff, 0xec, 0xbc, 0xff, 0xff, 0xdf, 0xff, 0xfe,
    0x0, 0x2, 0xef, 0xff, 0xff, 0xff, 0xff, 0xff,
    0xfe, 0x3f, 0xff, 0xfe, 0x0, 0x0, 0x1c, 0xff,
    0xff, 0xff, 0xff, 0xff, 0xe3, 0xf, 0xff, 0xfe,
    0x0, 0x0, 0x0, 0x5d, 0xff, 0xff, 0xff, 0xf9,
    0x10, 0xf, 0xff, 0xfd, 0x0, 0x0, 0x0, 0x0,
    0x25, 0x77, 0x64, 0x0, 0x0, 0x1f, 0xff, 0xfd,
    0x0, 0x0, 0x0, 0x0, 0x0, 0x0, 0x0, 0x0,
    0x0, 0x3f, 0xff, 0xfc, 0x1, 0x77, 0x77, 0x50,
    0x0, 0x0, 0x0, 0x0, 0x0, 0x7f, 0xff, 0xf9,
    0x0, 0xff, 0xff, 0xf2, 0x0, 0x0, 0x0, 0x0,
    0x1, 0xef, 0xff, 0xf5, 0x0, 0xaf, 0xff, 0xfd,
    0x10, 0x0, 0x0, 0x0, 0x1c, 0xff, 0xff, 0xe0,
    0x0, 0x3f, 0xff, 0xff, 0xe9, 0x31, 0x0, 0x37,
    0xef, 0xff, 0xff, 0x70, 0x0, 0x7, 0xff, 0xff,
    0xff, 0xff, 0xff, 0xff, 0xff, 0xff, 0xfb, 0x0,
    0x0, 0x0, 0x7f, 0xff, 0xff, 0xff, 0xff, 0xff,
    0xff, 0xff, 0xa0, 0x0, 0x0, 0x0, 0x3, 0xcf,
    0xff, 0xff, 0xff, 0xff, 0xff, 0xd5, 0x0, 0x0,
    0x0, 0x0, 0x0, 0x2, 0x8b, 0xdf, 0xff, 0xeb,
    0x83, 0x0, 0x0, 0x0,

    /* U+0068 "h" */
    0x3f, 0xff, 0xfb, 0x0, 0x0, 0x0, 0x0, 0x0,
    0x0, 0x0, 0x0, 0x3, 0xff, 0xff, 0xb0, 0x0,
    0x0, 0x0, 0x0, 0x0, 0x0, 0x0, 0x0, 0x3f,
    0xff, 0xfb, 0x0, 0x0, 0x0, 0x0, 0x0, 0x0,
    0x0, 0x0, 0x3, 0xff, 0xff, 0xb0, 0x0, 0x0,
    0x0, 0x0, 0x0, 0x0, 0x0, 0x0, 0x3f, 0xff,
    0xfb, 0x0, 0x0, 0x0, 0x0, 0x0, 0x0, 0x0,
    0x0, 0x3, 0xff, 0xff, 0xb0, 0x0, 0x0, 0x0,
    0x0, 0x0, 0x0, 0x0, 0x0, 0x3f, 0xff, 0xfb,
    0x0, 0x0, 0x0, 0x0, 0x0, 0x0, 0x0, 0x0,
    0x3, 0xff, 0xff, 0xb0, 0x0, 0x0, 0x0, 0x0,
    0x0, 0x0, 0x0, 0x0, 0x3f, 0xff, 0xfb, 0x0,
    0x0, 0x0, 0x0, 0x0, 0x0, 0x0, 0x0, 0x3,
    0xff, 0xff, 0xb0, 0x0, 0x1, 0x56, 0x76, 0x30,
    0x0, 0x0, 0x0, 0x3f, 0xff, 0xfb, 0x0, 0x3b,
    0xff, 0xff, 0xff, 0xe7, 0x0, 0x0, 0x3, 0xff,
    0xff, 0xb0, 0x7f, 0xff, 0xff, 0xff, 0xff, 0xfd,
    0x20, 0x0, 0x3f, 0xff, 0xfb, 0x7f, 0xff, 0xff,
    0xff, 0xff, 0xff, 0xfe, 0x10, 0x3, 0xff, 0xff,
    0xef, 0xff, 0xff, 0xee, 0xff, 0xff, 0xff, 0xfb,
    0x0, 0x3f, 0xff, 0xff, 0xff, 0xa3, 0x0, 0x1,
    0x8f, 0xff, 0xff, 0xf3, 0x3, 0xff, 0xff, 0xff,
    0x60, 0x0, 0x0, 0x0, 0x3f, 0xff, 0xff, 0x90,
    0x3f, 0xff, 0xff, 0x90, 0x0, 0x0, 0x0, 0x0,
    0x8f, 0xff, 0xfd, 0x3, 0xff, 0xff, 0xf2, 0x0,
    0x0, 0x0, 0x0, 0x2, 0xff, 0xff, 0xf0, 0x3f,
    0xff, 0xfe, 0x0, 0x0, 0x0, 0x0, 0x0, 0xf,
    0xff, 0xff, 0x3, 0xff, 0xff, 0xc0, 0x0, 0x0,
    0x0, 0x0, 0x0, 0xef, 0xff, 0xf1, 0x3f, 0xff,
    0xfb, 0x0, 0x0, 0x0, 0x0, 0x0, 0xe, 0xff,
    0xff, 0x13, 0xff, 0xff, 0xb0, 0x0, 0x0, 0x0,
    0x0, 0x0, 0xef, 0xff, 0xf1, 0x3f, 0xff, 0xfb,
    0x0, 0x0, 0x0, 0x0, 0x0, 0xe, 0xff, 0xff,
    0x13, 0xff, 0xff, 0xb0, 0x0, 0x0, 0x0, 0x0,
    0x0, 0xef, 0xff, 0xf1, 0x3f, 0xff, 0xfb, 0x0,
    0x0, 0x0, 0x0, 0x0, 0xe, 0xff, 0xff, 0x13,
    0xff, 0xff, 0xb0, 0x0, 0x0, 0x0, 0x0, 0x0,
    0xef, 0xff, 0xf1, 0x3f, 0xff, 0xfb, 0x0, 0x0,
    0x0, 0x0, 0x0, 0xe, 0xff, 0xff, 0x13, 0xff,
    0xff, 0xb0, 0x0, 0x0, 0x0, 0x0, 0x0, 0xef,
    0xff, 0xf1, 0x3f, 0xff, 0xfb, 0x0, 0x0, 0x0,
    0x0, 0x0, 0xe, 0xff, 0xff, 0x13, 0xff, 0xff,
    0xb0, 0x0, 0x0, 0x0, 0x0, 0x0, 0xef, 0xff,
    0xf1, 0x3f, 0xff, 0xfb, 0x0, 0x0, 0x0, 0x0,
    0x0, 0xe, 0xff, 0xff, 0x13, 0xff, 0xff, 0xb0,
    0x0, 0x0, 0x0, 0x0, 0x0, 0xef, 0xff, 0xf1,
    0x3f, 0xff, 0xfb, 0x0, 0x0, 0x0, 0x0, 0x0,
    0xe, 0xff, 0xff, 0x13, 0xff, 0xff, 0xb0, 0x0,
    0x0, 0x0, 0x0, 0x0, 0xef, 0xff, 0xf1,

    /* U+0069 "i" */
    0x6, 0xdf, 0xb2, 0x6, 0xff, 0xff, 0xd0, 0xcf,
    0xff, 0xff, 0x4c, 0xff, 0xff, 0xf4, 0x6f, 0xff,
    0xfd, 0x0, 0x7d, 0xfb, 0x20, 0x0, 0x0, 0x0,
    0x0, 0x0, 0x0, 0x0, 0x0, 0x0, 0x0, 0x0,
    0x0, 0x0, 0x0, 0x3f, 0xff, 0xfb, 0x3, 0xff,
    0xff, 0xb0, 0x3f, 0xff, 0xfb, 0x3, 0xff, 0xff,
    0xb0, 0x3f, 0xff, 0xfb, 0x3, 0xff, 0xff, 0xb0,
    0x3f, 0xff, 0xfb, 0x3, 0xff, 0xff, 0xb0, 0x3f,
    0xff, 0xfb, 0x3, 0xff, 0xff, 0xb0, 0x3f, 0xff,
    0xfb, 0x3, 0xff, 0xff, 0xb0, 0x3f, 0xff, 0xfb,
    0x3, 0xff, 0xff, 0xb0, 0x3f, 0xff, 0xfb, 0x3,
    0xff, 0xff, 0xb0, 0x3f, 0xff, 0xfb, 0x3, 0xff,
    0xff, 0xb0, 0x3f, 0xff, 0xfb, 0x3, 0xff, 0xff,
    0xb0, 0x3f, 0xff, 0xfb, 0x3, 0xff, 0xff, 0xb0,
    0x3f, 0xff, 0xfb, 0x3, 0xff, 0xff, 0xb0,

    /* U+006A "j" */
    0x0, 0x0, 0x6, 0xdf, 0xb2, 0x0, 0x0, 0x6,
    0xff, 0xff, 0xd0, 0x0, 0x0, 0xcf, 0xff, 0xff,
    0x40, 0x0, 0xc, 0xff, 0xff, 0xf4, 0x0, 0x0,
    0x6f, 0xff, 0xfd, 0x0, 0x0, 0x0, 0x7d, 0xfb,
    0x20, 0x0, 0x0, 0x0, 0x0, 0x0, 0x0, 0x0,
    0x0, 0x0, 0x0, 0x0, 0x0, 0x0, 0x0, 0x0,
    0x0, 0x0, 0x0, 0x0, 0x0, 0x0, 0x0, 0x0,
    0x0, 0x3f, 0xff, 0xfc, 0x0, 0x0, 0x3, 0xff,
    0xff, 0xc0, 0x0, 0x0, 0x3f, 0xff, 0xfc, 0x0,
    0x0, 0x3, 0xff, 0xff, 0xc0, 0x0, 0x0, 0x3f,
    0xff, 0xfc, 0x0, 0x0, 0x3, 0xff, 0xff, 0xc0,
    0x0, 0x0, 0x3f, 0xff, 0xfc, 0x0, 0x0, 0x3,
    0xff, 0xff, 0xc0, 0x0, 0x0, 0x3f, 0xff, 0xfc,
    0x0, 0x0, 0x3, 0xff, 0xff, 0xc0, 0x0, 0x0,
    0x3f, 0xff, 0xfc, 0x0, 0x0, 0x3, 0xff, 0xff,
    0xc0, 0x0, 0x0, 0x3f, 0xff, 0xfc, 0x0, 0x0,
    0x3, 0xff, 0xff, 0xc0, 0x0, 0x0, 0x3f, 0xff,
    0xfc, 0x0, 0x0, 0x3, 0xff, 0xff, 0xc0, 0x0,
    0x0, 0x3f, 0xff, 0xfc, 0x0, 0x0, 0x3, 0xff,
    0xff, 0xc0, 0x0, 0x0, 0x3f, 0xff, 0xfc, 0x0,
    0x0, 0x3, 0xff, 0xff, 0xc0, 0x0, 0x0, 0x3f,
    0xff, 0xfc, 0x0, 0x0, 0x3, 0xff, 0xff, 0xc0,
    0x0, 0x0, 0x3f, 0xff, 0xfc, 0x0, 0x0, 0x3,
    0xff, 0xff, 0xc0, 0x0, 0x0, 0x3f, 0xff, 0xfc,
    0x0, 0x0, 0x3, 0xff, 0xff, 0xc0, 0x0, 0x0,
    0x3f, 0xff, 0xfc, 0x0, 0x0, 0x4, 0xff, 0xff,
    0xb0, 0x0, 0x0, 0x9f, 0xff, 0xfa, 0x0, 0x13,
    0x7f, 0xff, 0xff, 0x70, 0x7f, 0xff, 0xff, 0xff,
    0xf1, 0x7, 0xff, 0xff, 0xff, 0xf7, 0x0, 0x7f,
    0xff, 0xff, 0xf7, 0x0, 0x7, 0xff, 0xfd, 0x92,
    0x0, 0x0,

    /* U+006B "k" */
    0x3f, 0xff, 0xfb, 0x0, 0x0, 0x0, 0x0, 0x0,
    0x0, 0x0, 0x0, 0x0, 0x3f, 0xff, 0xfb, 0x0,
    0x0, 0x0, 0x0, 0x0, 0x0, 0x0, 0x0, 0x0,
    0x3f, 0xff, 0xfb, 0x0, 0x0, 0x0, 0x0, 0x0,
    0x0, 0x0, 0x0, 0x0, 0x3f, 0xff, 0xfb, 0x0,
    0x0, 0x0, 0x0, 0x0, 0x0, 0x0, 0x0, 0x0,
    0x3f, 0xff, 0xfb, 0x0, 0x0, 0x0, 0x0, 0x0,
    0x0, 0x0, 0x0, 0x0, 0x3f, 0xff, 0xfb, 0x0,
    0x0, 0x0, 0x0, 0x0, 0x0, 0x0, 0x0, 0x0,
    0x3f, 0xff, 0xfb, 0x0, 0x0, 0x0, 0x0, 0x0,
    0x0, 0x0, 0x0, 0x0, 0x3f, 0xff, 0xfb, 0x0,
    0x0, 0x0, 0x0, 0x0, 0x0, 0x0, 0x0, 0x0,
    0x3f, 0xff, 0xfb, 0x0, 0x0, 0x0, 0x0, 0x0,
    0x0, 0x0, 0x0, 0x0, 0x3f, 0xff, 0xfb, 0x0,
    0x0, 0x0, 0x0, 0x0, 0x0, 0x0, 0x0, 0x0,
    0x3f, 0xff, 0xfb, 0x0, 0x0, 0x0, 0x0, 0x3,
    0xff, 0xff, 0xfd, 0x10, 0x3f, 0xff, 0xfb, 0x0,
    0x0, 0x0, 0x0, 0x3f, 0xff, 0xff, 0xd1, 0x0,
    0x3f, 0xff, 0xfb, 0x0, 0x0, 0x0, 0x4, 0xff,
    0xff, 0xfd, 0x10, 0x0, 0x3f, 0xff, 0xfb, 0x0,
    0x0, 0x0, 0x4f, 0xff, 0xff, 0xd1, 0x0, 0x0,
    0x3f, 0xff, 0xfb, 0x0, 0x0, 0x4, 0xff, 0xff,
    0xfd, 0x10, 0x0, 0x0, 0x3f, 0xff, 0xfb, 0x0,
    0x0, 0x5f, 0xff, 0xff, 0xd1, 0x0, 0x0, 0x0,
    0x3f, 0xff, 0xfb, 0x0, 0x5, 0xff, 0xff, 0xfd,
    0x10, 0x0, 0x0, 0x0, 0x3f, 0xff, 0xfb, 0x0,
    0x5f, 0xff, 0xff, 0xc1, 0x0, 0x0, 0x0, 0x0,
    0x3f, 0xff, 0xfb, 0x6, 0xff, 0xff, 0xfc, 0x10,
    0x0, 0x0, 0x0, 0x0, 0x3f, 0xff, 0xfb, 0x6f,
    0xff, 0xff, 0xc0, 0x0, 0x0, 0x0, 0x0, 0x0,
    0x3f, 0xff, 0xff, 0xff, 0xff, 0xff, 0x40, 0x0,
    0x0, 0x0, 0x0, 0x0, 0x3f, 0xff, 0xff, 0xff,
    0xff, 0xff, 0xe1, 0x0, 0x0, 0x0, 0x0, 0x0,
    0x3f, 0xff, 0xff, 0xff, 0xff, 0xff, 0xfc, 0x0,
    0x0, 0x0, 0x0, 0x0, 0x3f, 0xff, 0xff, 0xfd,
    0x9f, 0xff, 0xff, 0x90, 0x0, 0x0, 0x0, 0x0,
    0x3f, 0xff, 0xff, 0xc1, 0xa, 0xff, 0xff, 0xf6,
    0x0, 0x0, 0x0, 0x0, 0x3f, 0xff, 0xfd, 0x0,
    0x0, 0xdf, 0xff, 0xff, 0x40, 0x0, 0x0, 0x0,
    0x3f, 0xff, 0xfb, 0x0, 0x0, 0x1e, 0xff, 0xff,
    0xe2, 0x0, 0x0, 0x0, 0x3f, 0xff, 0xfb, 0x0,
    0x0, 0x3, 0xff, 0xff, 0xfd, 0x0, 0x0, 0x0,
    0x3f, 0xff, 0xfb, 0x0, 0x0, 0x0, 0x6f, 0xff,
    0xff, 0xb0, 0x0, 0x0, 0x3f, 0xff, 0xfb, 0x0,
    0x0, 0x0, 0x9, 0xff, 0xff, 0xf8, 0x0, 0x0,
    0x3f, 0xff, 0xfb, 0x0, 0x0, 0x0, 0x0, 0xbf,
    0xff, 0xff, 0x50, 0x0, 0x3f, 0xff, 0xfb, 0x0,
    0x0, 0x0, 0x0, 0x1d, 0xff, 0xff, 0xf3, 0x0,
    0x3f, 0xff, 0xfb, 0x0, 0x0, 0x0, 0x0, 0x2,
    0xff, 0xff, 0xfe, 0x10, 0x3f, 0xff, 0xfb, 0x0,
    0x0, 0x0, 0x0, 0x0, 0x4f, 0xff, 0xff, 0xc0,

    /* U+006C "l" */
    0x3f, 0xff, 0xfb, 0x3f, 0xff, 0xfb, 0x3f, 0xff,
    0xfb, 0x3f, 0xff, 0xfb, 0x3f, 0xff, 0xfb, 0x3f,
    0xff, 0xfb, 0x3f, 0xff, 0xfb, 0x3f, 0xff, 0xfb,
    0x3f, 0xff, 0xfb, 0x3f, 0xff, 0xfb, 0x3f, 0xff,
    0xfb, 0x3f, 0xff, 0xfb, 0x3f, 0xff, 0xfb, 0x3f,
    0xff, 0xfb, 0x3f, 0xff, 0xfb, 0x3f, 0xff, 0xfb,
    0x3f, 0xff, 0xfb, 0x3f, 0xff, 0xfb, 0x3f, 0xff,
    0xfb, 0x3f, 0xff, 0xfb, 0x3f, 0xff, 0xfb, 0x3f,
    0xff, 0xfb, 0x3f, 0xff, 0xfb, 0x3f, 0xff, 0xfb,
    0x3f, 0xff, 0xfb, 0x3f, 0xff, 0xfb, 0x3f, 0xff,
    0xfb, 0x3f, 0xff, 0xfb, 0x3f, 0xff, 0xfb, 0x3f,
    0xff, 0xfb, 0x3f, 0xff, 0xfb, 0x3f, 0xff, 0xfb,
    0x3f, 0xff, 0xfb, 0x3f, 0xff, 0xfb,

    /* U+006D "m" */
    0x0, 0x0, 0x0, 0x0, 0x0, 0x15, 0x77, 0x51,
    0x0, 0x0, 0x0, 0x0, 0x3, 0x67, 0x65, 0x10,
    0x0, 0x0, 0x3, 0xff, 0xff, 0x90, 0x3, 0xbf,
    0xff, 0xff, 0xfb, 0x20, 0x0, 0x0, 0x6d, 0xff,
    0xff, 0xff, 0xb3, 0x0, 0x0, 0x3f, 0xff, 0xf9,
    0x6, 0xff, 0xff, 0xff, 0xff, 0xff, 0x50, 0x1,
    0xcf, 0xff, 0xff, 0xff, 0xff, 0xf8, 0x0, 0x3,
    0xff, 0xff, 0x95, 0xff, 0xff, 0xff, 0xff, 0xff,
    0xff, 0x30, 0xdf, 0xff, 0xff, 0xff, 0xff, 0xff,
    0xf6, 0x0, 0x3f, 0xff, 0xfb, 0xff, 0xff, 0xdd,
    0xff, 0xff, 0xff, 0xfd, 0x9f, 0xff, 0xfd, 0xde,
    0xff, 0xff, 0xff, 0xf2, 0x3, 0xff, 0xff, 0xff,
    0xf8, 0x10, 0x0, 0x4d, 0xff, 0xff, 0xff, 0xff,
    0x70, 0x0, 0x3, 0xcf, 0xff, 0xff, 0x90, 0x3f,
    0xff, 0xff, 0xf3, 0x0, 0x0, 0x0, 0x1d, 0xff,
    0xff, 0xff, 0x30, 0x0, 0x0, 0x0, 0xbf, 0xff,
    0xfe, 0x3, 0xff, 0xff, 0xf7, 0x0, 0x0, 0x0,
    0x0, 0x5f, 0xff, 0xff, 0x80, 0x0, 0x0, 0x0,
    0x2, 0xff, 0xff, 0xf1, 0x3f, 0xff, 0xff, 0x0,
    0x0, 0x0, 0x0, 0x0, 0xff, 0xff, 0xf2, 0x0,
    0x0, 0x0, 0x0, 0xe, 0xff, 0xff, 0x23, 0xff,
    0xff, 0xd0, 0x0, 0x0, 0x0, 0x0, 0xf, 0xff,
    0xff, 0x0, 0x0, 0x0, 0x0, 0x0, 0xcf, 0xff,
    0xf3, 0x3f, 0xff, 0xfb, 0x0, 0x0, 0x0, 0x0,
    0x0, 0xff, 0xff, 0xe0, 0x0, 0x0, 0x0, 0x0,
    0xc, 0xff, 0xff, 0x33, 0xff, 0xff, 0xb0, 0x0,
    0x0, 0x0, 0x0, 0xf, 0xff, 0xfe, 0x0, 0x0,
    0x0, 0x0, 0x0, 0xcf, 0xff, 0xf3, 0x3f, 0xff,
    0xfb, 0x0, 0x0, 0x0, 0x0, 0x0, 0xff, 0xff,
    0xe0, 0x0, 0x0, 0x0, 0x0, 0xc, 0xff, 0xff,
    0x33, 0xff, 0xff, 0xb0, 0x0, 0x0, 0x0, 0x0,
    0xf, 0xff, 0xfe, 0x0, 0x0, 0x0, 0x0, 0x0,
    0xcf, 0xff, 0xf3, 0x3f, 0xff, 0xfb, 0x0, 0x0,
    0x0, 0x0, 0x0, 0xff, 0xff, 0xe0, 0x0, 0x0,
    0x0, 0x0, 0xc, 0xff, 0xff, 0x33, 0xff, 0xff,
    0xb0, 0x0, 0x0, 0x0, 0x0, 0xf, 0xff, 0xfe,
    0x0, 0x0, 0x0, 0x0, 0x0, 0xcf, 0xff, 0xf3,
    0x3f, 0xff, 0xfb, 0x0, 0x0, 0x0, 0x0, 0x0,
    0xff, 0xff, 0xe0, 0x0, 0x0, 0x0, 0x0, 0xc,
    0xff, 0xff, 0x33, 0xff, 0xff, 0xb0, 0x0, 0x0,
    0x0, 0x0, 0xf, 0xff, 0xfe, 0x0, 0x0, 0x0,
    0x0, 0x0, 0xcf, 0xff, 0xf3, 0x3f, 0xff, 0xfb,
    0x0, 0x0, 0x0, 0x0, 0x0, 0xff, 0xff, 0xe0,
    0x0, 0x0, 0x0, 0x0, 0xc, 0xff, 0xff, 0x33,
    0xff, 0xff, 0xb0, 0x0, 0x0, 0x0, 0x0, 0xf,
    0xff, 0xfe, 0x0, 0x0, 0x0, 0x0, 0x0, 0xcf,
    0xff, 0xf3, 0x3f, 0xff, 0xfb, 0x0, 0x0, 0x0,
    0x0, 0x0, 0xff, 0xff, 0xe0, 0x0, 0x0, 0x0,
    0x0, 0xc, 0xff, 0xff, 0x33, 0xff, 0xff, 0xb0,
    0x0, 0x0, 0x0, 0x0, 0xf, 0xff, 0xfe, 0x0,
    0x0, 0x0, 0x0, 0x0, 0xcf, 0xff, 0xf3, 0x3f,
    0xff, 0xfb, 0x0, 0x0, 0x0, 0x0, 0x0, 0xff,
    0xff, 0xe0, 0x0, 0x0, 0x0, 0x0, 0xc, 0xff,
    0xff, 0x33, 0xff, 0xff, 0xb0, 0x0, 0x0, 0x0,
    0x0, 0xf, 0xff, 0xfe, 0x0, 0x0, 0x0, 0x0,
    0x0, 0xcf, 0xff, 0xf3, 0x3f, 0xff, 0xfb, 0x0,
    0x0, 0x0, 0x0, 0x0, 0xff, 0xff, 0xe0, 0x0,
    0x0, 0x0, 0x0, 0xc, 0xff, 0xff, 0x30,

    /* U+006E "n" */
    0x0, 0x0, 0x0, 0x0, 0x0, 0x25, 0x77, 0x63,
    0x0, 0x0, 0x0, 0x3, 0xff, 0xff, 0xa0, 0x4,
    0xcf, 0xff, 0xff, 0xfe, 0x70, 0x0, 0x0, 0x3f,
    0xff, 0xfa, 0x8, 0xff, 0xff, 0xff, 0xff, 0xff,
    0xd2, 0x0, 0x3, 0xff, 0xff, 0xa8, 0xff, 0xff,
    0xff, 0xff, 0xff, 0xff, 0xe1, 0x0, 0x3f, 0xff,
    0xfd, 0xff, 0xff, 0xfe, 0xef, 0xff, 0xff, 0xff,
    0xb0, 0x3, 0xff, 0xff, 0xff, 0xfa, 0x30, 0x0,
    0x18, 0xff, 0xff, 0xff, 0x30, 0x3f, 0xff, 0xff,
    0xf6, 0x0, 0x0, 0x0, 0x3, 0xff, 0xff, 0xf9,
    0x3, 0xff, 0xff, 0xf9, 0x0, 0x0, 0x0, 0x0,
    0x8, 0xff, 0xff, 0xd0, 0x3f, 0xff, 0xff, 0x20,
    0x0, 0x0, 0x0, 0x0, 0x2f, 0xff, 0xff, 0x3,
    0xff, 0xff, 0xe0, 0x0, 0x0, 0x0, 0x0, 0x0,
    0xff, 0xff, 0xf0, 0x3f, 0xff, 0xfc, 0x0, 0x0,
    0x0, 0x0, 0x0, 0xe, 0xff, 0xff, 0x13, 0xff,
    0xff, 0xb0, 0x0, 0x0, 0x0, 0x0, 0x0, 0xef,
    0xff, 0xf1, 0x3f, 0xff, 0xfb, 0x0, 0x0, 0x0,
    0x0, 0x0, 0xe, 0xff, 0xff, 0x13, 0xff, 0xff,
    0xb0, 0x0, 0x0, 0x0, 0x0, 0x0, 0xef, 0xff,
    0xf1, 0x3f, 0xff, 0xfb, 0x0, 0x0, 0x0, 0x0,
    0x0, 0xe, 0xff, 0xff, 0x13, 0xff, 0xff, 0xb0,
    0x0, 0x0, 0x0, 0x0, 0x0, 0xef, 0xff, 0xf1,
    0x3f, 0xff, 0xfb, 0x0, 0x0, 0x0, 0x0, 0x0,
    0xe, 0xff, 0xff, 0x13, 0xff, 0xff, 0xb0, 0x0,
    0x0, 0x0, 0x0, 0x0, 0xef, 0xff, 0xf1, 0x3f,
    0xff, 0xfb, 0x0, 0x0, 0x0, 0x0, 0x0, 0xe,
    0xff, 0xff, 0x13, 0xff, 0xff, 0xb0, 0x0, 0x0,
    0x0, 0x0, 0x0, 0xef, 0xff, 0xf1, 0x3f, 0xff,
    0xfb, 0x0, 0x0, 0x0, 0x0, 0x0, 0xe, 0xff,
    0xff, 0x13, 0xff, 0xff, 0xb0, 0x0, 0x0, 0x0,
    0x0, 0x0, 0xef, 0xff, 0xf1, 0x3f, 0xff, 0xfb,
    0x0, 0x0, 0x0, 0x0, 0x0, 0xe, 0xff, 0xff,
    0x13, 0xff, 0xff, 0xb0, 0x0, 0x0, 0x0, 0x0,
    0x0, 0xef, 0xff, 0xf1, 0x3f, 0xff, 0xfb, 0x0,
    0x0, 0x0, 0x0, 0x0, 0xe, 0xff, 0xff, 0x10,

    /* U+006F "o" */
    0x0, 0x0, 0x0, 0x0, 0x2, 0x57, 0x76, 0x52,
    0x0, 0x0, 0x0, 0x0, 0x0, 0x0, 0x0, 0x1,
    0x8e, 0xff, 0xff, 0xff, 0xfd, 0x70, 0x0, 0x0,
    0x0, 0x0, 0x0, 0x6, 0xff, 0xff, 0xff, 0xff,
    0xff, 0xff, 0xe4, 0x0, 0x0, 0x0, 0x0, 0x9,
    0xff, 0xff, 0xff, 0xff, 0xff, 0xff, 0xff, 0xf7,
    0x0, 0x0, 0x0, 0x9, 0xff, 0xff, 0xff, 0xfc,
    0xbd, 0xff, 0xff, 0xff, 0xf6, 0x0, 0x0, 0x5,
    0xff, 0xff, 0xfe, 0x50, 0x0, 0x1, 0x7f, 0xff,
    0xff, 0xf2, 0x0, 0x0, 0xef, 0xff, 0xfd, 0x10,
    0x0, 0x0, 0x0, 0x2e, 0xff, 0xff, 0xc0, 0x0,
    0x6f, 0xff, 0xff, 0x10, 0x0, 0x0, 0x0, 0x0,
    0x3f, 0xff, 0xff, 0x30, 0xb, 0xff, 0xff, 0x70,
    0x0, 0x0, 0x0, 0x0, 0x0, 0xaf, 0xff, 0xf9,
    0x0, 0xff, 0xff, 0xf1, 0x0, 0x0, 0x0, 0x0,
    0x0, 0x3, 0xff, 0xff, 0xd0, 0x3f, 0xff, 0xfd,
    0x0, 0x0, 0x0, 0x0, 0x0, 0x0, 0xf, 0xff,
    0xff, 0x5, 0xff, 0xff, 0xb0, 0x0, 0x0, 0x0,
    0x0, 0x0, 0x0, 0xdf, 0xff, 0xf2, 0x6f, 0xff,
    0xfa, 0x0, 0x0, 0x0, 0x0, 0x0, 0x0, 0xc,
    0xff, 0xff, 0x36, 0xff, 0xff, 0x90, 0x0, 0x0,
    0x0, 0x0, 0x0, 0x0, 0xbf, 0xff, 0xf3, 0x5f,
    0xff, 0xfa, 0x0, 0x0, 0x0, 0x0, 0x0, 0x0,
    0xd, 0xff, 0xff, 0x23, 0xff, 0xff, 0xd0, 0x0,
    0x0, 0x0, 0x0, 0x0, 0x0, 0xff, 0xff, 0xf0,
    0xf, 0xff, 0xff, 0x10, 0x0, 0x0, 0x0, 0x0,
    0x0, 0x3f, 0xff, 0xfe, 0x0, 0xcf, 0xff, 0xf7,
    0x0, 0x0, 0x0, 0x0, 0x0, 0x9, 0xff, 0xff,
    0x90, 0x6, 0xff, 0xff, 0xf1, 0x0, 0x0, 0x0,
    0x0, 0x3, 0xff, 0xff, 0xf3, 0x0, 0xe, 0xff,
    0xff, 0xc1, 0x0, 0x0, 0x0, 0x2, 0xef, 0xff,
    0xfc, 0x0, 0x0, 0x5f, 0xff, 0xff, 0xe5, 0x0,
    0x0, 0x6, 0xef, 0xff, 0xff, 0x30, 0x0, 0x0,
    0x9f, 0xff, 0xff, 0xff, 0xcb, 0xdf, 0xff, 0xff,
    0xff, 0x60, 0x0, 0x0, 0x0, 0xaf, 0xff, 0xff,
    0xff, 0xff, 0xff, 0xff, 0xff, 0x70, 0x0, 0x0,
    0x0, 0x0, 0x6f, 0xff, 0xff, 0xff, 0xff, 0xff,
    0xfe, 0x50, 0x0, 0x0, 0x0, 0x0, 0x0, 0x18,
    0xef, 0xff, 0xff, 0xff, 0xd7, 0x0, 0x0, 0x0,
    0x0, 0x0, 0x0, 0x0, 0x0, 0x25, 0x77, 0x75,
    0x20, 0x0, 0x0, 0x0, 0x0,

    /* U+0070 "p" */
    0x0, 0x0, 0x0, 0x0, 0x0, 0x14, 0x67, 0x64,
    0x10, 0x0, 0x0, 0x0, 0x3, 0xff, 0xff, 0xa0,
    0x4, 0xbf, 0xff, 0xff, 0xff, 0xa2, 0x0, 0x0,
    0x0, 0x3f, 0xff, 0xfa, 0x9, 0xff, 0xff, 0xff,
    0xff, 0xff, 0xf8, 0x0, 0x0, 0x3, 0xff, 0xff,
    0xa8, 0xff, 0xff, 0xff, 0xff, 0xff, 0xff, 0xfa,
    0x0, 0x0, 0x3f, 0xff, 0xfd, 0xff, 0xff, 0xfc,
    0xbd, 0xff, 0xff, 0xff, 0xf8, 0x0, 0x3, 0xff,
    0xff, 0xff, 0xfd, 0x40, 0x0, 0x1, 0x7f, 0xff,
    0xff, 0xf3, 0x0, 0x3f, 0xff, 0xff, 0xfb, 0x0,
    0x0, 0x0, 0x0, 0x3f, 0xff, 0xff, 0xb0, 0x3,
    0xff, 0xff, 0xfe, 0x0, 0x0, 0x0, 0x0, 0x0,
    0x5f, 0xff, 0xff, 0x20, 0x3f, 0xff, 0xff, 0x50,
    0x0, 0x0, 0x0, 0x0, 0x0, 0xcf, 0xff, 0xf7,
    0x3, 0xff, 0xff, 0xe0, 0x0, 0x0, 0x0, 0x0,
    0x0, 0x6, 0xff, 0xff, 0xb0, 0x3f, 0xff, 0xfa,
    0x0, 0x0, 0x0, 0x0, 0x0, 0x0, 0x2f, 0xff,
    0xfe, 0x3, 0xff, 0xff, 0x80, 0x0, 0x0, 0x0,
    0x0, 0x0, 0x0, 0xff, 0xff, 0xf0, 0x3f, 0xff,
    0xf7, 0x0, 0x0, 0x0, 0x0, 0x0, 0x0, 0xf,
    0xff, 0xff, 0x13, 0xff, 0xff, 0x60, 0x0, 0x0,
    0x0, 0x0, 0x0, 0x0, 0xff, 0xff, 0xf1, 0x3f,
    0xff, 0xf8, 0x0, 0x0, 0x0, 0x0, 0x0, 0x0,
    0xf, 0xff, 0xff, 0x3, 0xff, 0xff, 0xa0, 0x0,
    0x0, 0x0, 0x0, 0x0, 0x2, 0xff, 0xff, 0xe0,
    0x3f, 0xff, 0xfe, 0x0, 0x0, 0x0, 0x0, 0x0,
    0x0, 0x6f, 0xff, 0xfb, 0x3, 0xff, 0xff, 0xf5,
    0x0, 0x0, 0x0, 0x0, 0x0, 0xc, 0xff, 0xff,
    0x70, 0x3f, 0xff, 0xff, 0xe0, 0x0, 0x0, 0x0,
    0x0, 0x5, 0xff, 0xff, 0xf2, 0x3, 0xff, 0xff,
    0xff, 0xb0, 0x0, 0x0, 0x0, 0x3, 0xef, 0xff,
    0xfb, 0x0, 0x3f, 0xff, 0xff, 0xff, 0xd5, 0x0,
    0x0, 0x17, 0xff, 0xff, 0xff, 0x30, 0x3, 0xff,
    0xff, 0xdf, 0xff, 0xff, 0xcb, 0xdf, 0xff, 0xff,
    0xff, 0x80, 0x0, 0x3f, 0xff, 0xfb, 0x5f, 0xff,
    0xff, 0xff, 0xff, 0xff, 0xff, 0xa0, 0x0, 0x3,
    0xff, 0xff, 0xb0, 0x6f, 0xff, 0xff, 0xff, 0xff,
    0xff, 0x80, 0x0, 0x0, 0x3f, 0xff, 0xfb, 0x0,
    0x2b, 0xff, 0xff, 0xff, 0xfb, 0x30, 0x0, 0x0,
    0x3, 0xff, 0xff, 0xb0, 0x0, 0x1, 0x57, 0x76,
    0x41, 0x0, 0x0, 0x0, 0x0, 0x3f, 0xff, 0xfb,
    0x0, 0x0, 0x0, 0x0, 0x0, 0x0, 0x0, 0x0,
    0x0, 0x3, 0xff, 0xff, 0xb0, 0x0, 0x0, 0x0,
    0x0, 0x0, 0x0, 0x0, 0x0, 0x0, 0x3f, 0xff,
    0xfb, 0x0, 0x0, 0x0, 0x0, 0x0, 0x0, 0x0,
    0x0, 0x0, 0x3, 0xff, 0xff, 0xb0, 0x0, 0x0,
    0x0, 0x0, 0x0, 0x0, 0x0, 0x0, 0x0, 0x3f,
    0xff, 0xfb, 0x0, 0x0, 0x0, 0x0, 0x0, 0x0,
    0x0, 0x0, 0x0, 0x3, 0xff, 0xff, 0xb0, 0x0,
    0x0, 0x0, 0x0, 0x0, 0x0, 0x0, 0x0, 0x0,
    0x3f, 0xff, 0xfb, 0x0, 0x0, 0x0, 0x0, 0x0,
    0x0, 0x0, 0x0, 0x0, 0x3, 0xff, 0xff, 0xb0,
    0x0, 0x0, 0x0, 0x0, 0x0, 0x0, 0x0, 0x0,
    0x0, 0x3f, 0xff, 0xfb, 0x0, 0x0, 0x0, 0x0,
    0x0, 0x0, 0x0, 0x0, 0x0, 0x0,

    /* U+0071 "q" */
    0x0, 0x0, 0x0, 0x0, 0x25, 0x77, 0x53, 0x0,
    0x0, 0x0, 0x0, 0x0, 0x0, 0x0, 0x0, 0x5c,
    0xff, 0xff, 0xff, 0xe9, 0x10, 0xf, 0xff, 0xfe,
    0x0, 0x0, 0x1c, 0xff, 0xff, 0xff, 0xff, 0xff,
    0xf4, 0xf, 0xff, 0xfe, 0x0, 0x1, 0xdf, 0xff,
    0xff, 0xff, 0xff, 0xff, 0xff, 0x3f, 0xff, 0xfe,
    0x0, 0xd, 0xff, 0xff, 0xff, 0xfc, 0xbd, 0xff,
    0xff, 0xef, 0xff, 0xfe, 0x0, 0x8f, 0xff, 0xff,
    0xd5, 0x0, 0x0, 0x17, 0xff, 0xff, 0xff, 0xfe,
    0x1, 0xff, 0xff, 0xfc, 0x0, 0x0, 0x0, 0x0,
    0x3e, 0xff, 0xff, 0xfe, 0x7, 0xff, 0xff, 0xe1,
    0x0, 0x0, 0x0, 0x0, 0x4, 0xff, 0xff, 0xfe,
    0xd, 0xff, 0xff, 0x70, 0x0, 0x0, 0x0, 0x0,
    0x0, 0xbf, 0xff, 0xfe, 0x1f, 0xff, 0xff, 0x10,
    0x0, 0x0, 0x0, 0x0, 0x0, 0x4f, 0xff, 0xfe,
    0x3f, 0xff, 0xfd, 0x0, 0x0, 0x0, 0x0, 0x0,
    0x0, 0xf, 0xff, 0xfe, 0x5f, 0xff, 0xfa, 0x0,
    0x0, 0x0, 0x0, 0x0, 0x0, 0xd, 0xff, 0xfe,
    0x6f, 0xff, 0xf9, 0x0, 0x0, 0x0, 0x0, 0x0,
    0x0, 0xc, 0xff, 0xfe, 0x6f, 0xff, 0xf9, 0x0,
    0x0, 0x0, 0x0, 0x0, 0x0, 0xc, 0xff, 0xfe,
    0x5f, 0xff, 0xfa, 0x0, 0x0, 0x0, 0x0, 0x0,
    0x0, 0xd, 0xff, 0xfe, 0x3f, 0xff, 0xfd, 0x0,
    0x0, 0x0, 0x0, 0x0, 0x0, 0xf, 0xff, 0xfe,
    0x1f, 0xff, 0xff, 0x10, 0x0, 0x0, 0x0, 0x0,
    0x0, 0x4f, 0xff, 0xfe, 0xd, 0xff, 0xff, 0x60,
    0x0, 0x0, 0x0, 0x0, 0x0, 0xbf, 0xff, 0xfe,
    0x7, 0xff, 0xff, 0xe1, 0x0, 0x0, 0x0, 0x0,
    0x4, 0xff, 0xff, 0xfe, 0x1, 0xff, 0xff, 0xfc,
    0x0, 0x0, 0x0, 0x0, 0x3e, 0xff, 0xff, 0xfe,
    0x0, 0x8f, 0xff, 0xff, 0xd5, 0x0, 0x0, 0x17,
    0xff, 0xff, 0xff, 0xfe, 0x0, 0xd, 0xff, 0xff,
    0xff, 0xfc, 0xbd, 0xff, 0xff, 0xcf, 0xff, 0xfe,
    0x0, 0x2, 0xef, 0xff, 0xff, 0xff, 0xff, 0xff,
    0xfe, 0x3f, 0xff, 0xfe, 0x0, 0x0, 0x1c, 0xff,
    0xff, 0xff, 0xff, 0xff, 0xd2, 0x1f, 0xff, 0xfe,
    0x0, 0x0, 0x0, 0x6d, 0xff, 0xff, 0xff, 0xe8,
    0x0, 0x1f, 0xff, 0xfe, 0x0, 0x0, 0x0, 0x0,
    0x25, 0x77, 0x64, 0x0, 0x0, 0x1f, 0xff, 0xfe,
    0x0, 0x0, 0x0, 0x0, 0x0, 0x0, 0x0, 0x0,
    0x0, 0x1f, 0xff, 0xfe, 0x0, 0x0, 0x0, 0x0,
    0x0, 0x0, 0x0, 0x0, 0x0, 0x1f, 0xff, 0xfe,
    0x0, 0x0, 0x0, 0x0, 0x0, 0x0, 0x0, 0x0,
    0x0, 0x1f, 0xff, 0xfe, 0x0, 0x0, 0x0, 0x0,
    0x0, 0x0, 0x0, 0x0, 0x0, 0x1f, 0xff, 0xfe,
    0x0, 0x0, 0x0, 0x0, 0x0, 0x0, 0x0, 0x0,
    0x0, 0x1f, 0xff, 0xfe, 0x0, 0x0, 0x0, 0x0,
    0x0, 0x0, 0x0, 0x0, 0x0, 0x1f, 0xff, 0xfe,
    0x0, 0x0, 0x0, 0x0, 0x0, 0x0, 0x0, 0x0,
    0x0, 0x1f, 0xff, 0xfe, 0x0, 0x0, 0x0, 0x0,
    0x0, 0x0, 0x0, 0x0, 0x0, 0x1f, 0xff, 0xfe,
    0x0, 0x0, 0x0, 0x0, 0x0, 0x0, 0x0, 0x0,
    0x0, 0x1f, 0xff, 0xfe,

    /* U+0072 "r" */
    0x0, 0x0, 0x0, 0x0, 0x3, 0x67, 0x72, 0x3f,
    0xff, 0xf8, 0x2, 0xcf, 0xff, 0xf6, 0x3f, 0xff,
    0xf8, 0x2e, 0xff, 0xff, 0xf6, 0x3f, 0xff, 0xf8,
    0xcf, 0xff, 0xff, 0xf6, 0x3f, 0xff, 0xfc, 0xff,
    0xff, 0xff, 0xf6, 0x3f, 0xff, 0xff, 0xff, 0x72,
    0x0, 0x0, 0x3f, 0xff, 0xff, 0xf3, 0x0, 0x0,
    0x0, 0x3f, 0xff, 0xff, 0x60, 0x0, 0x0, 0x0,
    0x3f, 0xff, 0xff, 0x0, 0x0, 0x0, 0x0, 0x3f,
    0xff, 0xfd, 0x0, 0x0, 0x0, 0x0, 0x3f, 0xff,
    0xfc, 0x0, 0x0, 0x0, 0x0, 0x3f, 0xff, 0xfb,
    0x0, 0x0, 0x0, 0x0, 0x3f, 0xff, 0xfb, 0x0,
    0x0, 0x0, 0x0, 0x3f, 0xff, 0xfb, 0x0, 0x0,
    0x0, 0x0, 0x3f, 0xff, 0xfb, 0x0, 0x0, 0x0,
    0x0, 0x3f, 0xff, 0xfb, 0x0, 0x0, 0x0, 0x0,
    0x3f, 0xff, 0xfb, 0x0, 0x0, 0x0, 0x0, 0x3f,
    0xff, 0xfb, 0x0, 0x0, 0x0, 0x0, 0x3f, 0xff,
    0xfb, 0x0, 0x0, 0x0, 0x0, 0x3f, 0xff, 0xfb,
    0x0, 0x0, 0x0, 0x0, 0x3f, 0xff, 0xfb, 0x0,
    0x0, 0x0, 0x0, 0x3f, 0xff, 0xfb, 0x0, 0x0,
    0x0, 0x0, 0x3f, 0xff, 0xfb, 0x0, 0x0, 0x0,
    0x0, 0x3f, 0xff, 0xfb, 0x0, 0x0, 0x0, 0x0,
    0x3f, 0xff, 0xfb, 0x0, 0x0, 0x0, 0x0,

    /* U+0073 "s" */
    0x0, 0x0, 0x0, 0x2, 0x56, 0x77, 0x52, 0x0,
    0x0, 0x0, 0x0, 0x0, 0x0, 0x7d, 0xff, 0xff,
    0xff, 0xfe, 0x81, 0x0, 0x0, 0x0, 0x4, 0xef,
    0xff, 0xff, 0xff, 0xff, 0xff, 0xf5, 0x0, 0x0,
    0x4, 0xff, 0xff, 0xff, 0xff, 0xff, 0xff, 0xff,
    0xf7, 0x0, 0x1, 0xef, 0xff, 0xff, 0xc8, 0x66,
    0x9f, 0xff, 0xff, 0xf3, 0x0, 0x6f, 0xff, 0xff,
    0x40, 0x0, 0x0, 0x1b, 0xff, 0xff, 0xb0, 0xb,
    0xff, 0xff, 0x60, 0x0, 0x0, 0x0, 0xe, 0xff,
    0xff, 0x10, 0xcf, 0xff, 0xf2, 0x0, 0x0, 0x0,
    0x0, 0x8f, 0xff, 0xf4, 0xb, 0xff, 0xff, 0x50,
    0x0, 0x0, 0x0, 0x2, 0x66, 0x66, 0x20, 0x8f,
    0xff, 0xfe, 0x20, 0x0, 0x0, 0x0, 0x0, 0x0,
    0x0, 0x2, 0xff, 0xff, 0xff, 0xa5, 0x10, 0x0,
    0x0, 0x0, 0x0, 0x0, 0x7, 0xff, 0xff, 0xff,
    0xff, 0xeb, 0x73, 0x0, 0x0, 0x0, 0x0, 0x6,
    0xff, 0xff, 0xff, 0xff, 0xff, 0xff, 0x92, 0x0,
    0x0, 0x0, 0x1, 0x9e, 0xff, 0xff, 0xff, 0xff,
    0xff, 0xf8, 0x0, 0x0, 0x0, 0x0, 0x3, 0x7b,
    0xef, 0xff, 0xff, 0xff, 0xfa, 0x0, 0x0, 0x0,
    0x0, 0x0, 0x0, 0x25, 0xaf, 0xff, 0xff, 0xf5,
    0x0, 0x0, 0x0, 0x0, 0x0, 0x0, 0x0, 0x2d,
    0xff, 0xff, 0xb2, 0x66, 0x66, 0x30, 0x0, 0x0,
    0x0, 0x0, 0x4f, 0xff, 0xfe, 0x4f, 0xff, 0xfa,
    0x0, 0x0, 0x0, 0x0, 0x1, 0xff, 0xff, 0xe0,
    0xff, 0xff, 0xf2, 0x0, 0x0, 0x0, 0x0, 0x5f,
    0xff, 0xfc, 0xb, 0xff, 0xff, 0xd2, 0x0, 0x0,
    0x0, 0x5e, 0xff, 0xff, 0x80, 0x2f, 0xff, 0xff,
    0xfb, 0x76, 0x79, 0xdf, 0xff, 0xff, 0xe1, 0x0,
    0x4f, 0xff, 0xff, 0xff, 0xff, 0xff, 0xff, 0xff,
    0xf4, 0x0, 0x0, 0x4d, 0xff, 0xff, 0xff, 0xff,
    0xff, 0xff, 0xd3, 0x0, 0x0, 0x0, 0x6, 0xcf,
    0xff, 0xff, 0xff, 0xfc, 0x60, 0x0, 0x0, 0x0,
    0x0, 0x0, 0x14, 0x67, 0x76, 0x41, 0x0, 0x0,
    0x0,

    /* U+0074 "t" */
    0x0, 0x0, 0x4f, 0xff, 0xfb, 0x0, 0x0, 0x0,
    0x0, 0x4, 0xff, 0xff, 0xb0, 0x0, 0x0, 0x0,
    0x0, 0x4f, 0xff, 0xfb, 0x0, 0x0, 0x0, 0x0,
    0x4, 0xff, 0xff, 0xb0, 0x0, 0x0, 0x0, 0x0,
    0x4f, 0xff, 0xfb, 0x0, 0x0, 0x0, 0x0, 0x4,
    0xff, 0xff, 0xb0, 0x0, 0x0, 0x0, 0x0, 0x4f,
    0xff, 0xfb, 0x0, 0x0, 0xa, 0xff, 0xff, 0xff,
    0xff, 0xff, 0xff, 0xfb, 0xaf, 0xff, 0xff, 0xff,
    0xff, 0xff, 0xff, 0xba, 0xff, 0xff, 0xff, 0xff,
    0xff, 0xff, 0xfb, 0xaf, 0xff, 0xff, 0xff, 0xff,
    0xff, 0xff, 0xb0, 0x0, 0x4, 0xff, 0xff, 0xb0,
    0x0, 0x0, 0x0, 0x0, 0x4f, 0xff, 0xfb, 0x0,
    0x0, 0x0, 0x0, 0x4, 0xff, 0xff, 0xb0, 0x0,
    0x0, 0x0, 0x0, 0x4f, 0xff, 0xfb, 0x0, 0x0,
    0x0, 0x0, 0x4, 0xff, 0xff, 0xb0, 0x0, 0x0,
    0x0, 0x0, 0x4f, 0xff, 0xfb, 0x0, 0x0, 0x0,
    0x0, 0x4, 0xff, 0xff, 0xb0, 0x0, 0x0, 0x0,
    0x0, 0x4f, 0xff, 0xfb, 0x0, 0x0, 0x0, 0x0,
    0x4, 0xff, 0xff, 0xb0, 0x0, 0x0, 0x0, 0x0,
    0x4f, 0xff, 0xfb, 0x0, 0x0, 0x0, 0x0, 0x4,
    0xff, 0xff, 0xb0, 0x0, 0x0, 0x0, 0x0, 0x4f,
    0xff, 0xfb, 0x0, 0x0, 0x0, 0x0, 0x4, 0xff,
    0xff, 0xb0, 0x0, 0x0, 0x0, 0x0, 0x4f, 0xff,
    0xfb, 0x0, 0x0, 0x0, 0x0, 0x3, 0xff, 0xff,
    0xd0, 0x0, 0x0, 0x0, 0x0, 0x2f, 0xff, 0xff,
    0x71, 0x0, 0x0, 0x0, 0x0, 0xef, 0xff, 0xff,
    0xff, 0xfb, 0x0, 0x0, 0x7, 0xff, 0xff, 0xff,
    0xff, 0xb0, 0x0, 0x0, 0x9, 0xff, 0xff, 0xff,
    0xfb, 0x0, 0x0, 0x0, 0x3, 0x9d, 0xff, 0xff,
    0xb0,

    /* U+0075 "u" */
    0x3f, 0xff, 0xfb, 0x0, 0x0, 0x0, 0x0, 0x0,
    0xe, 0xff, 0xff, 0x13, 0xff, 0xff, 0xb0, 0x0,
    0x0, 0x0, 0x0, 0x0, 0xef, 0xff, 0xf1, 0x3f,
    0xff, 0xfb, 0x0, 0x0, 0x0, 0x0, 0x0, 0xe,
    0xff, 0xff, 0x13, 0xff, 0xff, 0xb0, 0x0, 0x0,
    0x0, 0x0, 0x0, 0xef, 0xff, 0xf1, 0x3f, 0xff,
    0xfb, 0x0, 0x0, 0x0, 0x0, 0x0, 0xe, 0xff,
    0xff, 0x13, 0xff, 0xff, 0xb0, 0x0, 0x0, 0x0,
    0x0, 0x0, 0xef, 0xff, 0xf1, 0x3f, 0xff, 0xfb,
    0x0, 0x0, 0x0, 0x0, 0x0, 0xe, 0xff, 0xff,
    0x13, 0xff, 0xff, 0xb0, 0x0, 0x0, 0x0, 0x0,
    0x0, 0xef, 0xff, 0xf1, 0x3f, 0xff, 0xfb, 0x0,
    0x0, 0x0, 0x0, 0x0, 0xe, 0xff, 0xff, 0x13,
    0xff, 0xff, 0xb0, 0x0, 0x0, 0x0, 0x0, 0x0,
    0xef, 0xff, 0xf1, 0x3f, 0xff, 0xfb, 0x0, 0x0,
    0x0, 0x0, 0x0, 0xe, 0xff, 0xff, 0x13, 0xff,
    0xff, 0xb0, 0x0, 0x0, 0x0, 0x0, 0x0, 0xef,
    0xff, 0xf1, 0x3f, 0xff, 0xfb, 0x0, 0x0, 0x0,
    0x0, 0x0, 0xe, 0xff, 0xff, 0x13, 0xff, 0xff,
    0xb0, 0x0, 0x0, 0x0, 0x0, 0x0, 0xef, 0xff,
    0xf1, 0x3f, 0xff, 0xfb, 0x0, 0x0, 0x0, 0x0,
    0x0, 0xe, 0xff, 0xff, 0x12, 0xff, 0xff, 0xd0,
    0x0, 0x0, 0x0, 0x0, 0x0, 0xff, 0xff, 0xf1,
    0x1f, 0xff, 0xff, 0x0, 0x0, 0x0, 0x0, 0x0,
    0x4f, 0xff, 0xff, 0x10, 0xff, 0xff, 0xf6, 0x0,
    0x0, 0x0, 0x0, 0xb, 0xff, 0xff, 0xf1, 0xb,
    0xff, 0xff, 0xe2, 0x0, 0x0, 0x0, 0x8, 0xff,
    0xff, 0xff, 0x10, 0x5f, 0xff, 0xff, 0xe6, 0x10,
    0x0, 0x4b, 0xff, 0xff, 0xff, 0xf1, 0x0, 0xdf,
    0xff, 0xff, 0xff, 0xee, 0xff, 0xff, 0xfe, 0xff,
    0xff, 0x10, 0x2, 0xff, 0xff, 0xff, 0xff, 0xff,
    0xff, 0xf5, 0xcf, 0xff, 0xf1, 0x0, 0x3, 0xef,
    0xff, 0xff, 0xff, 0xff, 0xf6, 0xc, 0xff, 0xff,
    0x10, 0x0, 0x1, 0x8f, 0xff, 0xff, 0xff, 0xb3,
    0x0, 0xcf, 0xff, 0xf1, 0x0, 0x0, 0x0, 0x4,
    0x67, 0x75, 0x10, 0x0, 0x0, 0x0, 0x0, 0x0,

    /* U+0076 "v" */
    0x3f, 0xff, 0xff, 0x10, 0x0, 0x0, 0x0, 0x0,
    0x0, 0xb, 0xff, 0xff, 0x70, 0xdf, 0xff, 0xf6,
    0x0, 0x0, 0x0, 0x0, 0x0, 0x1, 0xff, 0xff,
    0xf1, 0x7, 0xff, 0xff, 0xc0, 0x0, 0x0, 0x0,
    0x0, 0x0, 0x7f, 0xff, 0xfb, 0x0, 0x1f, 0xff,
    0xff, 0x20, 0x0, 0x0, 0x0, 0x0, 0xd, 0xff,
    0xff, 0x40, 0x0, 0xaf, 0xff, 0xf8, 0x0, 0x0,
    0x0, 0x0, 0x3, 0xff, 0xff, 0xe0, 0x0, 0x4,
    0xff, 0xff, 0xe0, 0x0, 0x0, 0x0, 0x0, 0x9f,
    0xff, 0xf8, 0x0, 0x0, 0xe, 0xff, 0xff, 0x40,
    0x0, 0x0, 0x0, 0xe, 0xff, 0xff, 0x20, 0x0,
    0x0, 0x7f, 0xff, 0xfa, 0x0, 0x0, 0x0, 0x4,
    0xff, 0xff, 0xb0, 0x0, 0x0, 0x1, 0xff, 0xff,
    0xf1, 0x0, 0x0, 0x0, 0xaf, 0xff, 0xf5, 0x0,
    0x0, 0x0, 0xb, 0xff, 0xff, 0x60, 0x0, 0x0,
    0x1f, 0xff, 0xfe, 0x0, 0x0, 0x0, 0x0, 0x5f,
    0xff, 0xfc, 0x0, 0x0, 0x6, 0xff, 0xff, 0x80,
    0x0, 0x0, 0x0, 0x0, 0xef, 0xff, 0xf2, 0x0,
    0x0, 0xcf, 0xff, 0xf2, 0x0, 0x0, 0x0, 0x0,
    0x8, 0xff, 0xff, 0x80, 0x0, 0x2f, 0xff, 0xfc,
    0x0, 0x0, 0x0, 0x0, 0x0, 0x2f, 0xff, 0xfe,
    0x0, 0x8, 0xff, 0xff, 0x50, 0x0, 0x0, 0x0,
    0x0, 0x0, 0xbf, 0xff, 0xf3, 0x0, 0xdf, 0xff,
    0xf0, 0x0, 0x0, 0x0, 0x0, 0x0, 0x5, 0xff,
    0xff, 0x90, 0x3f, 0xff, 0xf9, 0x0, 0x0, 0x0,
    0x0, 0x0, 0x0, 0xe, 0xff, 0xfe, 0x8, 0xff,
    0xff, 0x30, 0x0, 0x0, 0x0, 0x0, 0x0, 0x0,
    0x9f, 0xff, 0xf4, 0xdf, 0xff, 0xc0, 0x0, 0x0,
    0x0, 0x0, 0x0, 0x0, 0x2, 0xff, 0xff, 0xcf,
    0xff, 0xf6, 0x0, 0x0, 0x0, 0x0, 0x0, 0x0,
    0x0, 0xc, 0xff, 0xff, 0xff, 0xff, 0x0, 0x0,
    0x0, 0x0, 0x0, 0x0, 0x0, 0x0, 0x6f, 0xff,
    0xff, 0xff, 0x90, 0x0, 0x0, 0x0, 0x0, 0x0,
    0x0, 0x0, 0x0, 0xff, 0xff, 0xff, 0xf3, 0x0,
    0x0, 0x0, 0x0, 0x0, 0x0, 0x0, 0x0, 0x9,
    0xff, 0xff, 0xfd, 0x0, 0x0, 0x0, 0x0, 0x0,
    0x0, 0x0, 0x0, 0x0, 0x3f, 0xff, 0xff, 0x60,
    0x0, 0x0, 0x0, 0x0,

    /* U+0077 "w" */
    0x4f, 0xff, 0xfe, 0x0, 0x0, 0x0, 0x0, 0x0,
    0xef, 0xff, 0xf1, 0x0, 0x0, 0x0, 0x0, 0xc,
    0xff, 0xff, 0x60, 0xef, 0xff, 0xf2, 0x0, 0x0,
    0x0, 0x0, 0x3f, 0xff, 0xff, 0x50, 0x0, 0x0,
    0x0, 0x1, 0xff, 0xff, 0xf1, 0xa, 0xff, 0xff,
    0x70, 0x0, 0x0, 0x0, 0x8, 0xff, 0xff, 0xfa,
    0x0, 0x0, 0x0, 0x0, 0x5f, 0xff, 0xfc, 0x0,
    0x5f, 0xff, 0xfc, 0x0, 0x0, 0x0, 0x0, 0xcf,
    0xff, 0xff, 0xe0, 0x0, 0x0, 0x0, 0xa, 0xff,
    0xff, 0x70, 0x0, 0xff, 0xff, 0xf0, 0x0, 0x0,
    0x0, 0x1f, 0xff, 0xff, 0xff, 0x30, 0x0, 0x0,
    0x0, 0xef, 0xff, 0xf2, 0x0, 0xa, 0xff, 0xff,
    0x50, 0x0, 0x0, 0x6, 0xff, 0xff, 0xff, 0xf8,
    0x0, 0x0, 0x0, 0x3f, 0xff, 0xfd, 0x0, 0x0,
    0x5f, 0xff, 0xf9, 0x0, 0x0, 0x0, 0xbf, 0xff,
    0xbf, 0xff, 0xc0, 0x0, 0x0, 0x8, 0xff, 0xff,
    0x80, 0x0, 0x1, 0xff, 0xff, 0xe0, 0x0, 0x0,
    0xf, 0xff, 0xf3, 0xff, 0xff, 0x10, 0x0, 0x0,
    0xdf, 0xff, 0xf3, 0x0, 0x0, 0xb, 0xff, 0xff,
    0x30, 0x0, 0x4, 0xff, 0xfe, 0xc, 0xff, 0xf6,
    0x0, 0x0, 0x1f, 0xff, 0xfd, 0x0, 0x0, 0x0,
    0x6f, 0xff, 0xf7, 0x0, 0x0, 0x9f, 0xff, 0xa0,
    0x8f, 0xff, 0xa0, 0x0, 0x6, 0xff, 0xff, 0x80,
    0x0, 0x0, 0x1, 0xff, 0xff, 0xc0, 0x0, 0xd,
    0xff, 0xf5, 0x3, 0xff, 0xfe, 0x0, 0x0, 0xaf,
    0xff, 0xf3, 0x0, 0x0, 0x0, 0xc, 0xff, 0xff,
    0x0, 0x1, 0xff, 0xff, 0x10, 0xe, 0xff, 0xf3,
    0x0, 0xf, 0xff, 0xfe, 0x0, 0x0, 0x0, 0x0,
    0x7f, 0xff, 0xf4, 0x0, 0x6f, 0xff, 0xc0, 0x0,
    0xaf, 0xff, 0x80, 0x3, 0xff, 0xff, 0x90, 0x0,
    0x0, 0x0, 0x2, 0xff, 0xff, 0x90, 0xa, 0xff,
    0xf8, 0x0, 0x6, 0xff, 0xfc, 0x0, 0x8f, 0xff,
    0xf4, 0x0, 0x0, 0x0, 0x0, 0xc, 0xff, 0xfd,
    0x0, 0xef, 0xff, 0x30, 0x0, 0x1f, 0xff, 0xf1,
    0xc, 0xff, 0xfe, 0x0, 0x0, 0x0, 0x0, 0x0,
    0x7f, 0xff, 0xf1, 0x3f, 0xff, 0xe0, 0x0, 0x0,
    0xcf, 0xff, 0x50, 0xff, 0xff, 0xa0, 0x0, 0x0,
    0x0, 0x0, 0x2, 0xff, 0xff, 0x57, 0xff, 0xf9,
    0x0, 0x0, 0x7, 0xff, 0xf9, 0x4f, 0xff, 0xf5,
    0x0, 0x0, 0x0, 0x0, 0x0, 0xd, 0xff, 0xf9,
    0xbf, 0xff, 0x40, 0x0, 0x0, 0x3f, 0xff, 0xd8,
    0xff, 0xff, 0x0, 0x0, 0x0, 0x0, 0x0, 0x0,
    0x8f, 0xff, 0xef, 0xff, 0xf0, 0x0, 0x0, 0x0,
    0xef, 0xff, 0xef, 0xff, 0xa0, 0x0, 0x0, 0x0,
    0x0, 0x0, 0x3, 0xff, 0xff, 0xff, 0xfa, 0x0,
    0x0, 0x0, 0x9, 0xff, 0xff, 0xff, 0xf5, 0x0,
    0x0, 0x0, 0x0, 0x0, 0x0, 0xe, 0xff, 0xff,
    0xff, 0x60, 0x0, 0x0, 0x0, 0x4f, 0xff, 0xff,
    0xff, 0x10, 0x0, 0x0, 0x0, 0x0, 0x0, 0x0,
    0x9f, 0xff, 0xff, 0xf1, 0x0, 0x0, 0x0, 0x0,
    0xff, 0xff, 0xff, 0xb0, 0x0, 0x0, 0x0, 0x0,
    0x0, 0x0, 0x3, 0xff, 0xff, 0xfc, 0x0, 0x0,
    0x0, 0x0, 0xa, 0xff, 0xff, 0xf6, 0x0, 0x0,
    0x0, 0x0, 0x0, 0x0, 0x0, 0xe, 0xff, 0xff,
    0x70, 0x0, 0x0, 0x0, 0x0, 0x6f, 0xff, 0xff,
    0x10, 0x0, 0x0, 0x0,

    /* U+0078 "x" */
    0x8, 0xff, 0xff, 0xf2, 0x0, 0x0, 0x0, 0x0,
    0x2, 0xff, 0xff, 0xf7, 0x0, 0xc, 0xff, 0xff,
    0xc0, 0x0, 0x0, 0x0, 0x0, 0xcf, 0xff, 0xfb,
    0x0, 0x0, 0x1e, 0xff, 0xff, 0x80, 0x0, 0x0,
    0x0, 0x7f, 0xff, 0xfe, 0x10, 0x0, 0x0, 0x5f,
    0xff, 0xff, 0x30, 0x0, 0x0, 0x3f, 0xff, 0xff,
    0x40, 0x0, 0x0, 0x0, 0x9f, 0xff, 0xfd, 0x0,
    0x0, 0xd, 0xff, 0xff, 0x80, 0x0, 0x0, 0x0,
    0x0, 0xdf, 0xff, 0xf8, 0x0, 0x9, 0xff, 0xff,
    0xc0, 0x0, 0x0, 0x0, 0x0, 0x2, 0xff, 0xff,
    0xf3, 0x3, 0xff, 0xff, 0xf2, 0x0, 0x0, 0x0,
    0x0, 0x0, 0x6, 0xff, 0xff, 0xd1, 0xdf, 0xff,
    0xf5, 0x0, 0x0, 0x0, 0x0, 0x0, 0x0, 0xb,
    0xff, 0xff, 0xdf, 0xff, 0xf9, 0x0, 0x0, 0x0,
    0x0, 0x0, 0x0, 0x0, 0x1e, 0xff, 0xff, 0xff,
    0xfd, 0x0, 0x0, 0x0, 0x0, 0x0, 0x0, 0x0,
    0x0, 0x3f, 0xff, 0xff, 0xff, 0x20, 0x0, 0x0,
    0x0, 0x0, 0x0, 0x0, 0x0, 0x0, 0x8f, 0xff,
    0xff, 0x70, 0x0, 0x0, 0x0, 0x0, 0x0, 0x0,
    0x0, 0x0, 0xd, 0xff, 0xff, 0xfd, 0x0, 0x0,
    0x0, 0x0, 0x0, 0x0, 0x0, 0x0, 0x9, 0xff,
    0xff, 0xff, 0xf9, 0x0, 0x0, 0x0, 0x0, 0x0,
    0x0, 0x0, 0x5, 0xff, 0xff, 0xff, 0xff, 0xf5,
    0x0, 0x0, 0x0, 0x0, 0x0, 0x0, 0x2, 0xff,
    0xff, 0xf7, 0xff, 0xff, 0xe1, 0x0, 0x0, 0x0,
    0x0, 0x0, 0x0, 0xdf, 0xff, 0xf7, 0x9, 0xff,
    0xff, 0xc0, 0x0, 0x0, 0x0, 0x0, 0x0, 0x9f,
    0xff, 0xfc, 0x0, 0xe, 0xff, 0xff, 0x80, 0x0,
    0x0, 0x0, 0x0, 0x5f, 0xff, 0xff, 0x20, 0x0,
    0x4f, 0xff, 0xff, 0x40, 0x0, 0x0, 0x0, 0x2f,
    0xff, 0xff, 0x60, 0x0, 0x0, 0x9f, 0xff, 0xfe,
    0x10, 0x0, 0x0, 0xc, 0xff, 0xff, 0xb0, 0x0,
    0x0, 0x0, 0xdf, 0xff, 0xfb, 0x0, 0x0, 0x9,
    0xff, 0xff, 0xe1, 0x0, 0x0, 0x0, 0x2, 0xff,
    0xff, 0xf6, 0x0, 0x5, 0xff, 0xff, 0xf4, 0x0,
    0x0, 0x0, 0x0, 0x7, 0xff, 0xff, 0xf3, 0x2,
    0xef, 0xff, 0xf8, 0x0, 0x0, 0x0, 0x0, 0x0,
    0xb, 0xff, 0xff, 0xd0,

    /* U+0079 "y" */
    0x3f, 0xff, 0xff, 0x10, 0x0, 0x0, 0x0, 0x0,
    0x0, 0xb, 0xff, 0xff, 0x70, 0xdf, 0xff, 0xf6,
    0x0, 0x0, 0x0, 0x0, 0x0, 0x1, 0xff, 0xff,
    0xf1, 0x7, 0xff, 0xff, 0xc0, 0x0, 0x0, 0x0,
    0x0, 0x0, 0x7f, 0xff, 0xfb, 0x0, 0x1f, 0xff,
    0xff, 0x20, 0x0, 0x0, 0x0, 0x0, 0xd, 0xff,
    0xff, 0x40, 0x0, 0xaf, 0xff, 0xf8, 0x0, 0x0,
    0x0, 0x0, 0x3, 0xff, 0xff, 0xe0, 0x0, 0x4,
    0xff, 0xff, 0xe0, 0x0, 0x0, 0x0, 0x0, 0x8f,
    0xff, 0xf8, 0x0, 0x0, 0xd, 0xff, 0xff, 0x40,
    0x0, 0x0, 0x0, 0xe, 0xff, 0xff, 0x20, 0x0,
    0x0, 0x7f, 0xff, 0xfa, 0x0, 0x0, 0x0, 0x4,
    0xff, 0xff, 0xb0, 0x0, 0x0, 0x1, 0xff, 0xff,
    0xf0, 0x0, 0x0, 0x0, 0xaf, 0xff, 0xf5, 0x0,
    0x0, 0x0, 0xa, 0xff, 0xff, 0x60, 0x0, 0x0,
    0xf, 0xff, 0xfe, 0x0, 0x0, 0x0, 0x0, 0x4f,
    0xff, 0xfc, 0x0, 0x0, 0x6, 0xff, 0xff, 0x80,
    0x0, 0x0, 0x0, 0x0, 0xef, 0xff, 0xf2, 0x0,
    0x0, 0xcf, 0xff, 0xf2, 0x0, 0x0, 0x0, 0x0,
    0x7, 0xff, 0xff, 0x70, 0x0, 0x1f, 0xff, 0xfc,
    0x0, 0x0, 0x0, 0x0, 0x0, 0x1f, 0xff, 0xfd,
    0x0, 0x7, 0xff, 0xff, 0x60, 0x0, 0x0, 0x0,
    0x0, 0x0, 0xbf, 0xff, 0xf3, 0x0, 0xdf, 0xff,
    0xf0, 0x0, 0x0, 0x0, 0x0, 0x0, 0x4, 0xff,
    0xff, 0x80, 0x2f, 0xff, 0xf9, 0x0, 0x0, 0x0,
    0x0, 0x0, 0x0, 0xe, 0xff, 0xfe, 0x8, 0xff,
    0xff, 0x30, 0x0, 0x0, 0x0, 0x0, 0x0, 0x0,
    0x8f, 0xff, 0xf3, 0xdf, 0xff, 0xc0, 0x0, 0x0,
    0x0, 0x0, 0x0, 0x0, 0x2, 0xff, 0xff, 0xcf,
    0xff, 0xf6, 0x0, 0x0, 0x0, 0x0, 0x0, 0x0,
    0x0, 0xb, 0xff, 0xff, 0xff, 0xff, 0x0, 0x0,
    0x0, 0x0, 0x0, 0x0, 0x0, 0x0, 0x5f, 0xff,
    0xff, 0xff, 0xa0, 0x0, 0x0, 0x0, 0x0, 0x0,
    0x0, 0x0, 0x0, 0xef, 0xff, 0xff, 0xf3, 0x0,
    0x0, 0x0, 0x0, 0x0, 0x0, 0x0, 0x0, 0x8,
    0xff, 0xff, 0xfd, 0x0, 0x0, 0x0, 0x0, 0x0,
    0x0, 0x0, 0x0, 0x0, 0x2f, 0xff, 0xff, 0x70,
    0x0, 0x0, 0x0, 0x0, 0x0, 0x0, 0x0, 0x0,
    0x0, 0xff, 0xff, 0xf1, 0x0, 0x0, 0x0, 0x0,
    0x0, 0x0, 0x0, 0x0, 0x0, 0x6f, 0xff, 0xfa,
    0x0, 0x0, 0x0, 0x0, 0x0, 0x0, 0x0, 0x0,
    0x0, 0xc, 0xff, 0xff, 0x40, 0x0, 0x0, 0x0,
    0x0, 0x0, 0x0, 0x0, 0x0, 0x3, 0xff, 0xff,
    0xd0, 0x0, 0x0, 0x0, 0x0, 0x0, 0x0, 0x0,
    0x0, 0x0, 0xbf, 0xff, 0xf7, 0x0, 0x0, 0x0,
    0x0, 0x0, 0x0, 0x0, 0x11, 0x13, 0xaf, 0xff,
    0xff, 0x10, 0x0, 0x0, 0x0, 0x0, 0x0, 0x0,
    0xe, 0xff, 0xff, 0xff, 0xff, 0x70, 0x0, 0x0,
    0x0, 0x0, 0x0, 0x0, 0x0, 0xef, 0xff, 0xff,
    0xff, 0xc0, 0x0, 0x0, 0x0, 0x0, 0x0, 0x0,
    0x0, 0xe, 0xff, 0xff, 0xff, 0xb0, 0x0, 0x0,
    0x0, 0x0, 0x0, 0x0, 0x0, 0x0, 0xef, 0xff,
    0xea, 0x40, 0x0, 0x0, 0x0, 0x0, 0x0, 0x0,
    0x0,

    /* U+007A "z" */
    0xcf, 0xff, 0xff, 0xff, 0xff, 0xff, 0xff, 0xff,
    0xff, 0xf5, 0xcf, 0xff, 0xff, 0xff, 0xff, 0xff,
    0xff, 0xff, 0xff, 0xf5, 0xcf, 0xff, 0xff, 0xff,
    0xff, 0xff, 0xff, 0xff, 0xff, 0xf5, 0xcf, 0xff,
    0xff, 0xff, 0xff, 0xff, 0xff, 0xff, 0xff, 0xf4,
    0x23, 0x33, 0x33, 0x33, 0x33, 0x33, 0x3e, 0xff,
    0xff, 0xa0, 0x0, 0x0, 0x0, 0x0, 0x0, 0x0,
    0xbf, 0xff, 0xfd, 0x0, 0x0, 0x0, 0x0, 0x0,
    0x0, 0x8, 0xff, 0xff, 0xe2, 0x0, 0x0, 0x0,
    0x0, 0x0, 0x0, 0x5f, 0xff, 0xff, 0x40, 0x0,
    0x0, 0x0, 0x0, 0x0, 0x2, 0xff, 0xff, 0xf7,
    0x0, 0x0, 0x0, 0x0, 0x0, 0x0, 0x1d, 0xff,
    0xff, 0xa0, 0x0, 0x0, 0x0, 0x0, 0x0, 0x0,
    0xbf, 0xff, 0xfd, 0x0, 0x0, 0x0, 0x0, 0x0,
    0x0, 0x8, 0xff, 0xff, 0xe2, 0x0, 0x0, 0x0,
    0x0, 0x0, 0x0, 0x5f, 0xff, 0xff, 0x40, 0x0,
    0x0, 0x0, 0x0, 0x0, 0x3, 0xff, 0xff, 0xf7,
    0x0, 0x0, 0x0, 0x0, 0x0, 0x0, 0x1e, 0xff,
    0xff, 0xa0, 0x0, 0x0, 0x0, 0x0, 0x0, 0x0,
    0xcf, 0xff, 0xfd, 0x0, 0x0, 0x0, 0x0, 0x0,
    0x0, 0x9, 0xff, 0xff, 0xe2, 0x0, 0x0, 0x0,
    0x0, 0x0, 0x0, 0x6f, 0xff, 0xff, 0x40, 0x0,
    0x0, 0x0, 0x0, 0x0, 0x3, 0xff, 0xff, 0xf7,
    0x0, 0x0, 0x0, 0x0, 0x0, 0x0, 0x1e, 0xff,
    0xff, 0xc3, 0x33, 0x33, 0x33, 0x33, 0x33, 0x31,
    0xaf, 0xff, 0xff, 0xff, 0xff, 0xff, 0xff, 0xff,
    0xff, 0xf7, 0xcf, 0xff, 0xff, 0xff, 0xff, 0xff,
    0xff, 0xff, 0xff, 0xf7, 0xcf, 0xff, 0xff, 0xff,
    0xff, 0xff, 0xff, 0xff, 0xff, 0xf7, 0xcf, 0xff,
    0xff, 0xff, 0xff, 0xff, 0xff, 0xff, 0xff, 0xf7,

    /* U+007B "{" */
    0x0, 0x0, 0x0, 0x0, 0x0, 0x38, 0xbe, 0xf9,
    0x0, 0x0, 0x0, 0x0, 0x3c, 0xff, 0xff, 0xf9,
    0x0, 0x0, 0x0, 0x4, 0xff, 0xff, 0xff, 0xf9,
    0x0, 0x0, 0x0, 0xe, 0xff, 0xff, 0xff, 0xf9,
    0x0, 0x0, 0x0, 0x7f, 0xff, 0xff, 0x93, 0x10,
    0x0, 0x0, 0x0, 0xbf, 0xff, 0xf8, 0x0, 0x0,
    0x0, 0x0, 0x0, 0xff, 0xff, 0xf0, 0x0, 0x0,
    0x0, 0x0, 0x1, 0xff, 0xff, 0xc0, 0x0, 0x0,
    0x0, 0x0, 0x2, 0xff, 0xff, 0xa0, 0x0, 0x0,
    0x0, 0x0, 0x2, 0xff, 0xff, 0xa0, 0x0, 0x0,
    0x0, 0x0, 0x2, 0xff, 0xff, 0xa0, 0x0, 0x0,
    0x0, 0x0, 0x2, 0xff, 0xff, 0xa0, 0x0, 0x0,
    0x0, 0x0, 0x2, 0xff, 0xff, 0xa0, 0x0, 0x0,
    0x0, 0x0, 0x2, 0xff, 0xff, 0xa0, 0x0, 0x0,
    0x0, 0x0, 0x3, 0xff, 0xff, 0xa0, 0x0, 0x0,
    0x0, 0x0, 0x4, 0xff, 0xff, 0xa0, 0x0, 0x0,
    0x0, 0x0, 0x7, 0xff, 0xff, 0x80, 0x0, 0x0,
    0x0, 0x0, 0x1e, 0xff, 0xff, 0x50, 0x0, 0x0,
    0x0, 0x15, 0xdf, 0xff, 0xfe, 0x0, 0x0, 0x0,
    0x5f, 0xff, 0xff, 0xff, 0xf6, 0x0, 0x0, 0x0,
    0x5f, 0xff, 0xff, 0xfe, 0x50, 0x0, 0x0, 0x0,
    0x5f, 0xff, 0xff, 0xc1, 0x0, 0x0, 0x0, 0x0,
    0x5f, 0xff, 0xff, 0xff, 0x60, 0x0, 0x0, 0x0,
    0x4e, 0xff, 0xff, 0xff, 0xf7, 0x0, 0x0, 0x0,
    0x0, 0x3, 0xcf, 0xff, 0xff, 0x0, 0x0, 0x0,
    0x0, 0x0, 0xd, 0xff, 0xff, 0x50, 0x0, 0x0,
    0x0, 0x0, 0x7, 0xff, 0xff, 0x80, 0x0, 0x0,
    0x0, 0x0, 0x4, 0xff, 0xff, 0xa0, 0x0, 0x0,
    0x0, 0x0, 0x3, 0xff, 0xff, 0xa0, 0x0, 0x0,
    0x0, 0x0, 0x2, 0xff, 0xff, 0xa0, 0x0, 0x0,
    0x0, 0x0, 0x2, 0xff, 0xff, 0xa0, 0x0, 0x0,
    0x0, 0x0, 0x2, 0xff, 0xff, 0xa0, 0x0, 0x0,
    0x0, 0x0, 0x2, 0xff, 0xff, 0xa0, 0x0, 0x0,
    0x0, 0x0, 0x2, 0xff, 0xff, 0xa0, 0x0, 0x0,
    0x0, 0x0, 0x2, 0xff, 0xff, 0xa0, 0x0, 0x0,
    0x0, 0x0, 0x1, 0xff, 0xff, 0xc0, 0x0, 0x0,
    0x0, 0x0, 0x0, 0xff, 0xff, 0xf0, 0x0, 0x0,
    0x0, 0x0, 0x0, 0xbf, 0xff, 0xf8, 0x0, 0x0,
    0x0, 0x0, 0x0, 0x6f, 0xff, 0xff, 0xa4, 0x10,
    0x0, 0x0, 0x0, 0xe, 0xff, 0xff, 0xff, 0xf9,
    0x0, 0x0, 0x0, 0x4, 0xff, 0xff, 0xff, 0xf9,
    0x0, 0x0, 0x0, 0x0, 0x3d, 0xff, 0xff, 0xf9,
    0x0, 0x0, 0x0, 0x0, 0x0, 0x38, 0xbe, 0xf9,

    /* U+007C "|" */
    0x58, 0x88, 0x5b, 0xff, 0xfb, 0xbf, 0xff, 0xbb,
    0xff, 0xfb, 0xbf, 0xff, 0xbb, 0xff, 0xfb, 0xbf,
    0xff, 0xbb, 0xff, 0xfb, 0xbf, 0xff, 0xbb, 0xff,
    0xfb, 0xbf, 0xff, 0xbb, 0xff, 0xfb, 0xbf, 0xff,
    0xbb, 0xff, 0xfb, 0xbf, 0xff, 0xbb, 0xff, 0xfb,
    0xbf, 0xff, 0xbb, 0xff, 0xfb, 0xbf, 0xff, 0xbb,
    0xff, 0xfb, 0xbf, 0xff, 0xbb, 0xff, 0xfb, 0xbf,
    0xff, 0xbb, 0xff, 0xfb, 0xbf, 0xff, 0xbb, 0xff,
    0xfb, 0xbf, 0xff, 0xbb, 0xff, 0xfb, 0xbf, 0xff,
    0xbb, 0xff, 0xfb, 0xbf, 0xff, 0xbb, 0xff, 0xfb,
    0xbf, 0xff, 0xbb, 0xff, 0xfb, 0xbf, 0xff, 0xbb,
    0xff, 0xfb, 0xbf, 0xff, 0xbb, 0xff, 0xfb, 0xbf,
    0xff, 0xbb, 0xff, 0xfb, 0xbf, 0xff, 0xbb, 0xff,
    0xfb, 0xbf, 0xff, 0xbb, 0xff, 0xfb, 0xbf, 0xff,
    0xbb, 0xff, 0xfb, 0xbf, 0xff, 0xbb, 0xff, 0xfb,
    0xbf, 0xff, 0xbb, 0xff, 0xfb, 0xbf, 0xff, 0xbb,
    0xff, 0xfb, 0xbf, 0xff, 0xbb, 0xff, 0xfb, 0xbf,
    0xff, 0xbb, 0xff, 0xfb, 0xbf, 0xff, 0xb0,

    /* U+007D "}" */
    0x3f, 0xec, 0x95, 0x0, 0x0, 0x0, 0x0, 0x0,
    0x3f, 0xff, 0xff, 0xf6, 0x0, 0x0, 0x0, 0x0,
    0x3f, 0xff, 0xff, 0xff, 0x90, 0x0, 0x0, 0x0,
    0x3f, 0xff, 0xff, 0xff, 0xf5, 0x0, 0x0, 0x0,
    0x0, 0x26, 0xef, 0xff, 0xfc, 0x0, 0x0, 0x0,
    0x0, 0x0, 0x2f, 0xff, 0xff, 0x10, 0x0, 0x0,
    0x0, 0x0, 0xa, 0xff, 0xff, 0x40, 0x0, 0x0,
    0x0, 0x0, 0x6, 0xff, 0xff, 0x60, 0x0, 0x0,
    0x0, 0x0, 0x4, 0xff, 0xff, 0x70, 0x0, 0x0,
    0x0, 0x0, 0x4, 0xff, 0xff, 0x80, 0x0, 0x0,
    0x0, 0x0, 0x4, 0xff, 0xff, 0x80, 0x0, 0x0,
    0x0, 0x0, 0x4, 0xff, 0xff, 0x80, 0x0, 0x0,
    0x0, 0x0, 0x4, 0xff, 0xff, 0x80, 0x0, 0x0,
    0x0, 0x0, 0x4, 0xff, 0xff, 0x80, 0x0, 0x0,
    0x0, 0x0, 0x4, 0xff, 0xff, 0x80, 0x0, 0x0,
    0x0, 0x0, 0x4, 0xff, 0xff, 0xa0, 0x0, 0x0,
    0x0, 0x0, 0x2, 0xff, 0xff, 0xd0, 0x0, 0x0,
    0x0, 0x0, 0x0, 0xef, 0xff, 0xf6, 0x0, 0x0,
    0x0, 0x0, 0x0, 0x9f, 0xff, 0xff, 0x93, 0x0,
    0x0, 0x0, 0x0, 0x1e, 0xff, 0xff, 0xff, 0xfa,
    0x0, 0x0, 0x0, 0x1, 0xaf, 0xff, 0xff, 0xfa,
    0x0, 0x0, 0x0, 0x0, 0x8, 0xff, 0xff, 0xfa,
    0x0, 0x0, 0x0, 0x3, 0xef, 0xff, 0xff, 0xfa,
    0x0, 0x0, 0x0, 0x2f, 0xff, 0xff, 0xff, 0xc7,
    0x0, 0x0, 0x0, 0xaf, 0xff, 0xfe, 0x50, 0x0,
    0x0, 0x0, 0x0, 0xff, 0xff, 0xf3, 0x0, 0x0,
    0x0, 0x0, 0x2, 0xff, 0xff, 0xd0, 0x0, 0x0,
    0x0, 0x0, 0x4, 0xff, 0xff, 0x90, 0x0, 0x0,
    0x0, 0x0, 0x4, 0xff, 0xff, 0x80, 0x0, 0x0,
    0x0, 0x0, 0x4, 0xff, 0xff, 0x80, 0x0, 0x0,
    0x0, 0x0, 0x4, 0xff, 0xff, 0x80, 0x0, 0x0,
    0x0, 0x0, 0x4, 0xff, 0xff, 0x80, 0x0, 0x0,
    0x0, 0x0, 0x4, 0xff, 0xff, 0x80, 0x0, 0x0,
    0x0, 0x0, 0x4, 0xff, 0xff, 0x80, 0x0, 0x0,
    0x0, 0x0, 0x4, 0xff, 0xff, 0x70, 0x0, 0x0,
    0x0, 0x0, 0x6, 0xff, 0xff, 0x60, 0x0, 0x0,
    0x0, 0x0, 0xa, 0xff, 0xff, 0x40, 0x0, 0x0,
    0x0, 0x0, 0x2f, 0xff, 0xff, 0x10, 0x0, 0x0,
    0x0, 0x27, 0xef, 0xff, 0xfc, 0x0, 0x0, 0x0,
    0x3f, 0xff, 0xff, 0xff, 0xf4, 0x0, 0x0, 0x0,
    0x3f, 0xff, 0xff, 0xff, 0x90, 0x0, 0x0, 0x0,
    0x3f, 0xff, 0xff, 0xf6, 0x0, 0x0, 0x0, 0x0,
    0x3f, 0xec, 0x95, 0x0, 0x0, 0x0, 0x0, 0x0,

    /* U+007E "~" */
    0x0, 0x0, 0x1, 0x44, 0x20, 0x0, 0x0, 0x0,
    0x0, 0x0, 0x0, 0x0, 0x0, 0x0, 0x5c, 0xff,
    0xff, 0xd7, 0x0, 0x0, 0x0, 0x0, 0x6, 0x77,
    0x72, 0x0, 0x9f, 0xff, 0xff, 0xff, 0xfd, 0x20,
    0x0, 0x0, 0x0, 0xff, 0xff, 0x60, 0x6f, 0xff,
    0xff, 0xff, 0xff, 0xff, 0x40, 0x0, 0x0, 0x2f,
    0xff, 0xf4, 0xf, 0xff, 0xff, 0xff, 0xff, 0xff,
    0xff, 0x70, 0x0, 0x9, 0xff, 0xff, 0x26, 0xff,
    0xff, 0xc3, 0x3, 0xbf, 0xff, 0xff, 0xc6, 0x5b,
    0xff, 0xff, 0xd0, 0xaf, 0xff, 0xe0, 0x0, 0x0,
    0x8f, 0xff, 0xff, 0xff, 0xff, 0xff, 0xf6, 0xc,
    0xff, 0xf9, 0x0, 0x0, 0x0, 0x5f, 0xff, 0xff,
    0xff, 0xff, 0xfb, 0x0, 0xdf, 0xff, 0x70, 0x0,
    0x0, 0x0, 0x2c, 0xff, 0xff, 0xff, 0xfa, 0x0,
    0x1, 0x22, 0x20, 0x0, 0x0, 0x0, 0x0, 0x5,
    0xbe, 0xfe, 0xa4, 0x0, 0x0
};


/*---------------------
 *  GLYPH DESCRIPTION
 *--------------------*/

static const lv_font_fmt_txt_glyph_dsc_t glyph_dsc[] = {
    {.bitmap_index = 0, .adv_w = 0, .box_w = 0, .box_h = 0, .ofs_x = 0, .ofs_y = 0} /* id = 0 reserved */,
    {.bitmap_index = 0, .adv_w = 183, .box_w = 0, .box_h = 0, .ofs_x = 0, .ofs_y = 0},
    {.bitmap_index = 0, .adv_w = 176, .box_w = 7, .box_h = 35, .ofs_x = 2, .ofs_y = -1},
    {.bitmap_index = 123, .adv_w = 327, .box_w = 14, .box_h = 13, .ofs_x = 3, .ofs_y = 21},
    {.bitmap_index = 214, .adv_w = 467, .box_w = 30, .box_h = 34, .ofs_x = 0, .ofs_y = 0},
    {.bitmap_index = 724, .adv_w = 482, .box_w = 28, .box_h = 45, .ofs_x = 1, .ofs_y = -5},
    {.bitmap_index = 1354, .adv_w = 672, .box_w = 36, .box_h = 35, .ofs_x = 3, .ofs_y = -1},
    {.bitmap_index = 1984, .adv_w = 477, .box_w = 29, .box_h = 35, .ofs_x = 1, .ofs_y = -1},
    {.bitmap_index = 2492, .adv_w = 200, .box_w = 6, .box_h = 13, .ofs_x = 3, .ofs_y = 21},
    {.bitmap_index = 2531, .adv_w = 238, .box_w = 11, .box_h = 44, .ofs_x = 3, .ofs_y = -7},
    {.bitmap_index = 2773, .adv_w = 238, .box_w = 11, .box_h = 44, .ofs_x = 1, .ofs_y = -7},
    {.bitmap_index = 3015, .adv_w = 377, .box_w = 20, .box_h = 20, .ofs_x = 2, .ofs_y = 14},
    {.bitmap_index = 3215, .adv_w = 489, .box_w = 24, .box_h = 23, .ofs_x = 3, .ofs_y = 1},
    {.bitmap_index = 3491, .adv_w = 175, .box_w = 8, .box_h = 12, .ofs_x = 1, .ofs_y = -7},
    {.bitmap_index = 3539, .adv_w = 333, .box_w = 17, .box_h = 5, .ofs_x = 2, .ofs_y = 12},
    {.bitmap_index = 3582, .adv_w = 175, .box_w = 7, .box_h = 7, .ofs_x = 2, .ofs_y = -1},
    {.bitmap_index = 3607, .adv_w = 260, .box_w = 16, .box_h = 42, .ofs_x = 0, .ofs_y = -5},
    {.bitmap_index = 3943, .adv_w = 480, .box_w = 28, .box_h = 35, .ofs_x = 1, .ofs_y = -1},
    {.bitmap_index = 4433, .adv_w = 285, .box_w = 14, .box_h = 34, .ofs_x = 1, .ofs_y = 0},
    {.bitmap_index = 4671, .adv_w = 441, .box_w = 25, .box_h = 34, .ofs_x = 1, .ofs_y = 0},
    {.bitmap_index = 5096, .adv_w = 465, .box_w = 26, .box_h = 35, .ofs_x = 2, .ofs_y = -1},
    {.bitmap_index = 5551, .adv_w = 485, .box_w = 28, .box_h = 34, .ofs_x = 1, .ofs_y = 0},
    {.bitmap_index = 6027, .adv_w = 449, .box_w = 26, .box_h = 35, .ofs_x = 1, .ofs_y = -1},
    {.bitmap_index = 6482, .adv_w = 457, .box_w = 26, .box_h = 35, .ofs_x = 1, .ofs_y = -1},
    {.bitmap_index = 6937, .adv_w = 405, .box_w = 24, .box_h = 34, .ofs_x = 1, .ofs_y = 0},
    {.bitmap_index = 7345, .adv_w = 455, .box_w = 26, .box_h = 35, .ofs_x = 1, .ofs_y = -1},
    {.bitmap_index = 7800, .adv_w = 457, .box_w = 26, .box_h = 35, .ofs_x = 1, .ofs_y = -1},
    {.bitmap_index = 8255, .adv_w = 175, .box_w = 7, .box_h = 25, .ofs_x = 2, .ofs_y = -1},
    {.bitmap_index = 8343, .adv_w = 177, .box_w = 8, .box_h = 31, .ofs_x = 1, .ofs_y = -7},
    {.bitmap_index = 8467, .adv_w = 489, .box_w = 24, .box_h = 27, .ofs_x = 3, .ofs_y = 0},
    {.bitmap_index = 8791, .adv_w = 489, .box_w = 23, .box_h = 15, .ofs_x = 4, .ofs_y = 6},
    {.bitmap_index = 8964, .adv_w = 489, .box_w = 24, .box_h = 27, .ofs_x = 4, .ofs_y = 0},
    {.bitmap_index = 9288, .adv_w = 414, .box_w = 23, .box_h = 35, .ofs_x = 1, .ofs_y = -1},
    {.bitmap_index = 9691, .adv_w = 756, .box_w = 45, .box_h = 44, .ofs_x = 1, .ofs_y = -10},
    {.bitmap_index = 10681, .adv_w = 517, .box_w = 32, .box_h = 34, .ofs_x = 0, .ofs_y = 0},
    {.bitmap_index = 11225, .adv_w = 492, .box_w = 27, .box_h = 34, .ofs_x = 3, .ofs_y = 0},
    {.bitmap_index = 11684, .adv_w = 556, .box_w = 32, .box_h = 35, .ofs_x = 1, .ofs_y = -1},
    {.bitmap_index = 12244, .adv_w = 533, .box_w = 29, .box_h = 34, .ofs_x = 3, .ofs_y = 0},
    {.bitmap_index = 12737, .adv_w = 452, .box_w = 24, .box_h = 34, .ofs_x = 3, .ofs_y = 0},
    {.bitmap_index = 13145, .adv_w = 433, .box_w = 23, .box_h = 34, .ofs_x = 3, .ofs_y = 0},
    {.bitmap_index = 13536, .adv_w = 563, .box_w = 33, .box_h = 35, .ofs_x = 1, .ofs_y = -1},
    {.bitmap_index = 14114, .adv_w = 546, .box_w = 28, .box_h = 34, .ofs_x = 3, .ofs_y = 0},
    {.bitmap_index = 14590, .adv_w = 185, .box_w = 6, .box_h = 34, .ofs_x = 3, .ofs_y = 0},
    {.bitmap_index = 14692, .adv_w = 418, .box_w = 23, .box_h = 35, .ofs_x = 1, .ofs_y = -1},
    {.bitmap_index = 15095, .adv_w = 500, .box_w = 28, .box_h = 34, .ofs_x = 3, .ofs_y = 0},
    {.bitmap_index = 15571, .adv_w = 417, .box_w = 22, .box_h = 34, .ofs_x = 3, .ofs_y = 0},
    {.bitmap_index = 15945, .adv_w = 668, .box_w = 36, .box_h = 34, .ofs_x = 3, .ofs_y = 0},
    {.bitmap_index = 16557, .adv_w = 549, .box_w = 29, .box_h = 34, .ofs_x = 3, .ofs_y = 0},
    {.bitmap_index = 17050, .adv_w = 575, .box_w = 34, .box_h = 35, .ofs_x = 1, .ofs_y = -1},
    {.bitmap_index = 17645, .adv_w = 475, .box_w = 26, .box_h = 34, .ofs_x = 3, .ofs_y = 0},
    {.bitmap_index = 18087, .adv_w = 575, .box_w = 34, .box_h = 37, .ofs_x = 1, .ofs_y = -3},
    {.bitmap_index = 18716, .adv_w = 490, .box_w = 27, .box_h = 34, .ofs_x = 3, .ofs_y = 0},
    {.bitmap_index = 19175, .adv_w = 482, .box_w = 28, .box_h = 35, .ofs_x = 1, .ofs_y = -1},
    {.bitmap_index = 19665, .adv_w = 475, .box_w = 28, .box_h = 34, .ofs_x = 1, .ofs_y = 0},
    {.bitmap_index = 20141, .adv_w = 540, .box_w = 28, .box_h = 35, .ofs_x = 3, .ofs_y = -1},
    {.bitmap_index = 20631, .adv_w = 515, .box_w = 32, .box_h = 34, .ofs_x = 0, .ofs_y = 0},
    {.bitmap_index = 21175, .adv_w = 741, .box_w = 46, .box_h = 34, .ofs_x = 0, .ofs_y = 0},
    {.bitmap_index = 21957, .adv_w = 509, .box_w = 32, .box_h = 34, .ofs_x = 0, .ofs_y = 0},
    {.bitmap_index = 22501, .adv_w = 506, .box_w = 32, .box_h = 34, .ofs_x = 0, .ofs_y = 0},
    {.bitmap_index = 23045, .adv_w = 476, .box_w = 28, .box_h = 34, .ofs_x = 1, .ofs_y = 0},
    {.bitmap_index = 23521, .adv_w = 238, .box_w = 11, .box_h = 44, .ofs_x = 3, .ofs_y = -7},
    {.bitmap_index = 23763, .adv_w = 260, .box_w = 16, .box_h = 42, .ofs_x = 0, .ofs_y = -5},
    {.bitmap_index = 24099, .adv_w = 238, .box_w = 11, .box_h = 44, .ofs_x = 1, .ofs_y = -7},
    {.bitmap_index = 24341, .adv_w = 342, .box_w = 20, .box_h = 15, .ofs_x = 1, .ofs_y = 19},
    {.bitmap_index = 24491, .adv_w = 354, .box_w = 23, .box_h = 5, .ofs_x = 0, .ofs_y = -4},
    {.bitmap_index = 24549, .adv_w = 199, .box_w = 10, .box_h = 8, .ofs_x = 1, .ofs_y = 28},
    {.bitmap_index = 24589, .adv_w = 407, .box_w = 22, .box_h = 26, .ofs_x = 1, .ofs_y = -1},
    {.bitmap_index = 24875, .adv_w = 443, .box_w = 25, .box_h = 35, .ofs_x = 2, .ofs_y = -1},
    {.bitmap_index = 25313, .adv_w = 410, .box_w = 24, .box_h = 26, .ofs_x = 1, .ofs_y = -1},
    {.bitmap_index = 25625, .adv_w = 443, .box_w = 24, .box_h = 35, .ofs_x = 1, .ofs_y = -1},
    {.bitmap_index = 26045, .adv_w = 418, .box_w = 24, .box_h = 26, .ofs_x = 1, .ofs_y = -1},
    {.bitmap_index = 26357, .adv_w = 252, .box_w = 15, .box_h = 34, .ofs_x = 0, .ofs_y = 0},
    {.bitmap_index = 26612, .adv_w = 443, .box_w = 24, .box_h = 35, .ofs_x = 1, .ofs_y = -10},
    {.bitmap_index = 27032, .adv_w = 430, .box_w = 23, .box_h = 34, .ofs_x = 2, .ofs_y = 0},
    {.bitmap_index = 27423, .adv_w = 168, .box_w = 7, .box_h = 34, .ofs_x = 2, .ofs_y = 0},
    {.bitmap_index = 27542, .adv_w = 168, .box_w = 11, .box_h = 44, .ofs_x = -2, .ofs_y = -10},
    {.bitmap_index = 27784, .adv_w = 401, .box_w = 24, .box_h = 34, .ofs_x = 2, .ofs_y = 0},
    {.bitmap_index = 28192, .adv_w = 168, .box_w = 6, .box_h = 34, .ofs_x = 2, .ofs_y = 0},
    {.bitmap_index = 28294, .adv_w = 656, .box_w = 37, .box_h = 25, .ofs_x = 2, .ofs_y = 0},
    {.bitmap_index = 28757, .adv_w = 430, .box_w = 23, .box_h = 25, .ofs_x = 2, .ofs_y = 0},
    {.bitmap_index = 29045, .adv_w = 430, .box_w = 25, .box_h = 26, .ofs_x = 1, .ofs_y = -1},
    {.bitmap_index = 29370, .adv_w = 443, .box_w = 25, .box_h = 35, .ofs_x = 2, .ofs_y = -10},
    {.bitmap_index = 29808, .adv_w = 443, .box_w = 24, .box_h = 35, .ofs_x = 1, .ofs_y = -10},
    {.bitmap_index = 30228, .adv_w = 261, .box_w = 14, .box_h = 25, .ofs_x = 2, .ofs_y = 0},
    {.bitmap_index = 30403, .adv_w = 376, .box_w = 21, .box_h = 26, .ofs_x = 1, .ofs_y = -1},
    {.bitmap_index = 30676, .adv_w = 254, .box_w = 15, .box_h = 31, .ofs_x = 0, .ofs_y = 0},
    {.bitmap_index = 30909, .adv_w = 430, .box_w = 23, .box_h = 25, .ofs_x = 2, .ofs_y = -1},
    {.bitmap_index = 31197, .adv_w = 404, .box_w = 25, .box_h = 24, .ofs_x = 0, .ofs_y = 0},
    {.bitmap_index = 31497, .adv_w = 594, .box_w = 37, .box_h = 24, .ofs_x = 0, .ofs_y = 0},
    {.bitmap_index = 31941, .adv_w = 397, .box_w = 25, .box_h = 24, .ofs_x = 0, .ofs_y = 0},
    {.bitmap_index = 32241, .adv_w = 404, .box_w = 25, .box_h = 34, .ofs_x = 0, .ofs_y = -10},
    {.bitmap_index = 32666, .adv_w = 379, .box_w = 20, .box_h = 24, .ofs_x = 2, .ofs_y = 0},
    {.bitmap_index = 32906, .adv_w = 309, .box_w = 16, .box_h = 43, .ofs_x = 2, .ofs_y = -7},
    {.bitmap_index = 33250, .adv_w = 240, .box_w = 5, .box_h = 57, .ofs_x = 5, .ofs_y = -11},
    {.bitmap_index = 33393, .adv_w = 309, .box_w = 16, .box_h = 43, .ofs_x = 1, .ofs_y = -7},
    {.bitmap_index = 33737, .adv_w = 489, .box_w = 25, .box_h = 10, .ofs_x = 3, .ofs_y = 9}
};

/*---------------------
 *  CHARACTER MAPPING
 *--------------------*/



/*Collect the unicode lists and glyph_id offsets*/
static const lv_font_fmt_txt_cmap_t cmaps[] =
{
    {
        .range_start = 32, .range_length = 95, .glyph_id_start = 1,
        .unicode_list = NULL, .glyph_id_ofs_list = NULL, .list_length = 0, .type = LV_FONT_FMT_TXT_CMAP_FORMAT0_TINY
    }
};



/*--------------------
 *  ALL CUSTOM DATA
 *--------------------*/

#if LVGL_VERSION_MAJOR == 8
/*Store all the custom data of the font*/
static  lv_font_fmt_txt_glyph_cache_t cache;
#endif

#if LVGL_VERSION_MAJOR >= 8
static const lv_font_fmt_txt_dsc_t font_dsc = {
#else
static lv_font_fmt_txt_dsc_t font_dsc = {
#endif
    .glyph_bitmap = glyph_bitmap,
    .glyph_dsc = glyph_dsc,
    .cmaps = cmaps,
    .kern_dsc = NULL,
    .kern_scale = 0,
    .cmap_num = 1,
    .bpp = 4,
    .kern_classes = 0,
    .bitmap_format = 0,
#if LVGL_VERSION_MAJOR == 8
    .cache = &cache
#endif
};



/*-----------------
 *  PUBLIC FONT
 *----------------*/

/*Initialize a public general font descriptor*/
#if LVGL_VERSION_MAJOR >= 8
const lv_font_t lv_font_inter_48 = {
#else
lv_font_t lv_font_inter_48 = {
#endif
    .get_glyph_dsc = lv_font_get_glyph_dsc_fmt_txt,    /*Function pointer to get glyph's data*/
    .get_glyph_bitmap = lv_font_get_bitmap_fmt_txt,    /*Function pointer to get glyph's bitmap*/
    .line_height = 57,          /*The maximum line height required by the font*/
    .base_line = 11,             /*Baseline measured from the bottom of the line*/
#if !(LVGL_VERSION_MAJOR == 6 && LVGL_VERSION_MINOR == 0)
    .subpx = LV_FONT_SUBPX_NONE,
#endif
#if LV_VERSION_CHECK(7, 4, 0) || LVGL_VERSION_MAJOR >= 8
    .underline_position = -4,
    .underline_thickness = 4,
#endif
    .dsc = &font_dsc,          /*The custom font data. Will be accessed by `get_glyph_bitmap/dsc` */
#if LV_VERSION_CHECK(8, 2, 0) || LVGL_VERSION_MAJOR >= 9
    .fallback = NULL,
#endif
    .user_data = NULL,
};



#endif /*#if LV_FONT_INTER_48*/

